사고번호,사고일시,요일,시군구,사고내용,사망자수,중상자수,경상자수,부상신고자수,사고유형,법규위반,노면상태,기상상태,도로형태,가해운전자 차종,가해운전자 성별,가해운전자 연령,가해운전자 상해정도,피해운전자 차종,피해운전자 성별,피해운전자 연령,피해운전자 상해정도
2018011300100510,2018년 1월 13일 21시,토요일,충청남도 서산시 대산읍,중상사고,0,1,0,0,차대차 - 추돌,안전운전불이행,건조,맑음,교차로 - 교차로부근,승합,남,55세,상해없음,승용,남,41세,중상
2018011300100555,2018년 1월 13일 23시,토요일,충청남도 천안시 서북구 두정동,중상사고,0,1,2,0,차대차 - 기타,안전운전불이행,건조,맑음,단일로 - 기타,승용,남,31세,상해없음,승용,남,26세,경상
2018011400100036,2018년 1월 14일 01시,일요일,충청남도 당진시 읍내리,중상사고,0,1,0,0,차대사람 - 길가장자리구역통행중,안전운전불이행,건조,맑음,단일로 - 기타,승용,남,18세,상해없음,보행자,여,23세,중상
2018011400100100,2018년 1월 14일 05시,일요일,충청남도 아산시 도고면,사망사고,1,0,0,0,차대사람 - 길가장자리구역통행중,안전운전불이행,젖음/습기,맑음,단일로 - 기타,농기계,남,70세,상해없음,보행자,여,76세,사망
2018011400100133,2018년 1월 14일 09시,일요일,충청남도 공주시 이인면,중상사고,0,1,1,0,차대차 - 기타,안전운전불이행,젖음/습기,맑음,단일로 - 기타,화물,남,57세,중상,이륜,남,58세,경상
2018011400100134,2018년 1월 14일 09시,일요일,충청남도 공주시 정안면,중상사고,0,1,0,0,차대사람 - 기타,안전운전불이행,건조,맑음,단일로 - 기타,승합,남,52세,상해없음,보행자,여,54세,중상
2018011400100179,2018년 1월 14일 12시,일요일,충청남도 홍성군 서부면,중상사고,0,1,0,0,차량단독 - 도로외이탈 - 추락,안전운전불이행,서리/결빙,맑음,교차로 - 교차로안,화물,남,43세,상해없음,,,,
2018011400100208,2018년 1월 14일 13시,일요일,충청남도 서산시 대산읍,사망사고,1,3,0,0,차대차 - 추돌,안전운전불이행,건조,맑음,단일로 - 기타,승용,여,44세,상해없음,승용,남,76세,중상
2018011400100227,2018년 1월 14일 14시,일요일,충청남도 논산시 반월동,중상사고,0,1,1,0,차대차 - 추돌,안전운전불이행,건조,맑음,교차로 - 교차로부근,승용,남,59세,상해없음,승용,남,45세,경상
2018011400100228,2018년 1월 14일 14시,일요일,충청남도 아산시 영인면,경상사고,0,0,1,0,차대차 - 측면충돌,안전운전불이행,젖음/습기,맑음,교차로 - 교차로부근,승용,남,53세,상해없음,농기계,남,68세,경상
2018011400100229,2018년 1월 14일 14시,일요일,충청남도 천안시 동남구 광덕면,경상사고,0,0,4,0,차대차 - 추돌,안전운전불이행,건조,맑음,단일로 - 기타,승용,여,39세,상해없음,승용,남,31세,상해없음
2018011400100230,2018년 1월 14일 14시,일요일,충청남도 논산시 가야곡면,경상사고,0,0,6,0,차대차 - 측면충돌,안전운전불이행,건조,맑음,단일로 - 기타,승용,남,34세,상해없음,승용,남,38세,경상
2018011400100252,2018년 1월 14일 15시,일요일,충청남도 공주시 우성면,중상사고,0,2,2,0,차대차 - 추돌,안전운전불이행,건조,맑음,단일로 - 기타,승합,남,49세,상해없음,화물,남,62세,중상
2018011400100263,2018년 1월 14일 16시,일요일,충청남도 천안시 서북구 성정동,경상사고,0,0,2,0,차대차 - 추돌,안전운전불이행,건조,맑음,교차로 - 교차로부근,승용,남,55세,상해없음,승용,남,52세,경상
2018011400100264,2018년 1월 14일 16시,일요일,충청남도 천안시 서북구 쌍용동,중상사고,0,1,0,0,차대차 - 측면충돌,교차로운행방법위반,건조,맑음,교차로 - 교차로안,승용,남,62세,상해없음,이륜,남,45세,중상
2018011400100352,2018년 1월 14일 19시,일요일,충청남도 서산시 수석동,경상사고,0,0,1,0,차대차 - 측면충돌,신호위반,건조,맑음,교차로 - 교차로안,승용,남,36세,상해없음,승용,남,46세,경상
2018011400100391,2018년 1월 14일 20시,일요일,충청남도 천안시 서북구 성정동,경상사고,0,0,2,0,차대차 - 정면충돌,신호위반,건조,맑음,교차로 - 교차로안,이륜,남,30세,경상,승용,여,45세,경상
2018011400100392,2018년 1월 14일 20시,일요일,충청남도 천안시 서북구 쌍용동,경상사고,0,0,1,0,차대차 - 기타,안전거리미확보,건조,맑음,교차로 - 교차로부근,승용,남,23세,상해없음,승합,남,53세,경상
2018011400100393,2018년 1월 14일 20시,일요일,충청남도 아산시 둔포면,사망사고,1,0,0,0,차대차 - 정면충돌,신호위반,건조,맑음,교차로 - 교차로안,승합,남,51세,상해없음,이륜,남,43세,사망
2018011400100394,2018년 1월 14일 20시,일요일,충청남도 천안시 동남구 풍세면,중상사고,0,3,1,0,차대차 - 추돌,안전운전불이행,건조,맑음,단일로 - 기타,승용,남,60세,상해없음,승용,남,55세,중상
2018011400100423,2018년 1월 14일 21시,일요일,충청남도 천안시 서북구 쌍용동,경상사고,0,0,1,0,차대차 - 기타,안전운전불이행,건조,맑음,교차로 - 교차로부근,승용,남,47세,상해없음,승용,남,56세,경상
2018011400100424,2018년 1월 14일 21시,일요일,충청남도 보령시 웅천읍,경상사고,0,0,1,0,차대사람 - 기타,안전운전불이행,젖음/습기,흐림,교차로 - 교차로안,승용,남,53세,상해없음,보행자,남,41세,경상
2018011400100447,2018년 1월 14일 22시,일요일,충청남도 아산시 용화동,경상사고,0,0,1,0,차대차 - 기타,안전운전불이행,젖음/습기,기타,단일로 - 기타,승용,남,40세,상해없음,이륜,남,23세,경상
2018011400100469,2018년 1월 14일 23시,일요일,충청남도 당진시 신평면,경상사고,0,0,1,0,차대차 - 정면충돌,중앙선침범,건조,맑음,단일로 - 기타,화물,남,57세,상해없음,화물,여,47세,경상
2018011500100013,2018년 1월 15일 00시,월요일,충청남도 당진시 합덕읍,중상사고,0,1,0,0,차량단독 - 공작물충돌,안전운전불이행,건조,맑음,단일로 - 기타,승용,남,55세,중상,,,,
2018011500100038,2018년 1월 15일 03시,월요일,충청남도 천안시 서북구 쌍용동,경상사고,0,0,1,0,차대차 - 측면충돌,안전운전불이행,건조,맑음,교차로 - 교차로안,자전거,여,58세,경상,승용,남,55세,상해없음
2018011500100075,2018년 1월 15일 06시,월요일,충청남도 보령시 주포면,중상사고,0,3,0,0,차대차 - 측면충돌,신호위반,젖음/습기,흐림,교차로 - 교차로안,승용,남,55세,중상,화물,남,30세,중상
2018011500100076,2018년 1월 15일 06시,월요일,충청남도 천안시 서북구 입장면,경상사고,0,0,1,0,차대차 - 기타,안전운전불이행,건조,맑음,단일로 - 기타,기타불명,기타불명,미분류,기타불명,승합,여,36세,경상
2018011500100137,2018년 1월 15일 08시,월요일,충청남도 금산군 군북면,중상사고,0,1,0,0,차대차 - 측면충돌,안전운전불이행,서리/결빙,흐림,단일로 - 기타,화물,남,41세,상해없음,승용,여,31세,중상
2018011500100177,2018년 1월 15일 09시,월요일,충청남도 서산시 석남동,중상사고,0,1,0,0,차대차 - 추돌,안전운전불이행,건조,맑음,교차로 - 교차로안,화물,남,26세,상해없음,승용,남,69세,중상
2018011500100201,2018년 1월 15일 10시,월요일,충청남도 논산시 연무읍,중상사고,0,1,0,0,차대차 - 측면충돌,안전거리미확보,건조,맑음,단일로 - 기타,이륜,남,85세,중상,화물,남,57세,상해없음
2018011500100238,2018년 1월 15일 11시,월요일,충청남도 아산시 권곡동,경상사고,0,0,2,0,차대차 - 측면충돌,신호위반,건조,맑음,교차로 - 교차로횡단보도내,승용,남,62세,상해없음,승용,남,26세,경상
2018011500100239,2018년 1월 15일 11시,월요일,충청남도 당진시 우강면,중상사고,0,1,0,0,차대차 - 측면충돌,교차로운행방법위반,건조,맑음,교차로 - 교차로안,화물,남,45세,상해없음,승용,남,48세,중상
2018011500100340,2018년 1월 15일 14시,월요일,충청남도 당진시 원당리,중상사고,0,1,0,0,차대차 - 기타,중앙선침범,건조,맑음,단일로 - 기타,승용,여,51세,상해없음,승용,여,54세,중상
2018011500100406,2018년 1월 15일 16시,월요일,충청남도 천안시 서북구 차암동,경상사고,0,0,1,0,차대차 - 기타,안전운전불이행,건조,맑음,단일로 - 기타,화물,남,57세,상해없음,승용,남,23세,경상
2018011500100450,2018년 1월 15일 17시,월요일,충청남도 아산시 둔포면,중상사고,0,1,2,0,차대차 - 측면충돌,신호위반,건조,맑음,교차로 - 교차로안,승용,남,54세,경상,승용,남,55세,중상
2018011500100451,2018년 1월 15일 17시,월요일,충청남도 태안군 안면읍,중상사고,0,1,1,0,차대차 - 정면충돌,직진우회전진행방해,건조,흐림,교차로 - 교차로안,승용,남,22세,상해없음,승용,여,69세,중상
2018011500100542,2018년 1월 15일 19시,월요일,충청남도 천안시 서북구 쌍용동,경상사고,0,0,1,0,차대차 - 측면충돌,안전운전불이행,건조,맑음,교차로 - 교차로부근,기타불명,기타불명,미분류,기타불명,승용,남,56세,경상
2018011500100581,2018년 1월 15일 20시,월요일,충청남도 논산시 내동,경상사고,0,0,2,0,차대차 - 기타,안전운전불이행,건조,맑음,교차로 - 교차로안,이륜,남,48세,상해없음,승용,여,47세,경상
2018011500100582,2018년 1월 15일 20시,월요일,충청남도 홍성군 홍성읍,경상사고,0,0,1,0,차대사람 - 횡단중,안전운전불이행,건조,맑음,교차로 - 교차로안,승용,남,47세,상해없음,보행자,남,41세,경상
2018011600100019,2018년 1월 16일 00시,화요일,충청남도 천안시 동남구 원성동,경상사고,0,0,1,0,차대차 - 추돌,안전운전불이행,건조,맑음,교차로 - 교차로부근,승용,남,26세,상해없음,승용,남,27세,경상
2018011600100078,2018년 1월 16일 06시,화요일,충청남도 서산시 대산읍,경상사고,0,0,1,0,차대사람 - 기타,중앙선침범,건조,맑음,단일로 - 기타,승용,남,31세,상해없음,보행자,남,48세,경상
2018011600100079,2018년 1월 16일 06시,화요일,충청남도 천안시 서북구 성정동,중상사고,0,1,0,0,차대사람 - 횡단중,신호위반,건조,맑음,단일로 - 기타,승용,남,58세,상해없음,보행자,여,59세,중상
2018011600100101,2018년 1월 16일 07시,화요일,충청남도 서산시 대산읍,경상사고,0,0,3,0,차대차 - 측면충돌,신호위반,건조,맑음,교차로 - 교차로안,승용,남,22세,상해없음,승용,남,28세,경상
2018011600100102,2018년 1월 16일 07시,화요일,충청남도 천안시 서북구 성환읍,경상사고,0,0,2,0,차대차 - 정면충돌,신호위반,건조,맑음,교차로 - 교차로안,승용,남,39세,경상,승용,남,38세,경상
2018011600100159,2018년 1월 16일 09시,화요일,충청남도 태안군 태안읍,중상사고,0,1,0,0,차대사람 - 횡단중,보행자보호의무위반,건조,흐림,교차로 - 교차로안,승합,남,62세,상해없음,보행자,여,72세,중상
2018011600100183,2018년 1월 16일 10시,화요일,충청남도 홍성군 광천읍,경상사고,0,0,1,0,차대사람 - 기타,안전운전불이행,건조,맑음,교차로 - 교차로안,화물,여,47세,상해없음,보행자,여,84세,경상
2018011600100184,2018년 1월 16일 10시,화요일,충청남도 아산시 실옥동,중상사고,0,1,0,0,차대차 - 기타,신호위반,건조,맑음,교차로 - 교차로안,화물,남,54세,상해없음,승용,여,40세,중상
2018011600100185,2018년 1월 16일 10시,화요일,충청남도 공주시 신풍면,중상사고,0,1,0,0,차대사람 - 기타,안전운전불이행,건조,맑음,교차로 - 교차로부근,화물,남,57세,상해없음,보행자,여,71세,중상
2018011600100212,2018년 1월 16일 11시,화요일,충청남도 청양군 청양읍,경상사고,0,0,2,0,차대차 - 추돌,안전운전불이행,건조,맑음,교차로 - 교차로부근,승용,남,76세,상해없음,승용,여,26세,경상
2018011600100253,2018년 1월 16일 13시,화요일,충청남도 청양군 청양읍,경상사고,0,0,1,0,차대사람 - 차도통행중,안전운전불이행,건조,맑음,교차로 - 교차로안,화물,남,46세,상해없음,보행자,여,46세,경상
2018011600100278,2018년 1월 16일 14시,화요일,충청남도 당진시 채운동,중상사고,0,1,0,0,차대차 - 측면충돌,직진우회전진행방해,건조,맑음,교차로 - 교차로안,이륜,남,75세,중상,승용,남,25세,상해없음
2018011600100324,2018년 1월 16일 16시,화요일,충청남도 서산시 고북면,중상사고,0,1,0,0,차대차 - 측면충돌,안전운전불이행,젖음/습기,비,단일로 - 기타,승합,남,58세,상해없음,화물,남,78세,중상
2018011600100392,2018년 1월 16일 18시,화요일,충청남도 금산군 진산면,경상사고,0,0,2,0,차대차 - 정면충돌,중앙선침범,젖음/습기,비,단일로 - 기타,승용,남,57세,경상,승용,남,66세,경상
2018011600100393,2018년 1월 16일 18시,화요일,충청남도 청양군 대치면,사망사고,1,0,0,0,차대사람 - 횡단중,과속,젖음/습기,흐림,단일로 - 기타,화물,남,46세,상해없음,보행자,남,78세,사망
2018011600100437,2018년 1월 16일 19시,화요일,충청남도 서산시 성연면,중상사고,0,1,0,0,차량단독 - 공작물충돌,안전거리미확보,서리/결빙,눈,교차로 - 교차로부근,승용,남,59세,중상,,,,
2018011600100481,2018년 1월 16일 20시,화요일,충청남도 당진시 읍내리,경상사고,0,0,1,0,차대차 - 측면충돌,직진우회전진행방해,건조,맑음,교차로 - 교차로안,화물,남,46세,상해없음,이륜,남,18세,경상
2018011600100507,2018년 1월 16일 21시,화요일,충청남도 논산시 내동,경상사고,0,0,1,0,차대차 - 측면충돌,신호위반,젖음/습기,비,교차로 - 교차로안,승용,남,56세,상해없음,이륜,남,16세,경상
2018011600100508,2018년 1월 16일 21시,화요일,충청남도 서천군 서천읍,경상사고,0,0,4,1,차대차 - 추돌,안전운전불이행,젖음/습기,비,단일로 - 기타,화물,남,56세,부상신고,화물,남,27세,경상
2018011600100534,2018년 1월 16일 22시,화요일,충청남도 천안시 동남구 청당동,경상사고,0,0,2,0,차대차 - 추돌,안전운전불이행,건조,맑음,교차로 - 교차로부근,승용,남,41세,상해없음,승용,남,52세,경상
2018011700100016,2018년 1월 17일 00시,수요일,충청남도 서산시 석림동,경상사고,0,0,1,0,차대사람 - 기타,안전운전불이행,건조,맑음,단일로 - 기타,승용,남,34세,상해없음,보행자,남,57세,경상
2018011700100052,2018년 1월 17일 02시,수요일,충청남도 천안시 동남구 병천면,부상신고사고,0,0,0,1,차대차 - 측면충돌,안전운전불이행,젖음/습기,흐림,단일로 - 기타,승용,남,27세,상해없음,승용,남,33세,부상신고
2018011700100068,2018년 1월 17일 03시,수요일,충청남도 서산시 석림동,중상사고,0,2,0,0,차대사람 - 횡단중,보행자보호의무위반,젖음/습기,비,교차로 - 교차로횡단보도내,화물,남,42세,상해없음,보행자,남,16세,중상
2018011700100081,2018년 1월 17일 04시,수요일,충청남도 보령시 남포면,중상사고,0,1,0,0,차량단독 - 공작물충돌,안전운전불이행,건조,맑음,교차로 - 교차로안,승합,남,38세,중상,,,,
2018011700100250,2018년 1월 17일 11시,수요일,충청남도 천안시 동남구 신부동,경상사고,0,0,1,0,차량단독 - 기타,안전운전불이행,건조,맑음,단일로 - 기타,승합,남,33세,상해없음,,,,
2018011700100275,2018년 1월 17일 12시,수요일,충청남도 천안시 서북구 두정동,경상사고,0,0,2,0,차대차 - 기타,안전운전불이행,건조,맑음,교차로 - 교차로안,승용,여,48세,경상,승용,남,60세,경상
2018011700100276,2018년 1월 17일 12시,수요일,충청남도 아산시 도고면,경상사고,0,0,1,0,차대차 - 추돌,안전운전불이행,건조,맑음,교차로 - 교차로부근,승용,남,61세,상해없음,승용,여,53세,경상
2018011700100339,2018년 1월 17일 14시,수요일,충청남도 천안시 동남구 구성동,경상사고,0,0,1,0,차대차 - 기타,기타,건조,맑음,단일로 - 기타,승용,남,59세,상해없음,원동기,남,39세,경상
2018011700100422,2018년 1월 17일 17시,수요일,충청남도 당진시 송산면,중상사고,0,1,0,0,차대차 - 측면충돌,신호위반,젖음/습기,흐림,교차로 - 교차로안,승용,남,28세,상해없음,승용,남,53세,중상
2018011700100465,2018년 1월 17일 18시,수요일,충청남도 천안시 서북구 성환읍,경상사고,0,0,1,0,차대차 - 기타,안전거리미확보,건조,맑음,단일로 - 기타,화물,남,46세,상해없음,승용,남,37세,경상
2018011700100519,2018년 1월 17일 19시,수요일,충청남도 천안시 서북구 입장면,경상사고,0,0,1,0,차대차 - 기타,안전거리미확보,건조,맑음,교차로 - 교차로부근,승용,여,55세,상해없음,승용,남,39세,경상
2018011700100520,2018년 1월 17일 19시,수요일,충청남도 천안시 동남구 신부동,경상사고,0,0,1,2,차대사람 - 기타,기타,건조,맑음,기타 - 기타,승합,남,58세,상해없음,보행자,남,67세,부상신고
2018011700100554,2018년 1월 17일 20시,수요일,충청남도 천안시 서북구 성정동,경상사고,0,0,1,0,차대사람 - 횡단중,중앙선침범,건조,맑음,단일로 - 기타,승용,남,48세,상해없음,보행자,여,63세,경상
2018011700100591,2018년 1월 17일 21시,수요일,충청남도 논산시 성동면,경상사고,0,0,1,0,차량단독 - 공작물충돌,안전운전불이행,건조,맑음,단일로 - 기타,승용,남,24세,경상,,,,
2018011700100592,2018년 1월 17일 21시,수요일,충청남도 천안시 동남구 원성동,경상사고,0,0,1,0,차대차 - 측면충돌,안전운전불이행,건조,맑음,교차로 - 교차로안,화물,남,51세,기타불명,이륜,남,27세,경상
2018011800100013,2018년 1월 18일 00시,목요일,충청남도 아산시 온천동,경상사고,0,0,2,0,차대차 - 정면충돌,중앙선침범,건조,맑음,단일로 - 기타,승용,남,44세,상해없음,화물,남,41세,경상
2018011800100014,2018년 1월 18일 00시,목요일,충청남도 천안시 동남구 원성동,중상사고,0,1,3,0,차대차 - 추돌,안전운전불이행,건조,맑음,단일로 - 기타,승용,남,35세,상해없음,승용,남,53세,경상
2018011800100070,2018년 1월 18일 05시,목요일,충청남도 태안군 태안읍,중상사고,0,1,2,0,차대차 - 측면충돌,신호위반,건조,맑음,교차로 - 교차로안,화물,남,65세,중상,화물,남,66세,경상
2018011800100107,2018년 1월 18일 07시,목요일,충청남도 논산시 강산동,중상사고,0,1,0,0,차대사람 - 기타,안전운전불이행,젖음/습기,흐림,교차로 - 교차로안,승용,남,58세,상해없음,보행자,여,50세,중상
2018011800100137,2018년 1월 18일 08시,목요일,충청남도 공주시 신관동,경상사고,0,0,1,0,차대차 - 측면충돌,안전운전불이행,건조,기타,교차로 - 교차로부근,승용,여,48세,상해없음,승용,남,31세,경상
2018011800100161,2018년 1월 18일 09시,목요일,충청남도 서천군 마서면,중상사고,0,2,0,0,차대차 - 측면충돌,직진우회전진행방해,젖음/습기,안개,교차로 - 교차로안,승용,남,31세,중상,승용,남,57세,중상
2018011800100162,2018년 1월 18일 09시,목요일,충청남도 태안군 태안읍,중상사고,0,2,0,0,차량단독 - 전도전복 - 전복,안전운전불이행,기타,기타,단일로 - 기타,화물,남,73세,중상,미분류,미분류,미분류,미분류
2018011800100265,2018년 1월 18일 13시,목요일,충청남도 예산군 예산읍,경상사고,0,0,2,0,차대차 - 측면충돌,차로위반,건조,맑음,단일로 - 기타,승용,남,65세,상해없음,화물,남,41세,경상
2018011800100266,2018년 1월 18일 13시,목요일,충청남도 천안시 동남구 원성동,경상사고,0,0,1,0,차대차 - 기타,안전운전불이행,건조,맑음,단일로 - 기타,화물,남,71세,상해없음,원동기,남,44세,경상
2018011800100317,2018년 1월 18일 15시,목요일,충청남도 아산시 권곡동,경상사고,0,0,1,0,차대사람 - 기타,안전운전불이행,건조,맑음,단일로 - 기타,승용,여,32세,상해없음,보행자,여,57세,경상
2018011800100342,2018년 1월 18일 16시,목요일,충청남도 논산시 내동,경상사고,0,0,1,0,차대차 - 측면충돌,교차로운행방법위반,건조,맑음,교차로 - 교차로안,승용,남,32세,상해없음,승용,남,53세,경상
2018011800100343,2018년 1월 18일 16시,목요일,충청남도 논산시 내동,중상사고,0,2,3,1,차대차 - 추돌,안전운전불이행,건조,맑음,단일로 - 기타,승용,여,51세,부상신고,승용,여,41세,중상
2018011800100409,2018년 1월 18일 18시,목요일,충청남도 천안시 동남구 목천읍,경상사고,0,0,1,0,차대차 - 추돌,안전운전불이행,건조,맑음,단일로 - 기타,승용,남,31세,상해없음,승용,여,44세,경상
2018011800100453,2018년 1월 18일 19시,목요일,충청남도 공주시 신관동,경상사고,0,0,2,0,차대차 - 측면충돌,안전운전불이행,건조,맑음,교차로 - 교차로안,이륜,남,56세,경상,승용,남,27세,경상
2018011800100454,2018년 1월 18일 19시,목요일,충청남도 태안군 안면읍,경상사고,0,0,1,0,차대차 - 측면충돌,교차로운행방법위반,기타,기타,교차로 - 교차로안,승합,남,47세,기타불명,승용,남,55세,경상
2018011800100474,2018년 1월 18일 20시,목요일,충청남도 보령시 주포면,중상사고,0,1,0,0,차대사람 - 횡단중,안전운전불이행,건조,맑음,교차로 - 교차로부근,승용,남,42세,상해없음,보행자,여,75세,중상
2018011800100495,2018년 1월 18일 21시,목요일,충청남도 당진시 원당리,경상사고,0,0,1,1,차대차 - 측면충돌,안전운전불이행,건조,맑음,교차로 - 교차로안,승용,남,68세,부상신고,승용,남,57세,경상
2018011900100047,2018년 1월 19일 02시,금요일,충청남도 서산시 인지면,중상사고,0,1,0,0,차량단독 - 도로외이탈 - 추락,안전운전불이행,건조,맑음,단일로 - 기타,승용,남,23세,중상,,,,
2018011900100081,2018년 1월 19일 06시,금요일,충청남도 천안시 서북구 성성동,경상사고,0,0,1,0,차대차 - 기타,안전운전불이행,건조,맑음,교차로 - 교차로안,승용,남,49세,상해없음,화물,남,49세,경상
2018011900100082,2018년 1월 19일 06시,금요일,충청남도 천안시 서북구 직산읍,중상사고,0,1,0,0,차대사람 - 기타,안전운전불이행,건조,맑음,단일로 - 기타,승용,남,48세,상해없음,보행자,남,54세,중상
2018011900100083,2018년 1월 19일 06시,금요일,충청남도 천안시 서북구 차암동,경상사고,0,0,1,0,차대사람 - 기타,안전운전불이행,건조,맑음,교차로 - 교차로부근,화물,남,58세,상해없음,보행자,남,49세,경상
2018011900100103,2018년 1월 19일 07시,금요일,충청남도 서산시 잠홍동,경상사고,0,0,3,0,차대차 - 추돌,안전거리미확보,건조,맑음,단일로 - 기타,화물,남,46세,경상,승용,남,25세,경상
2018011900100104,2018년 1월 19일 07시,금요일,충청남도 서천군 장항읍,부상신고사고,0,0,0,1,차대차 - 추돌,안전운전불이행,건조,맑음,단일로 - 기타,승용,남,27세,부상신고,화물,남,34세,상해없음
2018011900100148,2018년 1월 19일 09시,금요일,충청남도 예산군 예산읍,중상사고,0,1,0,0,차량단독 - 기타,안전운전불이행,건조,맑음,단일로 - 기타,승합,남,53세,상해없음,,,,
2018011900100171,2018년 1월 19일 10시,금요일,충청남도 논산시 취암동,중상사고,0,1,0,0,차대차 - 측면충돌,교차로운행방법위반,건조,맑음,교차로 - 교차로안,승용,남,73세,상해없음,이륜,남,87세,중상
2018011900100172,2018년 1월 19일 10시,금요일,충청남도 예산군 예산읍,경상사고,0,0,1,0,차대차 - 측면충돌,안전거리미확보,건조,맑음,단일로 - 기타,이륜,남,67세,경상,승합,여,48세,상해없음
2018011900100195,2018년 1월 19일 11시,금요일,충청남도 부여군 부여읍,중상사고,0,1,1,0,차대차 - 측면충돌,안전운전불이행,건조,맑음,교차로 - 교차로부근,화물,남,56세,상해없음,이륜,남,66세,중상
2018011900100282,2018년 1월 19일 14시,금요일,충청남도 아산시 온천동,경상사고,0,0,1,0,차대사람 - 횡단중,안전운전불이행,건조,맑음,교차로 - 교차로부근,승용,남,34세,상해없음,보행자,여,31세,경상
2018011900100312,2018년 1월 19일 15시,금요일,충청남도 천안시 서북구 성환읍,중상사고,0,1,0,0,차량단독 - 기타,안전운전불이행,건조,맑음,단일로 - 기타,이륜,남,50세,중상,,,,
2018011900100313,2018년 1월 19일 15시,금요일,충청남도 아산시 배방읍,경상사고,0,0,1,0,차대차 - 추돌,안전운전불이행,건조,맑음,교차로 - 교차로안,승용,남,62세,상해없음,승용,여,27세,경상
2018011900100432,2018년 1월 19일 18시,금요일,충청남도 서산시 석남동,중상사고,0,3,0,0,차대차 - 측면충돌,기타,건조,맑음,교차로 - 교차로안,승용,남,82세,중상,승용,남,30세,중상
2018011900100433,2018년 1월 19일 18시,금요일,충청남도 논산시 내동,경상사고,0,0,1,0,차대차 - 추돌,안전운전불이행,건조,맑음,교차로 - 교차로부근,승용,남,50세,상해없음,승용,남,58세,경상
2018011900100474,2018년 1월 19일 19시,금요일,충청남도 서산시 대산읍,중상사고,0,1,0,0,차대차 - 측면충돌,안전운전불이행,건조,맑음,단일로 - 기타,승합,남,40세,상해없음,화물,남,49세,중상
2018011900100475,2018년 1월 19일 19시,금요일,충청남도 천안시 서북구 쌍용동,경상사고,0,0,1,0,차대차 - 추돌,안전거리미확보,건조,맑음,교차로 - 교차로부근,승용,남,37세,상해없음,승용,남,24세,경상
2018011900100524,2018년 1월 19일 20시,금요일,충청남도 천안시 서북구 두정동,경상사고,0,0,1,0,차대차 - 기타,교차로운행방법위반,건조,맑음,교차로 - 교차로안,승용,남,44세,상해없음,승용,여,33세,경상
2018011900100525,2018년 1월 19일 20시,금요일,충청남도 부여군 부여읍,경상사고,0,0,1,0,차대차 - 추돌,안전운전불이행,건조,맑음,단일로 - 기타,승용,여,21세,경상,승용,여,66세,상해없음
2018011900100526,2018년 1월 19일 20시,금요일,충청남도 천안시 동남구 대흥동,경상사고,0,0,1,1,차대차 - 측면충돌,직진우회전진행방해,건조,맑음,교차로 - 교차로안,승용,남,29세,부상신고,화물,남,60세,경상
2018011900100556,2018년 1월 19일 21시,금요일,충청남도 공주시 정안면,경상사고,0,0,1,0,차대차 - 측면충돌,차로위반,건조,맑음,기타 - 기타,승합,남,48세,상해없음,승용,남,60세,경상
2018011900100583,2018년 1월 19일 22시,금요일,충청남도 천안시 서북구 성환읍,경상사고,0,0,1,0,차대차 - 기타,중앙선침범,건조,맑음,단일로 - 기타,화물,남,50세,상해없음,승용,남,65세,경상
2018011900100603,2018년 1월 19일 23시,금요일,충청남도 당진시 송악읍,중상사고,0,1,0,0,차대차 - 추돌,안전운전불이행,건조,맑음,단일로 - 기타,승용,남,54세,상해없음,승용,남,33세,중상
2018012000100022,2018년 1월 20일 00시,토요일,충청남도 천안시 서북구 직산읍,중상사고,0,1,0,0,차대차 - 기타,신호위반,건조,맑음,교차로 - 교차로안,승용,남,43세,상해없음,원동기,남,15세,중상
2018012000100042,2018년 1월 20일 01시,토요일,충청남도 아산시 염치읍,중상사고,0,7,0,0,차량단독 - 공작물충돌,안전운전불이행,건조,맑음,기타 - 기타,승용,남,18세,중상,,,,
2018012000100043,2018년 1월 20일 01시,토요일,충청남도 보령시 내항동,중상사고,0,1,0,0,차대차 - 기타,신호위반,건조,맑음,교차로 - 교차로안,승용,남,39세,상해없음,승용,남,49세,상해없음
2018012000100113,2018년 1월 20일 06시,토요일,충청남도 논산시 내동,중상사고,0,1,0,0,차대사람 - 횡단중,보행자보호의무위반,건조,맑음,교차로 - 교차로횡단보도내,승용,남,52세,상해없음,보행자,남,50세,중상
2018012000100147,2018년 1월 20일 08시,토요일,충청남도 홍성군 홍성읍,경상사고,0,0,1,0,차대차 - 측면충돌,신호위반,건조,맑음,교차로 - 교차로안,승용,여,48세,상해없음,승용,여,26세,경상
2018012000100186,2018년 1월 20일 10시,토요일,충청남도 논산시 취암동,경상사고,0,0,1,0,차대사람 - 횡단중,안전운전불이행,건조,맑음,단일로 - 기타,승용,남,38세,상해없음,보행자,여,17세,경상
2018012000100187,2018년 1월 20일 10시,토요일,충청남도 부여군 양화면,경상사고,0,0,1,0,차대차 - 측면충돌,신호위반,건조,맑음,교차로 - 교차로안,화물,남,59세,상해없음,승용,여,56세,경상
2018012000100224,2018년 1월 20일 12시,토요일,충청남도 공주시 정안면,경상사고,0,0,1,0,차대차 - 측면충돌,신호위반,건조,맑음,교차로 - 교차로안,승용,남,44세,상해없음,승용,남,36세,경상