사고번호,사고일시,요일,시군구,사고내용,사망자수,중상자수,경상자수,부상신고자수,사고유형,법규위반,노면상태,기상상태,도로형태,가해운전자 차종,가해운전자 성별,가해운전자 연령,가해운전자 상해정도,피해운전자 차종,피해운전자 성별,피해운전자 연령,피해운전자 상해정도
2018012600100357,2018년 1월 26일 16시,금요일,충청남도 금산군 금산읍,경상사고,0,0,2,0,차대차 - 측면충돌,교차로운행방법위반,건조,맑음,교차로 - 교차로안,이륜,여,46세,경상,이륜,남,56세,경상
2018012600100388,2018년 1월 26일 17시,금요일,충청남도 천안시 서북구 쌍용동,중상사고,0,1,0,0,차대사람 - 기타,안전운전불이행,건조,맑음,단일로 - 기타,승용,여,46세,상해없음,보행자,남,39세,중상
2018012600100431,2018년 1월 26일 18시,금요일,충청남도 천안시 서북구 백석동,경상사고,0,0,1,0,차대차 - 측면충돌,중앙선침범,건조,맑음,단일로 - 기타,승용,남,35세,상해없음,승용,여,26세,경상
2018012600100432,2018년 1월 26일 18시,금요일,충청남도 홍성군 홍성읍,중상사고,0,1,0,0,차대차 - 측면충돌,안전운전불이행,건조,맑음,단일로 - 기타,승용,남,65세,상해없음,승용,여,41세,중상
2018012600100494,2018년 1월 26일 19시,금요일,충청남도 보령시 청라면,경상사고,0,0,2,0,차대차 - 측면충돌,안전운전불이행,건조,맑음,단일로 - 기타,화물,남,54세,상해없음,승용,남,35세,경상
2018012600100495,2018년 1월 26일 19시,금요일,충청남도 공주시 교동,경상사고,0,0,1,0,차대차 - 측면충돌,직진우회전진행방해,건조,맑음,교차로 - 교차로안,승합,남,43세,상해없음,이륜,남,28세,경상
2018012600100496,2018년 1월 26일 19시,금요일,충청남도 당진시 읍내리,중상사고,0,1,0,0,차대사람 - 차도통행중,안전운전불이행,건조,맑음,단일로 - 기타,승용,여,28세,상해없음,보행자,여,83세,중상
2018012600100532,2018년 1월 26일 20시,금요일,충청남도 아산시 인주면,경상사고,0,0,2,0,차대차 - 측면충돌,안전운전불이행,건조,맑음,교차로 - 교차로부근,화물,남,34세,상해없음,승용,남,48세,경상
2018012600100560,2018년 1월 26일 21시,금요일,충청남도 아산시 탕정면,중상사고,0,1,0,0,차대차 - 정면충돌,안전운전불이행,건조,기타,단일로 - 기타,승용,남,30세,상해없음,승용,남,23세,중상
2018012600100594,2018년 1월 26일 22시,금요일,충청남도 천안시 서북구 성정동,경상사고,0,0,1,0,차대차 - 측면충돌,신호위반,건조,맑음,교차로 - 교차로안,승용,남,51세,상해없음,승용,남,30세,경상
2018012600100595,2018년 1월 26일 22시,금요일,충청남도 천안시 서북구 두정동,경상사고,0,0,1,0,차대차 - 측면충돌,직진우회전진행방해,건조,맑음,교차로 - 교차로안,승용,남,41세,상해없음,승용,남,25세,경상
2018012600100596,2018년 1월 26일 22시,금요일,충청남도 홍성군 홍북읍,경상사고,0,0,1,0,차대차 - 추돌,안전운전불이행,건조,맑음,교차로 - 교차로부근,승용,남,47세,상해없음,승용,남,43세,상해없음
2018012700100014,2018년 1월 27일 00시,토요일,충청남도 천안시 서북구 차암동,경상사고,0,0,1,0,차대차 - 기타,직진우회전진행방해,건조,맑음,교차로 - 교차로안,승용,남,51세,상해없음,이륜,남,31세,경상
2018012700100029,2018년 1월 27일 01시,토요일,충청남도 천안시 서북구 쌍용동,경상사고,0,0,2,0,차대차 - 추돌,기타,건조,맑음,교차로 - 교차로부근,승용,남,41세,상해없음,승용,남,47세,경상
2018012700100030,2018년 1월 27일 01시,토요일,충청남도 천안시 서북구 두정동,중상사고,0,1,2,0,차대차 - 기타,안전운전불이행,건조,맑음,교차로 - 교차로안,승용,남,28세,상해없음,승용,남,51세,경상
2018012700100031,2018년 1월 27일 01시,토요일,충청남도 공주시 신관동,중상사고,0,1,1,0,차대차 - 측면충돌,신호위반,건조,맑음,교차로 - 교차로안,승용,남,36세,상해없음,화물,남,61세,중상
2018012700100032,2018년 1월 27일 01시,토요일,충청남도 천안시 동남구 신방동,경상사고,0,0,1,0,차대차 - 추돌,안전운전불이행,건조,맑음,단일로 - 기타,승용,남,42세,상해없음,승용,여,44세,경상
2018012700100100,2018년 1월 27일 07시,토요일,충청남도 아산시 둔포면,중상사고,0,1,0,0,차대차 - 측면충돌,신호위반,건조,맑음,교차로 - 교차로안,승용,남,63세,상해없음,특수,남,34세,중상
2018012700100101,2018년 1월 27일 07시,토요일,충청남도 천안시 동남구 광덕면,경상사고,0,0,3,0,차대차 - 추돌,안전운전불이행,건조,맑음,기타 - 기타,화물,남,69세,상해없음,승용,남,37세,경상
2018012700100135,2018년 1월 27일 09시,토요일,충청남도 공주시 신관동,경상사고,0,0,2,0,차대차 - 측면충돌,신호위반,건조,맑음,교차로 - 교차로안,화물,남,61세,경상,승용,남,43세,경상
2018012700100136,2018년 1월 27일 09시,토요일,충청남도 천안시 동남구 신방동,중상사고,0,1,3,0,차대차 - 추돌,안전운전불이행,건조,맑음,단일로 - 기타,승용,남,63세,상해없음,승용,여,30세,중상
2018012700100137,2018년 1월 27일 09시,토요일,충청남도 태안군 태안읍,부상신고사고,0,0,0,1,차대차 - 측면충돌,차로위반,건조,맑음,교차로 - 교차로부근,이륜,남,90세 이상,부상신고,화물,남,41세,상해없음
2018012700100164,2018년 1월 27일 10시,토요일,충청남도 천안시 서북구 두정동,경상사고,0,0,2,0,차대차 - 추돌,안전운전불이행,건조,맑음,교차로 - 교차로부근,승용,남,44세,상해없음,승용,여,31세,경상
2018012700100194,2018년 1월 27일 11시,토요일,충청남도 아산시 인주면,중상사고,0,2,0,0,차대차 - 정면충돌,중앙선침범,건조,맑음,단일로 - 기타,화물,남,49세,상해없음,승용,남,53세,중상
2018012700100195,2018년 1월 27일 11시,토요일,충청남도 아산시 온천동,부상신고사고,0,0,0,1,차대사람 - 횡단중,안전운전불이행,건조,맑음,단일로 - 기타,승용,남,41세,상해없음,보행자,여,71세,부상신고
2018012700100196,2018년 1월 27일 11시,토요일,충청남도 부여군 부여읍,경상사고,0,0,2,0,차대차 - 추돌,안전운전불이행,건조,맑음,단일로 - 기타,승용,남,31세,상해없음,승용,남,72세,경상
2018012700100227,2018년 1월 27일 12시,토요일,충청남도 천안시 서북구 성정동,경상사고,0,0,1,0,차대차 - 기타,안전운전불이행,건조,맑음,교차로 - 교차로안,이륜,남,38세,경상,승용,여,57세,상해없음
2018012700100260,2018년 1월 27일 13시,토요일,충청남도 서천군 비인면,중상사고,0,1,2,0,차대차 - 측면충돌,안전운전불이행,건조,맑음,교차로 - 교차로안,승용,여,61세,경상,승용,남,41세,중상
2018012700100261,2018년 1월 27일 13시,토요일,충청남도 공주시 금성동,중상사고,0,2,3,0,차대차 - 측면충돌,신호위반,건조,맑음,교차로 - 교차로안,승용,남,67세,경상,승용,여,61세,중상
2018012700100294,2018년 1월 27일 14시,토요일,충청남도 서산시 운산면,경상사고,0,0,2,0,차대차 - 측면충돌,안전운전불이행,건조,맑음,단일로 - 교량,화물,남,49세,상해없음,승용,여,46세,경상
2018012700100321,2018년 1월 27일 15시,토요일,충청남도 부여군 부여읍,중상사고,0,1,0,0,차대사람 - 횡단중,신호위반,건조,맑음,교차로 - 교차로횡단보도내,승용,여,51세,상해없음,보행자,남,60세,중상
2018012700100322,2018년 1월 27일 15시,토요일,충청남도 당진시 읍내리,경상사고,0,0,1,0,차대사람 - 횡단중,안전운전불이행,건조,맑음,단일로 - 기타,승용,남,58세,상해없음,보행자,여,13세,경상
2018012700100345,2018년 1월 27일 16시,토요일,충청남도 서산시 석림동,경상사고,0,0,4,0,차대차 - 추돌,안전운전불이행,건조,맑음,단일로 - 기타,화물,남,66세,상해없음,승용,남,34세,경상
2018012700100371,2018년 1월 27일 17시,토요일,충청남도 금산군 금산읍,경상사고,0,0,1,0,차대차 - 측면충돌,교차로운행방법위반,건조,맑음,교차로 - 교차로안,이륜,남,67세,경상,승용,남,26세,상해없음
2018012700100372,2018년 1월 27일 17시,토요일,충청남도 천안시 동남구 청당동,경상사고,0,0,1,0,차대차 - 추돌,안전거리미확보,건조,맑음,단일로 - 기타,승용,여,27세,상해없음,승용,남,50세,경상
2018012700100396,2018년 1월 27일 18시,토요일,충청남도 공주시 유구읍,경상사고,0,0,3,0,차대차 - 측면충돌,신호위반,건조,맑음,교차로 - 교차로안,승용,남,51세,기타불명,승용,남,42세,경상
2018012700100397,2018년 1월 27일 18시,토요일,충청남도 천안시 동남구 신방동,중상사고,0,2,2,1,차대차 - 측면충돌,차로위반,건조,맑음,단일로 - 기타,승용,여,61세,상해없음,승용,남,42세,상해없음
2018012700100435,2018년 1월 27일 19시,토요일,충청남도 천안시 서북구 성정동,경상사고,0,0,1,0,차대차 - 측면충돌,안전운전불이행,건조,기타,단일로 - 기타,이륜,남,40세,경상,승용,남,39세,상해없음
2018012700100536,2018년 1월 27일 23시,토요일,충청남도 당진시 읍내리,경상사고,0,0,3,0,차대차 - 측면충돌,교차로운행방법위반,건조,맑음,교차로 - 교차로안,승용,남,50세,상해없음,승용,남,36세,경상
2018012800100006,2018년 1월 28일 00시,일요일,충청남도 계룡시 엄사면,중상사고,0,1,0,0,차대차 - 측면충돌,안전운전불이행,건조,맑음,교차로 - 교차로부근,승용,남,61세,상해없음,승용,여,62세,기타불명
2018012800100007,2018년 1월 28일 00시,일요일,충청남도 아산시 법곡동,중상사고,0,2,0,0,차대차 - 정면충돌,중앙선침범,건조,맑음,기타 - 기타,승용,남,32세,중상,화물,남,64세,상해없음
2018012800100027,2018년 1월 28일 01시,일요일,충청남도 논산시 가야곡면,중상사고,0,1,0,0,차대차 - 추돌,안전운전불이행,건조,맑음,단일로 - 기타,승용,남,22세,상해없음,승용,남,26세,중상
2018012800100100,2018년 1월 28일 09시,일요일,충청남도 아산시 권곡동,경상사고,0,0,1,0,차대차 - 추돌,안전운전불이행,건조,맑음,교차로 - 교차로안,승용,남,58세,상해없음,승용,여,51세,경상
2018012800100101,2018년 1월 28일 09시,일요일,충청남도 천안시 동남구 원성동,중상사고,0,1,0,0,차대차 - 기타,안전운전불이행,건조,맑음,교차로 - 교차로안,기타불명,기타불명,미분류,기타불명,승합,남,59세,상해없음
2018012800100161,2018년 1월 28일 12시,일요일,충청남도 부여군 홍산면,경상사고,0,0,2,0,차대차 - 측면충돌,교차로운행방법위반,건조,맑음,교차로 - 교차로안,승용,남,69세,상해없음,승합,남,55세,경상
2018012800100183,2018년 1월 28일 13시,일요일,충청남도 서산시 부석면,중상사고,0,2,0,0,차대차 - 기타,안전운전불이행,건조,맑음,주차장 - 주차장,승용,남,54세,중상,승용,남,37세,기타불명
2018012800100184,2018년 1월 28일 13시,일요일,충청남도 천안시 동남구 신부동,경상사고,0,0,1,0,차대사람 - 길가장자리구역통행중,안전운전불이행,건조,맑음,단일로 - 기타,승용,남,18세,상해없음,보행자,여,27세,경상
2018012800100266,2018년 1월 28일 17시,일요일,충청남도 천안시 서북구 불당동,경상사고,0,0,1,0,차대차 - 측면충돌,교차로운행방법위반,건조,맑음,교차로 - 교차로안,승용,남,47세,상해없음,승용,여,32세,경상
2018012800100297,2018년 1월 28일 18시,일요일,충청남도 공주시 신풍면,경상사고,0,0,2,0,차대차 - 측면충돌,안전운전불이행,건조,맑음,교차로 - 교차로부근,승용,남,70세,상해없음,승용,남,82세,경상
2018012800100325,2018년 1월 28일 19시,일요일,충청남도 아산시 모종동,경상사고,0,0,1,0,차대차 - 측면충돌,안전운전불이행,건조,맑음,단일로 - 기타,화물,남,36세,상해없음,승용,남,65세,경상
2018012800100345,2018년 1월 28일 20시,일요일,충청남도 태안군 안면읍,부상신고사고,0,0,0,1,차대사람 - 차도통행중,안전운전불이행,건조,맑음,단일로 - 기타,기타불명,기타불명,미분류,기타불명,보행자,남,58세,부상신고
2018012800100398,2018년 1월 28일 23시,일요일,충청남도 서산시 읍내동,경상사고,0,0,2,0,차대차 - 추돌,안전운전불이행,건조,맑음,단일로 - 기타,승용,남,56세,상해없음,승합,남,51세,경상
2018012900100007,2018년 1월 29일 00시,월요일,충청남도 예산군 예산읍,경상사고,0,0,1,0,차량단독 - 공작물충돌,안전운전불이행,건조,맑음,단일로 - 기타,화물,남,44세,경상,,,,
2018012900100070,2018년 1월 29일 07시,월요일,충청남도 논산시 내동,사망사고,1,0,0,0,차대차 - 추돌,안전운전불이행,건조,맑음,단일로 - 기타,승용,남,52세,사망,건설기계,남,43세,상해없음
2018012900100222,2018년 1월 29일 12시,월요일,충청남도 논산시 취암동,중상사고,0,1,1,0,차대차 - 측면충돌,직진우회전진행방해,건조,맑음,교차로 - 교차로안,승용,남,66세,상해없음,승용,여,29세,중상
2018012900100223,2018년 1월 29일 12시,월요일,충청남도 천안시 동남구 목천읍,경상사고,0,0,2,0,차대차 - 측면충돌,직진우회전진행방해,건조,맑음,교차로 - 교차로안,승용,여,34세,경상,승용,남,65세,경상
2018012900100290,2018년 1월 29일 14시,월요일,충청남도 예산군 덕산면,중상사고,0,1,0,0,차대차 - 측면충돌,안전운전불이행,건조,맑음,단일로 - 기타,승용,남,48세,상해없음,화물,남,65세,중상
2018012900100326,2018년 1월 29일 15시,월요일,충청남도 천안시 서북구 두정동,중상사고,0,1,0,0,차대사람 - 횡단중,안전운전불이행,건조,맑음,단일로 - 기타,승용,남,37세,상해없음,보행자,여,17세,중상
2018012900100353,2018년 1월 29일 16시,월요일,충청남도 천안시 서북구 쌍용동,경상사고,0,0,1,0,차대차 - 측면충돌,안전운전불이행,건조,맑음,단일로 - 기타,승용,여,65세,상해없음,승용,남,20세,경상
2018012900100409,2018년 1월 29일 18시,월요일,충청남도 공주시 신관동,경상사고,0,0,1,0,차대사람 - 횡단중,안전운전불이행,건조,맑음,교차로 - 교차로부근,승합,남,64세,상해없음,보행자,여,26세,경상
2018012900100410,2018년 1월 29일 18시,월요일,충청남도 당진시 고대면,중상사고,0,2,1,0,차대차 - 추돌,안전운전불이행,건조,맑음,단일로 - 기타,승용,남,83세,경상,농기계,남,56세,중상
2018012900100455,2018년 1월 29일 19시,월요일,충청남도 천안시 서북구 백석동,경상사고,0,0,1,0,차대차 - 추돌,기타,건조,맑음,교차로 - 교차로안,승용,남,25세,상해없음,승용,남,32세,상해없음
2018013000100088,2018년 1월 30일 07시,화요일,충청남도 천안시 서북구 성정동,경상사고,0,0,1,0,차대차 - 기타,안전운전불이행,건조,맑음,교차로 - 교차로안,승용,남,34세,상해없음,승용,남,67세,경상
2018013000100089,2018년 1월 30일 07시,화요일,충청남도 아산시 배방읍,중상사고,0,1,0,0,차대차 - 측면충돌,직진우회전진행방해,서리/결빙,맑음,교차로 - 교차로안,승용,여,37세,상해없음,승용,여,44세,중상
2018013000100090,2018년 1월 30일 07시,화요일,충청남도 아산시 탕정면,경상사고,0,0,1,0,차대차 - 측면충돌,안전운전불이행,젖음/습기,맑음,단일로 - 기타,승용,여,39세,상해없음,승용,남,35세,경상
2018013000100125,2018년 1월 30일 08시,화요일,충청남도 예산군 봉산면,경상사고,0,0,1,0,차대사람 - 횡단중,보행자보호의무위반,건조,맑음,교차로 - 교차로횡단보도내,승용,여,55세,상해없음,보행자,여,46세,경상
2018013000100159,2018년 1월 30일 09시,화요일,충청남도 부여군 석성면,중상사고,0,3,1,0,차대차 - 기타,안전운전불이행,건조,맑음,단일로 - 기타,화물,남,19세,경상,승용,남,44세,중상
2018013000100160,2018년 1월 30일 09시,화요일,충청남도 당진시 합덕읍,경상사고,0,0,1,0,차대차 - 측면충돌,직진우회전진행방해,건조,맑음,교차로 - 교차로부근,화물,여,40세,상해없음,승용,여,45세,경상
2018013000100184,2018년 1월 30일 10시,화요일,충청남도 태안군 고남면,부상신고사고,0,0,0,1,차량단독 - 전도전복 - 전복,안전운전불이행,서리/결빙,기타,기타 - 기타,승용,여,49세,상해없음,미분류,미분류,미분류,미분류
2018013000100214,2018년 1월 30일 11시,화요일,충청남도 서산시 석림동,중상사고,0,1,1,0,차대차 - 측면충돌,직진우회전진행방해,건조,맑음,교차로 - 교차로안,승용,남,23세,중상,승용,여,43세,경상
2018013000100243,2018년 1월 30일 12시,화요일,충청남도 공주시 유구읍,경상사고,0,0,1,0,차대차 - 측면충돌,신호위반,건조,맑음,교차로 - 교차로안,화물,남,59세,상해없음,승용,남,71세,경상
2018013000100244,2018년 1월 30일 12시,화요일,충청남도 예산군 예산읍,경상사고,0,0,1,0,차대차 - 추돌,안전운전불이행,건조,맑음,교차로 - 교차로부근,화물,남,70세,상해없음,승용,남,73세,상해없음
2018013000100245,2018년 1월 30일 12시,화요일,충청남도 천안시 동남구 신방동,경상사고,0,0,3,0,차대차 - 측면충돌,교차로운행방법위반,건조,맑음,교차로 - 교차로안,승용,남,32세,경상,승용,남,77세,경상
2018013000100274,2018년 1월 30일 13시,화요일,충청남도 천안시 서북구 쌍용동,경상사고,0,0,1,0,차대사람 - 기타,안전운전불이행,건조,맑음,주차장 - 주차장,승합,남,46세,상해없음,보행자,여,60세,경상
2018013000100308,2018년 1월 30일 14시,화요일,충청남도 아산시 온천동,중상사고,0,1,0,0,차대사람 - 횡단중,보행자보호의무위반,건조,맑음,교차로 - 교차로횡단보도내,승용,남,69세,상해없음,보행자,여,72세,중상
2018013000100309,2018년 1월 30일 14시,화요일,충청남도 아산시 온천동,경상사고,0,0,1,0,차대사람 - 횡단중,안전운전불이행,건조,맑음,단일로 - 기타,승용,남,40세,상해없음,보행자,여,64세,경상
2018013000100310,2018년 1월 30일 14시,화요일,충청남도 천안시 동남구 목천읍,경상사고,0,0,2,0,차대차 - 측면충돌,중앙선침범,건조,맑음,단일로 - 기타,승용,남,63세,상해없음,승용,여,37세,경상
2018013000100370,2018년 1월 30일 16시,화요일,충청남도 서산시 성연면,중상사고,0,2,0,0,차대차 - 측면충돌,직진우회전진행방해,건조,맑음,교차로 - 교차로안,승용,여,31세,중상,승용,여,69세,중상
2018013000100371,2018년 1월 30일 16시,화요일,충청남도 홍성군 구항면,경상사고,0,0,1,0,차대차 - 측면충돌,안전운전불이행,젖음/습기,흐림,교차로 - 교차로안,화물,남,65세,상해없음,승용,여,36세,경상
2018013000100405,2018년 1월 30일 17시,화요일,충청남도 예산군 삽교읍,경상사고,0,0,2,0,차대차 - 측면충돌,안전운전불이행,젖음/습기,눈,교차로 - 교차로안,승합,남,60세,경상,화물,남,48세,경상
2018013000100455,2018년 1월 30일 18시,화요일,충청남도 아산시 탕정면,경상사고,0,0,1,0,차대차 - 기타,안전운전불이행,건조,맑음,단일로 - 기타,화물,남,54세,상해없음,승합,남,27세,경상
2018013000100514,2018년 1월 30일 19시,화요일,충청남도 서산시 잠홍동,중상사고,0,1,0,0,차대차 - 추돌,신호위반,건조,맑음,교차로 - 교차로안,이륜,남,70세,중상,화물,남,59세,상해없음
2018013000100515,2018년 1월 30일 19시,화요일,충청남도 아산시 온천동,중상사고,0,1,0,0,차대사람 - 기타,안전거리미확보,건조,맑음,단일로 - 기타,이륜,남,45세,상해없음,보행자,여,83세,중상
2018013000100516,2018년 1월 30일 19시,화요일,충청남도 아산시 음봉면,경상사고,0,0,1,0,차대차 - 기타,안전운전불이행,건조,맑음,단일로 - 기타,기타불명,기타불명,미분류,기타불명,승용,남,44세,경상
2018013000100589,2018년 1월 30일 21시,화요일,충청남도 천안시 동남구 삼룡동,경상사고,0,0,1,0,차대차 - 측면충돌,신호위반,건조,맑음,교차로 - 교차로안,승용,남,55세,상해없음,승용,남,37세,경상
2018013000100615,2018년 1월 30일 22시,화요일,충청남도 논산시 내동,경상사고,0,0,1,0,차대차 - 측면충돌,직진우회전진행방해,건조,맑음,교차로 - 교차로안,승용,남,21세,상해없음,승용,여,49세,경상
2018013000100616,2018년 1월 30일 22시,화요일,충청남도 서천군 서천읍,경상사고,0,0,1,0,차량단독 - 전도전복 - 전도,안전운전불이행,건조,맑음,단일로 - 기타,화물,남,64세,경상,미분류,미분류,미분류,미분류
2018013000100641,2018년 1월 30일 23시,화요일,충청남도 천안시 서북구 두정동,경상사고,0,0,1,0,차대사람 - 기타,안전운전불이행,건조,맑음,교차로 - 교차로안,승용,남,53세,상해없음,보행자,남,33세,경상
2018013000100642,2018년 1월 30일 23시,화요일,충청남도 아산시 음봉면,중상사고,0,1,1,0,차대차 - 측면충돌,신호위반,건조,맑음,교차로 - 교차로안,승용,여,35세,상해없음,승용,여,43세,중상
2018013100100042,2018년 1월 31일 03시,수요일,충청남도 천안시 서북구 성정동,경상사고,0,0,1,0,차대사람 - 횡단중,보행자보호의무위반,건조,맑음,단일로 - 기타,승용,남,23세,상해없음,보행자,여,30세,경상
2018013100100059,2018년 1월 31일 05시,수요일,충청남도 천안시 서북구 성정동,경상사고,0,0,1,0,차대차 - 추돌,안전운전불이행,건조,맑음,단일로 - 기타,승용,남,27세,상해없음,승용,남,68세,경상
2018013100100146,2018년 1월 31일 08시,수요일,충청남도 천안시 서북구 쌍용동,중상사고,0,1,0,0,차대사람 - 횡단중,안전운전불이행,건조,맑음,교차로 - 교차로횡단보도내,승용,여,48세,상해없음,보행자,여,80세,중상
2018013100100147,2018년 1월 31일 08시,수요일,충청남도 천안시 서북구 성환읍,중상사고,0,1,0,0,차대사람 - 기타,안전운전불이행,건조,맑음,단일로 - 기타,승합,남,49세,상해없음,보행자,여,90세 이상,중상
2018013100100177,2018년 1월 31일 09시,수요일,충청남도 예산군 광시면,경상사고,0,0,1,0,차대차 - 측면충돌,안전운전불이행,건조,맑음,교차로 - 교차로부근,승용,남,49세,상해없음,이륜,남,71세,경상
2018013100100212,2018년 1월 31일 10시,수요일,충청남도 태안군 안면읍,중상사고,0,1,0,0,차대사람 - 기타,안전운전불이행,건조,맑음,단일로 - 기타,승용,여,59세,상해없음,보행자,여,63세,중상
2018013100100227,2018년 1월 31일 11시,수요일,충청남도 서산시 읍내동,경상사고,0,0,2,0,차대차 - 측면충돌,안전운전불이행,건조,맑음,기타 - 기타,승용,남,57세,경상,승용,남,50세,경상
2018013100100228,2018년 1월 31일 11시,수요일,충청남도 논산시 노성면,중상사고,0,1,1,0,차량단독 - 전도전복 - 전도,안전운전불이행,건조,맑음,단일로 - 기타,화물,남,49세,경상,미분류,미분류,미분류,미분류
2018013100100229,2018년 1월 31일 11시,수요일,충청남도 아산시 염치읍,경상사고,0,0,1,0,차대차 - 측면충돌,안전운전불이행,건조,맑음,교차로 - 교차로부근,자전거,남,10세,경상,승용,남,26세,상해없음
2018013100100286,2018년 1월 31일 13시,수요일,충청남도 예산군 삽교읍,경상사고,0,0,1,0,차대차 - 측면충돌,중앙선침범,건조,맑음,단일로 - 기타,화물,남,68세,상해없음,이륜,남,86세,경상
2018013100100327,2018년 1월 31일 15시,수요일,충청남도 공주시 정안면,중상사고,0,1,0,0,차대사람 - 기타,안전운전불이행,건조,맑음,단일로 - 기타,승용,남,25세,상해없음,보행자,여,75세,중상
2018013100100431,2018년 1월 31일 18시,수요일,충청남도 천안시 서북구 성환읍,중상사고,0,1,0,0,차대사람 - 횡단중,안전운전불이행,건조,맑음,교차로 - 교차로안,승용,여,29세,상해없음,보행자,여,58세,중상
2018013100100522,2018년 1월 31일 20시,수요일,충청남도 당진시 석문면,중상사고,0,1,0,0,차대차 - 측면충돌,교차로운행방법위반,기타,흐림,교차로 - 교차로안,화물,남,48세,상해없음,화물,남,44세,중상
2018013100100547,2018년 1월 31일 21시,수요일,충청남도 천안시 서북구 차암동,경상사고,0,0,2,0,차대차 - 추돌,안전운전불이행,건조,맑음,교차로 - 교차로부근,승용,남,36세,상해없음,승용,남,39세,경상
2018013100100598,2018년 1월 31일 23시,수요일,충청남도 서산시 석남동,중상사고,0,1,0,0,차량단독 - 공작물충돌,안전운전불이행,건조,맑음,단일로 - 기타,승용,남,39세,중상,,,,
2018013100100599,2018년 1월 31일 23시,수요일,충청남도 아산시 배방읍,경상사고,0,0,4,0,차대차 - 추돌,안전운전불이행,건조,맑음,교차로 - 교차로부근,화물,남,22세,상해없음,승용,남,26세,경상
2018020100100018,2018년 2월 1일 00시,목요일,충청남도 천안시 서북구 성성동,경상사고,0,0,1,0,차대차 - 추돌,안전운전불이행,건조,맑음,단일로 - 기타,승용,남,33세,상해없음,승용,남,49세,경상
2018020100100047,2018년 2월 1일 03시,목요일,충청남도 천안시 서북구 백석동,경상사고,0,0,1,0,차대차 - 기타,신호위반,건조,맑음,교차로 - 교차로안,승용,남,26세,상해없음,승용,여,32세,경상
2018020100100048,2018년 2월 1일 03시,목요일,충청남도 논산시 부적면,경상사고,0,0,1,0,차량단독 - 기타,안전운전불이행,건조,맑음,단일로 - 기타,승용,남,52세,경상,,,,
2018020100100094,2018년 2월 1일 07시,목요일,충청남도 예산군 신암면,경상사고,0,0,1,0,차대사람 - 횡단중,안전운전불이행,젖음/습기,안개,단일로 - 기타,화물,남,75세,상해없음,보행자,남,63세,경상
2018020100100130,2018년 2월 1일 08시,목요일,충청남도 아산시 신동,사망사고,1,0,0,0,차량단독 - 기타,안전운전불이행,건조,맑음,단일로 - 기타,이륜,남,61세,사망,,,,
2018020100100131,2018년 2월 1일 08시,목요일,충청남도 당진시 송악읍,중상사고,0,1,0,0,차대차 - 측면충돌,직진우회전진행방해,기타,맑음,교차로 - 교차로안,승용,여,61세,상해없음,승용,여,36세,중상
2018020100100132,2018년 2월 1일 08시,목요일,충청남도 금산군 금산읍,경상사고,0,0,1,0,차대차 - 측면충돌,직진우회전진행방해,건조,맑음,교차로 - 교차로안,화물,남,26세,상해없음,승용,남,58세,경상
2018020100100174,2018년 2월 1일 09시,목요일,충청남도 논산시 강경읍,경상사고,0,0,1,0,차대차 - 추돌,안전운전불이행,건조,맑음,교차로 - 교차로부근,승용,남,62세,상해없음,자전거,여,75세,경상
2018020100100175,2018년 2월 1일 09시,목요일,충청남도 홍성군 홍성읍,중상사고,0,2,0,0,차대차 - 추돌,안전운전불이행,건조,맑음,단일로 - 기타,화물,남,41세,상해없음,화물,남,64세,중상
2018020100100245,2018년 2월 1일 11시,목요일,충청남도 논산시 덕지동,경상사고,0,0,2,0,차대차 - 측면충돌,교차로운행방법위반,건조,맑음,교차로 - 교차로안,승용,남,77세,상해없음,승용,여,50세,경상
2018020100100273,2018년 2월 1일 12시,목요일,충청남도 아산시 모종동,경상사고,0,0,1,0,차대차 - 후진중충돌,안전운전불이행,건조,맑음,단일로 - 기타,화물,남,32세,상해없음,승용,남,31세,경상
2018020100100274,2018년 2월 1일 12시,목요일,충청남도 천안시 동남구 신부동,중상사고,0,2,0,0,차대차 - 측면충돌,안전운전불이행,건조,맑음,단일로 - 기타,화물,남,47세,상해없음,승용,남,69세,중상
2018020100100314,2018년 2월 1일 13시,목요일,충청남도 천안시 서북구 성정동,중상사고,0,1,0,0,차대차 - 측면충돌,교차로운행방법위반,건조,맑음,교차로 - 교차로안,승용,여,40세,상해없음,이륜,남,18세,중상
2018020100100346,2018년 2월 1일 14시,목요일,충청남도 논산시 부적면,경상사고,0,0,1,0,차대차 - 추돌,안전운전불이행,건조,맑음,교차로 - 교차로부근,승용,남,48세,상해없음,승용,남,54세,경상
2018020100100372,2018년 2월 1일 15시,목요일,충청남도 계룡시 엄사면,중상사고,0,1,0,0,차대사람 - 차도통행중,안전운전불이행,건조,맑음,교차로 - 교차로부근,화물,남,52세,상해없음,보행자,남,74세,중상
2018020100100410,2018년 2월 1일 16시,목요일,충청남도 논산시 상월면,중상사고,0,1,0,0,차대차 - 추돌,안전운전불이행,건조,맑음,단일로 - 기타,화물,남,55세,상해없음,화물,남,61세,중상
2018020100100411,2018년 2월 1일 16시,목요일,충청남도 예산군 삽교읍,중상사고,0,1,0,0,차대차 - 측면충돌,안전운전불이행,건조,맑음,단일로 - 기타,승용,여,56세,상해없음,승용,남,59세,중상