사고번호,사고일시,요일,시군구,사고내용,사망자수,중상자수,경상자수,부상신고자수,사고유형,법규위반,노면상태,기상상태,도로형태,가해운전자 차종,가해운전자 성별,가해운전자 연령,가해운전자 상해정도,피해운전자 차종,피해운전자 성별,피해운전자 연령,피해운전자 상해정도
2018020100100438,2018년 2월 1일 17시,목요일,충청남도 아산시 온천동,중상사고,0,1,0,0,차대차 - 정면충돌,안전운전불이행,건조,맑음,교차로 - 교차로안,승용,여,58세,상해없음,승용,남,46세,중상
2018020100100439,2018년 2월 1일 17시,목요일,충청남도 아산시 음봉면,중상사고,0,1,0,0,차량단독 - 기타,안전운전불이행,건조,맑음,단일로 - 기타,이륜,남,75세,중상,,,,
2018020100100537,2018년 2월 1일 19시,목요일,충청남도 논산시 강산동,중상사고,0,1,0,0,차대사람 - 기타,안전운전불이행,건조,맑음,단일로 - 기타,승용,남,32세,상해없음,보행자,여,32세,중상
2018020100100538,2018년 2월 1일 19시,목요일,충청남도 홍성군 구항면,경상사고,0,0,1,0,차대차 - 추돌,안전운전불이행,건조,맑음,단일로 - 기타,화물,남,41세,상해없음,농기계,남,40세,경상
2018020100100539,2018년 2월 1일 19시,목요일,충청남도 서천군 장항읍,경상사고,0,0,1,0,차대차 - 추돌,안전운전불이행,건조,맑음,교차로 - 교차로부근,화물,남,63세,상해없음,승용,남,45세,경상
2018020100100540,2018년 2월 1일 19시,목요일,충청남도 천안시 동남구 신방동,경상사고,0,0,1,0,차대사람 - 기타,안전운전불이행,건조,맑음,단일로 - 기타,승용,남,34세,상해없음,보행자,남,46세,경상
2018020100100581,2018년 2월 1일 20시,목요일,충청남도 태안군 태안읍,중상사고,0,1,0,0,차대차 - 추돌,안전운전불이행,젖음/습기,기타,교차로 - 교차로안,이륜,남,19세,중상,화물,남,34세,상해없음
2018020100100611,2018년 2월 1일 21시,목요일,충청남도 아산시 장존동,경상사고,0,0,1,0,차대차 - 측면충돌,중앙선침범,건조,맑음,단일로 - 기타,승용,남,44세,상해없음,화물,남,35세,경상
2018020100100645,2018년 2월 1일 22시,목요일,충청남도 홍성군 광천읍,경상사고,0,0,2,0,차대차 - 추돌,안전운전불이행,건조,맑음,교차로 - 교차로부근,승용,남,35세,상해없음,화물,남,46세,상해없음
2018020100100646,2018년 2월 1일 22시,목요일,충청남도 아산시 배방읍,부상신고사고,0,0,0,1,차대차 - 측면충돌,안전운전불이행,건조,맑음,교차로 - 교차로안,승용,남,53세,상해없음,이륜,남,50세,부상신고
2018020100100676,2018년 2월 1일 23시,목요일,충청남도 천안시 서북구 두정동,경상사고,0,0,1,0,차대차 - 기타,안전운전불이행,건조,맑음,단일로 - 기타,승용,남,39세,상해없음,승용,여,54세,경상
2018020100100677,2018년 2월 1일 23시,목요일,충청남도 천안시 서북구 쌍용동,경상사고,0,0,1,0,차대사람 - 차도통행중,안전운전불이행,건조,맑음,교차로 - 교차로안,승용,남,27세,상해없음,보행자,남,56세,경상
2018020100100678,2018년 2월 1일 23시,목요일,충청남도 천안시 동남구 삼룡동,경상사고,0,0,1,0,차대사람 - 기타,안전운전불이행,건조,맑음,단일로 - 기타,승용,남,44세,상해없음,보행자,남,69세,경상
2018020200100024,2018년 2월 2일 01시,금요일,충청남도 천안시 서북구 성정동,경상사고,0,0,2,0,차대차 - 추돌,안전운전불이행,건조,맑음,단일로 - 기타,승용,남,29세,상해없음,승용,남,45세,경상
2018020200100040,2018년 2월 2일 02시,금요일,충청남도 홍성군 홍성읍,경상사고,0,0,1,0,차대차 - 추돌,안전운전불이행,건조,맑음,단일로 - 기타,승용,남,29세,상해없음,승용,남,47세,경상
2018020200100046,2018년 2월 2일 03시,금요일,충청남도 아산시 배방읍,경상사고,0,0,1,0,차대차 - 측면충돌,안전운전불이행,건조,맑음,단일로 - 기타,승용,남,36세,상해없음,승용,여,24세,경상
2018020200100089,2018년 2월 2일 07시,금요일,충청남도 논산시 가야곡면,경상사고,0,0,1,0,차대차 - 기타,안전운전불이행,건조,맑음,단일로 - 기타,승합,남,64세,상해없음,승용,여,26세,경상
2018020200100136,2018년 2월 2일 08시,금요일,충청남도 천안시 서북구 성성동,경상사고,0,0,1,0,차대차 - 기타,안전운전불이행,건조,맑음,단일로 - 기타,특수,남,39세,경상,승용,남,58세,상해없음
2018020200100137,2018년 2월 2일 08시,금요일,충청남도 아산시 풍기동,경상사고,0,0,1,1,차대차 - 정면충돌,안전운전불이행,건조,맑음,교차로 - 교차로안,승용,남,29세,상해없음,승용,여,27세,경상
2018020200100138,2018년 2월 2일 08시,금요일,충청남도 보령시 죽정동,경상사고,0,0,1,0,차대차 - 측면충돌,과속,건조,맑음,단일로 - 기타,승용,남,33세,상해없음,화물,여,47세,경상
2018020200100139,2018년 2월 2일 08시,금요일,충청남도 청양군 화성면,중상사고,0,1,0,0,차대사람 - 차도통행중,중앙선침범,건조,맑음,단일로 - 기타,승용,여,30세,상해없음,보행자,여,71세,중상
2018020200100174,2018년 2월 2일 09시,금요일,충청남도 당진시 송악읍,경상사고,0,0,2,0,차대차 - 측면충돌,교차로운행방법위반,건조,맑음,교차로 - 교차로안,화물,남,51세,경상,승용,남,24세,경상
2018020200100175,2018년 2월 2일 09시,금요일,충청남도 태안군 태안읍,경상사고,0,0,1,0,차대사람 - 횡단중,안전운전불이행,건조,맑음,교차로 - 교차로부근,승용,남,50세,상해없음,보행자,남,74세,경상
2018020200100202,2018년 2월 2일 10시,금요일,충청남도 천안시 동남구 동면,경상사고,0,0,1,0,차대차 - 기타,안전운전불이행,건조,맑음,교차로 - 교차로안,농기계,여,74세,경상,화물,남,46세,상해없음
2018020200100251,2018년 2월 2일 12시,금요일,충청남도 서산시 동문동,경상사고,0,0,2,0,차대차 - 측면충돌,차로위반,건조,맑음,교차로 - 교차로부근,화물,남,72세,상해없음,화물,남,51세,경상
2018020200100252,2018년 2월 2일 12시,금요일,충청남도 천안시 동남구 문화동,경상사고,0,0,1,0,차량단독 - 기타,기타,건조,맑음,단일로 - 기타,승합,남,47세,상해없음,,,,
2018020200100280,2018년 2월 2일 13시,금요일,충청남도 아산시 용화동,경상사고,0,0,1,0,차대차 - 측면충돌,안전운전불이행,건조,맑음,단일로 - 기타,승용,여,21세,상해없음,승용,남,62세,경상
2018020200100316,2018년 2월 2일 14시,금요일,충청남도 태안군 안면읍,중상사고,0,2,1,0,차대차 - 정면충돌,중앙선침범,건조,맑음,단일로 - 기타,승용,남,72세,경상,승용,남,39세,중상
2018020200100358,2018년 2월 2일 15시,금요일,충청남도 서산시 읍내동,중상사고,0,1,0,0,차대차 - 정면충돌,안전운전불이행,건조,맑음,단일로 - 기타,승용,여,44세,상해없음,이륜,여,69세,중상
2018020200100389,2018년 2월 2일 16시,금요일,충청남도 당진시 신평면,경상사고,0,0,1,0,차대차 - 측면충돌,교차로운행방법위반,건조,맑음,교차로 - 교차로안,승용,남,46세,상해없음,승용,남,34세,경상
2018020200100419,2018년 2월 2일 17시,금요일,충청남도 서산시 동문동,중상사고,0,1,0,0,차대차 - 측면충돌,안전운전불이행,건조,맑음,교차로 - 교차로안,승용,여,39세,상해없음,자전거,남,60세,중상
2018020200100420,2018년 2월 2일 17시,금요일,충청남도 천안시 서북구 두정동,사망사고,1,0,0,0,차대사람 - 횡단중,안전운전불이행,건조,맑음,교차로 - 교차로부근,승합,남,37세,상해없음,보행자,남,18세,사망
2018020200100465,2018년 2월 2일 18시,금요일,충청남도 홍성군 홍성읍,중상사고,0,1,3,0,차대차 - 추돌,안전운전불이행,건조,맑음,단일로 - 기타,승용,남,36세,중상,승용,남,43세,상해없음
2018020200100511,2018년 2월 2일 19시,금요일,충청남도 부여군 규암면,중상사고,0,1,2,0,차대차 - 측면충돌,중앙선침범,건조,맑음,단일로 - 기타,승용,여,34세,중상,승용,여,56세,경상
2018020200100576,2018년 2월 2일 21시,금요일,충청남도 예산군 응봉면,부상신고사고,0,0,0,1,차량단독 - 도로외이탈 - 기타,안전운전불이행,건조,맑음,교차로 - 교차로부근,승용,남,34세,부상신고,,,,
2018020200100653,2018년 2월 2일 23시,금요일,충청남도 서산시 동문동,중상사고,0,1,0,0,차대사람 - 횡단중,보행자보호의무위반,건조,맑음,교차로 - 교차로안,승용,남,53세,기타불명,보행자,남,38세,중상
2018020200100654,2018년 2월 2일 23시,금요일,충청남도 서산시 예천동,중상사고,0,1,0,0,차대차 - 추돌,안전운전불이행,건조,맑음,단일로 - 기타,승용,남,50세,중상,화물,남,43세,기타불명
2018020200100655,2018년 2월 2일 23시,금요일,충청남도 예산군 대술면,부상신고사고,0,0,0,1,차량단독 - 도로외이탈 - 기타,안전운전불이행,건조,맑음,단일로 - 기타,화물,남,59세,부상신고,,,,
2018020300100025,2018년 2월 3일 00시,토요일,충청남도 공주시 금성동,경상사고,0,0,3,0,차대차 - 측면충돌,신호위반,건조,흐림,교차로 - 교차로안,화물,남,56세,경상,승용,남,58세,경상
2018020300100047,2018년 2월 3일 01시,토요일,충청남도 보령시 동대동,경상사고,0,0,1,0,차대사람 - 길가장자리구역통행중,안전운전불이행,건조,맑음,단일로 - 기타,승용,남,21세,상해없음,보행자,남,32세,경상
2018020300100064,2018년 2월 3일 02시,토요일,충청남도 천안시 서북구 쌍용동,경상사고,0,0,2,0,차대차 - 추돌,안전운전불이행,건조,기타,교차로 - 교차로부근,승용,남,20세,상해없음,승용,남,58세,경상
2018020300100065,2018년 2월 3일 02시,토요일,충청남도 아산시 모종동,경상사고,0,0,1,0,차대차 - 추돌,안전운전불이행,적설,눈,교차로 - 교차로안,승용,남,22세,상해없음,승용,남,65세,경상
2018020300100102,2018년 2월 3일 05시,토요일,충청남도 천안시 동남구 청수동,중상사고,0,1,0,0,차대사람 - 횡단중,안전운전불이행,적설,눈,단일로 - 기타,승용,남,31세,상해없음,보행자,여,77세,중상
2018020300100119,2018년 2월 3일 06시,토요일,충청남도 아산시 배방읍,경상사고,0,0,1,0,차대차 - 측면충돌,안전운전불이행,건조,맑음,단일로 - 기타,승용,남,35세,상해없음,이륜,남,43세,경상
2018020300100120,2018년 2월 3일 06시,토요일,충청남도 당진시 고대면,경상사고,0,0,1,0,차대차 - 기타,중앙선침범,건조,맑음,단일로 - 기타,화물,남,27세,상해없음,승용,남,31세,경상
2018020300100132,2018년 2월 3일 07시,토요일,충청남도 아산시 둔포면,경상사고,0,0,4,0,차대차 - 측면충돌,신호위반,건조,맑음,교차로 - 교차로안,화물,남,55세,상해없음,승용,남,26세,경상
2018020300100207,2018년 2월 3일 10시,토요일,충청남도 홍성군 홍성읍,중상사고,0,1,0,0,차대사람 - 기타,안전운전불이행,건조,맑음,교차로 - 교차로부근,화물,남,82세,상해없음,보행자,여,56세,중상
2018020300100208,2018년 2월 3일 10시,토요일,충청남도 당진시 순성면,중상사고,0,1,2,0,차대차 - 정면충돌,교차로운행방법위반,건조,맑음,교차로 - 교차로안,승용,남,68세,경상,승용,남,50세,중상
2018020300100300,2018년 2월 3일 12시,토요일,충청남도 천안시 서북구 성정동,경상사고,0,0,1,1,차대차 - 측면충돌,안전거리미확보,건조,맑음,단일로 - 기타,승용,남,35세,상해없음,승용,남,61세,경상
2018020300100348,2018년 2월 3일 13시,토요일,충청남도 천안시 서북구 불당동,경상사고,0,0,2,0,차대차 - 측면충돌,안전운전불이행,건조,맑음,단일로 - 기타,승용,여,32세,상해없음,승용,남,37세,경상
2018020300100349,2018년 2월 3일 13시,토요일,충청남도 보령시 명천동,중상사고,0,1,0,0,차대차 - 측면충돌,안전운전불이행,건조,맑음,교차로 - 교차로안,승용,여,60세,상해없음,이륜,남,74세,중상
2018020300100434,2018년 2월 3일 15시,토요일,충청남도 태안군 안면읍,경상사고,0,0,1,1,차대차 - 측면충돌,직진우회전진행방해,건조,흐림,교차로 - 교차로안,승용,남,31세,부상신고,승용,남,57세,상해없음
2018020300100466,2018년 2월 3일 16시,토요일,충청남도 예산군 봉산면,중상사고,0,1,0,0,차대차 - 측면충돌,직진우회전진행방해,건조,맑음,교차로 - 교차로안,승용,남,81세,상해없음,승용,여,56세,중상
2018020300100491,2018년 2월 3일 17시,토요일,충청남도 서산시 동문동,경상사고,0,0,1,0,차대사람 - 보도통행중,안전운전불이행,건조,맑음,단일로 - 기타,승용,여,69세,상해없음,보행자,여,51세,경상
2018020300100492,2018년 2월 3일 17시,토요일,충청남도 천안시 동남구 성남면,경상사고,0,0,1,0,차대차 - 측면충돌,중앙선침범,건조,맑음,단일로 - 기타,화물,남,52세,상해없음,승용,여,52세,경상
2018020300100581,2018년 2월 3일 19시,토요일,충청남도 서산시 동문동,경상사고,0,0,1,0,차대사람 - 기타,안전운전불이행,건조,맑음,기타 - 기타,승용,남,58세,상해없음,보행자,남,56세,경상
2018020300100582,2018년 2월 3일 19시,토요일,충청남도 천안시 서북구 성정동,중상사고,0,2,0,0,차대차 - 기타,차로위반,서리/결빙,눈,교차로 - 교차로안,승합,남,49세,상해없음,승용,남,34세,중상
2018020300100583,2018년 2월 3일 19시,토요일,충청남도 당진시 시곡리,경상사고,0,0,2,0,차대차 - 추돌,안전거리미확보,건조,맑음,단일로 - 기타,승용,남,54세,경상,승용,남,36세,상해없음
2018020300100736,2018년 2월 3일 23시,토요일,충청남도 당진시 송악읍,중상사고,0,1,0,0,차량단독 - 전도전복 - 전도,안전운전불이행,건조,맑음,단일로 - 기타,이륜,남,34세,중상,미분류,미분류,미분류,미분류
2018020400100016,2018년 2월 4일 00시,일요일,충청남도 천안시 동남구 구성동,경상사고,0,0,2,0,차대차 - 측면충돌,신호위반,건조,맑음,교차로 - 교차로안,승용,남,48세,상해없음,승용,남,38세,경상
2018020400100081,2018년 2월 4일 04시,일요일,충청남도 공주시 옥룡동,경상사고,0,0,1,0,차량단독 - 공작물충돌,안전운전불이행,건조,맑음,단일로 - 기타,승용,남,27세,경상,,,,
2018020400100111,2018년 2월 4일 06시,일요일,충청남도 천안시 서북구 불당동,경상사고,0,0,1,0,차대차 - 측면충돌,안전운전불이행,건조,맑음,단일로 - 기타,화물,남,45세,상해없음,승용,여,31세,경상
2018020400100121,2018년 2월 4일 07시,일요일,충청남도 천안시 동남구 삼룡동,경상사고,0,0,1,0,차대차 - 측면충돌,중앙선침범,건조,맑음,교차로 - 교차로부근,승용,남,41세,상해없음,승용,여,56세,경상
2018020400100138,2018년 2월 4일 08시,일요일,충청남도 서산시 성연면,중상사고,0,2,0,0,차대차 - 측면충돌,신호위반,건조,맑음,교차로 - 교차로안,화물,남,42세,상해없음,승용,여,69세,중상
2018020400100199,2018년 2월 4일 11시,일요일,충청남도 청양군 운곡면,경상사고,0,0,1,0,차량단독 - 도로외이탈 - 기타,안전운전불이행,건조,맑음,단일로 - 기타,승용,남,56세,경상,,,,
2018020400100220,2018년 2월 4일 12시,일요일,충청남도 서천군 서천읍,경상사고,0,0,1,0,차대차 - 측면충돌,중앙선침범,건조,맑음,단일로 - 기타,화물,남,60세,상해없음,승용,남,41세,경상
2018020400100274,2018년 2월 4일 14시,일요일,충청남도 천안시 동남구 봉명동,경상사고,0,0,1,0,차대차 - 기타,안전운전불이행,건조,맑음,교차로 - 교차로안,승용,여,50세,상해없음,이륜,남,26세,경상
2018020400100326,2018년 2월 4일 16시,일요일,충청남도 당진시 시곡리,중상사고,0,1,0,0,차대사람 - 보도통행중,안전운전불이행,건조,맑음,기타 - 기타,승용,남,62세,상해없음,보행자,여,2세,중상
2018020400100387,2018년 2월 4일 18시,일요일,충청남도 서천군 장항읍,사망사고,1,0,0,0,차대사람 - 차도통행중,안전운전불이행,건조,맑음,교차로 - 교차로안,승용,남,37세,상해없음,보행자,여,75세,사망
2018020400100388,2018년 2월 4일 18시,일요일,충청남도 천안시 동남구 풍세면,중상사고,0,1,0,0,차량단독 - 전도전복 - 전도,안전운전불이행,건조,맑음,단일로 - 기타,화물,남,25세,상해없음,미분류,미분류,미분류,미분류
2018020400100420,2018년 2월 4일 19시,일요일,충청남도 예산군 오가면,경상사고,0,0,3,0,차대차 - 후진중충돌,안전운전불이행,건조,맑음,단일로 - 기타,화물,남,61세,상해없음,승용,남,68세,경상
2018020400100476,2018년 2월 4일 21시,일요일,충청남도 아산시 인주면,경상사고,0,0,1,0,차대차 - 측면충돌,안전운전불이행,건조,맑음,교차로 - 교차로안,승용,남,61세,상해없음,승용,남,40세,경상
2018020400100527,2018년 2월 4일 23시,일요일,충청남도 공주시 신관동,경상사고,0,0,1,0,차대차 - 추돌,안전운전불이행,건조,흐림,교차로 - 교차로부근,승용,여,33세,상해없음,승용,여,43세,경상
2018020500100015,2018년 2월 5일 00시,월요일,충청남도 천안시 서북구 성정동,경상사고,0,0,1,0,차대차 - 추돌,안전운전불이행,건조,맑음,단일로 - 기타,승용,남,43세,상해없음,승용,남,50세,경상
2018020500100028,2018년 2월 5일 01시,월요일,충청남도 서산시 읍내동,중상사고,0,1,0,0,차대차 - 측면충돌,직진우회전진행방해,건조,맑음,교차로 - 교차로안,승용,남,27세,상해없음,승용,여,24세,중상
2018020500100053,2018년 2월 5일 05시,월요일,충청남도 천안시 서북구 성정동,경상사고,0,0,1,0,차대사람 - 횡단중,보행자보호의무위반,건조,맑음,교차로 - 교차로부근,승용,남,64세,상해없음,보행자,여,37세,경상
2018020500100088,2018년 2월 5일 07시,월요일,충청남도 천안시 동남구 목천읍,경상사고,0,0,2,0,차대차 - 측면충돌,안전운전불이행,건조,맑음,교차로 - 교차로안,승용,남,59세,상해없음,화물,남,73세,경상
2018020500100089,2018년 2월 5일 07시,월요일,충청남도 천안시 동남구 구성동,중상사고,0,1,0,0,차대차 - 측면충돌,안전운전불이행,건조,맑음,교차로 - 교차로안,승용,남,66세,기타불명,승용,여,57세,중상
2018020500100124,2018년 2월 5일 08시,월요일,충청남도 홍성군 광천읍,경상사고,0,0,1,0,차대차 - 측면충돌,교차로운행방법위반,건조,맑음,교차로 - 교차로안,승용,여,65세,상해없음,이륜,남,56세,경상
2018020500100220,2018년 2월 5일 10시,월요일,충청남도 논산시 강경읍,경상사고,0,0,1,0,차대차 - 측면충돌,안전운전불이행,건조,맑음,단일로 - 기타,화물,남,67세,상해없음,승용,여,27세,경상
2018020500100288,2018년 2월 5일 12시,월요일,충청남도 천안시 동남구 신방동,중상사고,0,1,0,0,차대차 - 측면충돌,교차로운행방법위반,건조,맑음,교차로 - 교차로안,승용,여,47세,기타불명,승용,여,30세,중상
2018020500100315,2018년 2월 5일 13시,월요일,충청남도 당진시 읍내리,중상사고,0,1,0,0,차대차 - 측면충돌,교차로운행방법위반,건조,맑음,교차로 - 교차로안,승용,남,46세,상해없음,이륜,남,21세,중상
2018020500100348,2018년 2월 5일 14시,월요일,충청남도 서산시 읍내동,경상사고,0,0,1,0,차대차 - 측면충돌,안전운전불이행,건조,맑음,단일로 - 기타,화물,남,58세,상해없음,이륜,남,34세,경상
2018020500100349,2018년 2월 5일 14시,월요일,충청남도 서산시 예천동,경상사고,0,0,1,0,차대차 - 후진중충돌,안전운전불이행,건조,맑음,교차로 - 교차로부근,승합,남,48세,상해없음,이륜,남,17세,경상
2018020500100350,2018년 2월 5일 14시,월요일,충청남도 예산군 오가면,중상사고,0,1,1,0,차대차 - 측면충돌,직진우회전진행방해,건조,맑음,교차로 - 교차로안,승용,남,55세,중상,승용,남,63세,경상
2018020500100351,2018년 2월 5일 14시,월요일,충청남도 예산군 예산읍,경상사고,0,0,1,0,차대사람 - 기타,안전운전불이행,건조,맑음,단일로 - 기타,승합,남,52세,상해없음,보행자,여,48세,경상
2018020500100494,2018년 2월 5일 18시,월요일,충청남도 태안군 소원면,중상사고,0,1,0,0,차량단독 - 공작물충돌,안전운전불이행,건조,맑음,단일로 - 기타,승용,여,56세,중상,,,,
2018020500100495,2018년 2월 5일 18시,월요일,충청남도 태안군 고남면,중상사고,0,1,0,0,차대사람 - 횡단중,안전운전불이행,건조,맑음,교차로 - 교차로부근,승용,남,59세,상해없음,보행자,여,68세,중상
2018020500100532,2018년 2월 5일 19시,월요일,충청남도 공주시 웅진동,중상사고,0,1,0,0,차대사람 - 차도통행중,신호위반,건조,맑음,교차로 - 교차로부근,승용,남,40세,상해없음,보행자,남,65세,중상
2018020500100533,2018년 2월 5일 19시,월요일,충청남도 태안군 태안읍,경상사고,0,0,3,0,차대차 - 측면충돌,직진우회전진행방해,건조,맑음,교차로 - 교차로안,승용,남,27세,경상,승용,남,71세,경상
2018020500100561,2018년 2월 5일 20시,월요일,충청남도 논산시 연무읍,중상사고,0,1,0,0,차대사람 - 길가장자리구역통행중,안전운전불이행,건조,맑음,교차로 - 교차로부근,승용,남,28세,상해없음,보행자,남,43세,중상
2018020500100589,2018년 2월 5일 21시,월요일,충청남도 천안시 서북구 백석동,경상사고,0,0,1,0,차대차 - 측면충돌,안전운전불이행,건조,맑음,교차로 - 교차로안,승용,남,35세,상해없음,승용,남,34세,경상
2018020600100012,2018년 2월 6일 00시,화요일,충청남도 천안시 동남구 신방동,경상사고,0,0,1,0,차대차 - 측면충돌,신호위반,건조,맑음,교차로 - 교차로안,승용,남,41세,상해없음,승용,남,51세,경상
2018020600100024,2018년 2월 6일 01시,화요일,충청남도 천안시 서북구 성정동,경상사고,0,0,2,0,차대차 - 측면충돌,신호위반,건조,맑음,교차로 - 교차로안,승용,남,28세,상해없음,승용,남,57세,경상
2018020600100053,2018년 2월 6일 05시,화요일,충청남도 보령시 청라면,사망사고,1,0,0,0,차대사람 - 횡단중,안전운전불이행,건조,맑음,단일로 - 기타,승용,남,39세,상해없음,보행자,남,81세,사망
2018020600100070,2018년 2월 6일 06시,화요일,충청남도 천안시 서북구 백석동,중상사고,0,2,1,0,차대차 - 측면충돌,신호위반,건조,맑음,교차로 - 교차로안,승용,남,38세,중상,승용,남,24세,경상
2018020600100091,2018년 2월 6일 07시,화요일,충청남도 아산시 모종동,중상사고,0,1,0,0,차대사람 - 횡단중,보행자보호의무위반,건조,맑음,교차로 - 교차로횡단보도내,승용,여,28세,상해없음,보행자,남,73세,중상
2018020600100092,2018년 2월 6일 07시,화요일,충청남도 아산시 탕정면,중상사고,0,1,0,0,차대차 - 추돌,신호위반,건조,맑음,교차로 - 교차로안,승용,남,71세,상해없음,이륜,남,52세,중상
2018020600100093,2018년 2월 6일 07시,화요일,충청남도 아산시 실옥동,경상사고,0,0,1,0,차대차 - 정면충돌,안전운전불이행,건조,맑음,교차로 - 교차로부근,승용,여,48세,상해없음,승용,남,36세,경상
2018020600100094,2018년 2월 6일 07시,화요일,충청남도 보령시 동대동,중상사고,0,1,1,0,차대차 - 측면충돌,안전운전불이행,건조,맑음,교차로 - 교차로안,승용,남,66세,상해없음,승용,남,24세,경상
2018020600100174,2018년 2월 6일 09시,화요일,충청남도 천안시 동남구 성남면,경상사고,0,0,1,0,차대차 - 측면충돌,신호위반,건조,맑음,교차로 - 교차로안,화물,남,45세,상해없음,화물,남,59세,경상
2018020600100233,2018년 2월 6일 11시,화요일,충청남도 천안시 동남구 병천면,부상신고사고,0,0,0,1,차대차 - 측면충돌,직진우회전진행방해,건조,맑음,교차로 - 교차로안,화물,남,58세,상해없음,이륜,남,82세,부상신고
2018020600100270,2018년 2월 6일 12시,화요일,충청남도 홍성군 홍성읍,경상사고,0,0,1,0,차대차 - 후진중충돌,안전운전불이행,건조,맑음,단일로 - 기타,승용,남,52세,상해없음,승용,남,56세,경상
2018020600100271,2018년 2월 6일 12시,화요일,충청남도 보령시 대천동,경상사고,0,0,1,0,차대사람 - 기타,안전운전불이행,건조,맑음,단일로 - 기타,화물,남,58세,상해없음,보행자,남,42세,경상
2018020600100299,2018년 2월 6일 13시,화요일,충청남도 서산시 예천동,경상사고,0,0,3,0,차대차 - 측면충돌,불법유턴,건조,맑음,교차로 - 교차로부근,승용,남,26세,상해없음,승용,여,55세,경상
2018020600100300,2018년 2월 6일 13시,화요일,충청남도 천안시 서북구 성정동,중상사고,0,1,0,0,차대차 - 측면충돌,신호위반,건조,맑음,교차로 - 교차로안,화물,남,48세,상해없음,승합,남,68세,중상
2018020600100301,2018년 2월 6일 13시,화요일,충청남도 천안시 서북구 성환읍,중상사고,0,1,1,0,차대차 - 정면충돌,중앙선침범,건조,맑음,단일로 - 기타,승용,남,79세,상해없음,승용,여,60세,경상
2018020600100303,2018년 2월 6일 13시,화요일,충청남도 천안시 동남구 영성동,경상사고,0,0,1,0,차대차 - 측면충돌,안전운전불이행,건조,맑음,교차로 - 교차로부근,화물,남,46세,상해없음,자전거,남,78세,경상
2018020600100435,2018년 2월 6일 17시,화요일,충청남도 천안시 동남구 구성동,경상사고,0,0,1,0,차대차 - 추돌,안전운전불이행,건조,맑음,단일로 - 기타,승용,남,46세,상해없음,승용,남,49세,경상
2018020600100436,2018년 2월 6일 17시,화요일,충청남도 태안군 태안읍,중상사고,0,1,0,0,차대차 - 추돌,안전운전불이행,건조,맑음,교차로 - 교차로부근,화물,남,71세,상해없음,화물,여,60세,중상
2018020600100477,2018년 2월 6일 18시,화요일,충청남도 논산시 연무읍,경상사고,0,0,1,0,차대차 - 측면충돌,안전운전불이행,건조,맑음,교차로 - 교차로부근,승용,남,54세,상해없음,이륜,남,17세,경상
2018020600100478,2018년 2월 6일 18시,화요일,충청남도 보령시 동대동,경상사고,0,0,1,0,차대차 - 기타,안전운전불이행,건조,맑음,교차로 - 교차로부근,승용,여,37세,상해없음,승용,남,47세,경상
2018020600100479,2018년 2월 6일 18시,화요일,충청남도 부여군 부여읍,경상사고,0,0,3,0,차대차 - 측면충돌,교차로운행방법위반,건조,맑음,교차로 - 교차로안,승용,남,59세,상해없음,승용,남,22세,경상
2018020600100480,2018년 2월 6일 18시,화요일,충청남도 당진시 읍내리,중상사고,0,1,1,0,차대차 - 추돌,안전운전불이행,건조,맑음,단일로 - 기타,승용,남,37세,상해없음,승용,여,60세,경상
2018020600100518,2018년 2월 6일 19시,화요일,충청남도 천안시 동남구 신부동,중상사고,0,1,0,0,차대사람 - 길가장자리구역통행중,안전운전불이행,건조,맑음,단일로 - 기타,승용,남,60세,상해없음,보행자,남,36세,중상
2018020600100519,2018년 2월 6일 19시,화요일,충청남도 천안시 동남구 봉명동,경상사고,0,0,1,0,차대사람 - 횡단중,안전운전불이행,건조,맑음,교차로 - 교차로안,승용,남,53세,상해없음,보행자,남,50세,경상
2018020600100555,2018년 2월 6일 20시,화요일,충청남도 천안시 서북구 백석동,경상사고,0,0,1,0,차대차 - 추돌,안전운전불이행,건조,맑음,교차로 - 교차로부근,승용,여,25세,상해없음,승용,남,55세,경상
2018020600100556,2018년 2월 6일 20시,화요일,충청남도 당진시 석문면,경상사고,0,0,2,0,차대차 - 측면충돌,신호위반,건조,맑음,교차로 - 교차로안,승용,남,36세,경상,승용,남,54세,경상
2018020600100580,2018년 2월 6일 21시,화요일,충청남도 서산시 대산읍,중상사고,0,1,0,0,차대사람 - 횡단중,안전운전불이행,건조,맑음,교차로 - 교차로부근,승용,남,51세,상해없음,보행자,여,56세,중상
2018020600100581,2018년 2월 6일 21시,화요일,충청남도 서산시 석림동,경상사고,0,0,3,0,차대차 - 추돌,안전운전불이행,건조,맑음,교차로 - 교차로부근,승용,남,54세,상해없음,승용,남,37세,경상
2018020600100582,2018년 2월 6일 21시,화요일,충청남도 천안시 서북구 두정동,경상사고,0,0,1,0,차대차 - 추돌,차로위반,적설,눈,교차로 - 교차로부근,승용,여,44세,경상,승용,여,42세,상해없음
2018020600100615,2018년 2월 6일 22시,화요일,충청남도 천안시 동남구 신부동,중상사고,0,1,0,0,차대사람 - 보도통행중,신호위반,건조,맑음,단일로 - 기타,승용,남,42세,상해없음,보행자,여,21세,중상
2018020600100639,2018년 2월 6일 23시,화요일,충청남도 공주시 이인면,경상사고,0,0,1,0,차대차 - 추돌,안전운전불이행,건조,흐림,단일로 - 기타,승용,남,35세,기타불명,승용,여,51세,경상