사고번호,사고일시,요일,시군구,사고내용,사망자수,중상자수,경상자수,부상신고자수,사고유형,법규위반,노면상태,기상상태,도로형태,가해운전자 차종,가해운전자 성별,가해운전자 연령,가해운전자 상해정도,피해운전자 차종,피해운전자 성별,피해운전자 연령,피해운전자 상해정도
2018020700100071,2018년 2월 7일 05시,수요일,충청남도 천안시 동남구 신방동,중상사고,0,1,1,0,차대사람 - 보도통행중,기타,젖음/습기,흐림,교차로 - 교차로부근,승합,남,52세,경상,보행자,남,62세,중상
2018020700100111,2018년 2월 7일 07시,수요일,충청남도 천안시 서북구 쌍용동,경상사고,0,0,1,0,차대차 - 기타,교차로운행방법위반,건조,맑음,교차로 - 교차로부근,승용,남,61세,상해없음,승합,남,42세,경상
2018020700100149,2018년 2월 7일 08시,수요일,충청남도 천안시 서북구 입장면,중상사고,0,1,0,0,차대차 - 추돌,안전운전불이행,건조,맑음,단일로 - 기타,화물,남,64세,상해없음,자전거,남,60세,중상
2018020700100150,2018년 2월 7일 08시,수요일,충청남도 당진시 합덕읍,경상사고,0,0,1,0,차대차 - 기타,안전운전불이행,건조,맑음,교차로 - 교차로부근,승용,여,60세,경상,특수,남,48세,상해없음
2018020700100190,2018년 2월 7일 09시,수요일,충청남도 서산시 음암면,중상사고,0,1,0,0,차대차 - 측면충돌,직진우회전진행방해,건조,맑음,교차로 - 교차로안,승용,남,47세,상해없음,이륜,남,77세,중상
2018020700100191,2018년 2월 7일 09시,수요일,충청남도 당진시 시곡리,경상사고,0,0,1,0,차대차 - 측면충돌,차로위반,건조,맑음,단일로 - 기타,화물,남,73세,상해없음,승용,남,30세,경상
2018020700100192,2018년 2월 7일 09시,수요일,충청남도 천안시 동남구 풍세면,중상사고,0,1,3,0,차대차 - 기타,안전운전불이행,건조,맑음,단일로 - 기타,승용,남,34세,상해없음,승용,남,26세,경상
2018020700100251,2018년 2월 7일 11시,수요일,충청남도 천안시 서북구 불당동,경상사고,0,0,3,0,차대차 - 측면충돌,신호위반,건조,맑음,교차로 - 교차로안,승용,남,52세,상해없음,승용,여,29세,경상
2018020700100277,2018년 2월 7일 12시,수요일,충청남도 아산시 권곡동,중상사고,0,1,0,0,차대사람 - 기타,안전운전불이행,건조,맑음,단일로 - 기타,승용,남,68세,상해없음,보행자,여,58세,중상
2018020700100337,2018년 2월 7일 14시,수요일,충청남도 천안시 동남구 신방동,중상사고,0,1,0,0,차대차 - 측면충돌,안전운전불이행,기타,흐림,교차로 - 교차로안,승용,여,49세,상해없음,원동기,남,34세,중상
2018020700100406,2018년 2월 7일 16시,수요일,충청남도 서산시 수석동,경상사고,0,0,1,0,차대차 - 측면충돌,안전운전불이행,건조,맑음,교차로 - 교차로안,승용,여,33세,상해없음,승용,남,54세,경상
2018020700100444,2018년 2월 7일 17시,수요일,충청남도 천안시 동남구 광덕면,중상사고,0,1,0,0,차대사람 - 횡단중,안전운전불이행,건조,맑음,단일로 - 기타,승합,남,47세,상해없음,보행자,여,17세,중상
2018020700100503,2018년 2월 7일 18시,수요일,충청남도 당진시 대덕리,중상사고,0,2,0,0,차대차 - 측면충돌,직진우회전진행방해,건조,맑음,교차로 - 교차로안,승용,남,23세,상해없음,승용,남,39세,중상
2018020700100553,2018년 2월 7일 19시,수요일,충청남도 당진시 읍내리,경상사고,0,0,1,0,차대차 - 후진중충돌,안전운전불이행,건조,맑음,단일로 - 기타,승용,여,43세,상해없음,승용,남,29세,경상
2018020700100601,2018년 2월 7일 20시,수요일,충청남도 당진시 고대면,경상사고,0,0,1,0,차대차 - 측면충돌,안전운전불이행,건조,맑음,교차로 - 교차로안,화물,남,56세,상해없음,승용,여,39세,경상
2018020700100666,2018년 2월 7일 22시,수요일,충청남도 계룡시 엄사면,경상사고,0,0,3,0,차대차 - 측면충돌,교차로운행방법위반,건조,맑음,교차로 - 교차로안,화물,남,49세,상해없음,승합,남,45세,경상
2018020700100667,2018년 2월 7일 22시,수요일,충청남도 아산시 온천동,중상사고,0,1,0,0,차대사람 - 횡단중,안전운전불이행,건조,기타,교차로 - 교차로횡단보도내,승용,남,75세,상해없음,보행자,여,44세,중상
2018020800100016,2018년 2월 8일 00시,목요일,충청남도 천안시 서북구 성정동,중상사고,0,1,1,0,차대차 - 정면충돌,중앙선침범,건조,맑음,교차로 - 교차로부근,승용,남,25세,상해없음,승용,남,54세,경상
2018020800100109,2018년 2월 8일 07시,목요일,충청남도 공주시 의당면,경상사고,0,0,1,0,차대차 - 측면충돌,안전운전불이행,건조,맑음,교차로 - 교차로안,승용,여,48세,상해없음,승용,남,37세,경상
2018020800100196,2018년 2월 8일 09시,목요일,충청남도 서산시 동문동,중상사고,0,2,0,0,차대차 - 기타,교차로운행방법위반,건조,맑음,교차로 - 교차로안,승용,남,80세,상해없음,승합,남,40세,상해없음
2018020800100197,2018년 2월 8일 09시,목요일,충청남도 아산시 송악면,중상사고,0,1,0,0,차량단독 - 도로외이탈 - 추락,중앙선침범,건조,맑음,단일로 - 기타,승용,남,57세,중상,,,,
2018020800100265,2018년 2월 8일 11시,목요일,충청남도 태안군 소원면,경상사고,0,0,1,0,차대차 - 측면충돌,안전운전불이행,건조,맑음,단일로 - 기타,건설기계,남,44세,상해없음,특수,남,45세,경상
2018020800100332,2018년 2월 8일 13시,목요일,충청남도 서산시 부석면,중상사고,0,1,0,0,차대차 - 측면충돌,기타,건조,맑음,교차로 - 교차로안,건설기계,남,59세,상해없음,이륜,남,87세,중상
2018020800100365,2018년 2월 8일 14시,목요일,충청남도 천안시 동남구 다가동,경상사고,0,0,1,0,차대차 - 측면충돌,중앙선침범,건조,맑음,교차로 - 교차로부근,승용,여,34세,상해없음,승용,여,24세,경상
2018020800100409,2018년 2월 8일 15시,목요일,충청남도 천안시 동남구 광덕면,중상사고,0,1,1,0,차대차 - 정면충돌,중앙선침범,건조,맑음,단일로 - 기타,승용,남,64세,기타불명,승용,여,43세,중상
2018020800100460,2018년 2월 8일 16시,목요일,충청남도 아산시 온천동,경상사고,0,0,1,0,차대사람 - 기타,안전운전불이행,건조,맑음,단일로 - 기타,승용,여,21세,상해없음,보행자,남,66세,경상
2018020800100493,2018년 2월 8일 17시,목요일,충청남도 천안시 서북구 백석동,부상신고사고,0,0,0,1,차대차 - 기타,안전운전불이행,건조,맑음,단일로 - 기타,이륜,남,37세,부상신고,승용,여,51세,상해없음
2018020800100494,2018년 2월 8일 17시,목요일,충청남도 예산군 예산읍,경상사고,0,0,1,0,차대차 - 기타,중앙선침범,건조,맑음,교차로 - 교차로부근,승용,남,59세,상해없음,승합,남,56세,상해없음
2018020800100495,2018년 2월 8일 17시,목요일,충청남도 당진시 신평면,경상사고,0,0,1,0,차대차 - 측면충돌,안전운전불이행,건조,맑음,단일로 - 기타,이륜,남,17세,경상,승용,남,42세,상해없음
2018020800100534,2018년 2월 8일 18시,목요일,충청남도 공주시 오곡동,중상사고,0,1,0,0,차량단독 - 전도전복 - 전도,안전운전불이행,건조,흐림,단일로 - 기타,이륜,남,62세,중상,미분류,미분류,미분류,미분류
2018020800100587,2018년 2월 8일 19시,목요일,충청남도 천안시 서북구 성거읍,경상사고,0,0,3,0,차대차 - 추돌,안전운전불이행,건조,맑음,단일로 - 기타,승용,남,58세,경상,승용,남,48세,상해없음
2018020800100588,2018년 2월 8일 19시,목요일,충청남도 보령시 남포면,중상사고,0,1,0,0,차대차 - 측면충돌,직진우회전진행방해,건조,맑음,교차로 - 교차로안,승용,여,43세,상해없음,승용,여,46세,중상
2018020800100625,2018년 2월 8일 20시,목요일,충청남도 서산시 읍내동,중상사고,0,1,0,0,차대사람 - 횡단중,신호위반,건조,맑음,교차로 - 교차로횡단보도내,승용,여,42세,상해없음,보행자,여,54세,중상
2018020800100662,2018년 2월 8일 21시,목요일,충청남도 천안시 서북구 쌍용동,경상사고,0,0,1,0,차대사람 - 기타,안전운전불이행,건조,맑음,단일로 - 기타,승용,여,45세,상해없음,보행자,남,46세,경상
2018020900100055,2018년 2월 9일 03시,금요일,충청남도 아산시 배방읍,경상사고,0,0,2,0,차대차 - 측면충돌,안전운전불이행,건조,맑음,기타 - 기타,승용,남,29세,상해없음,승용,남,29세,경상
2018020900100056,2018년 2월 9일 03시,금요일,충청남도 당진시 읍내리,경상사고,0,0,1,0,차량단독 - 공작물충돌,안전운전불이행,건조,맑음,단일로 - 기타,승합,남,41세,경상,,,,
2018020900100063,2018년 2월 9일 04시,금요일,충청남도 공주시 봉황동,경상사고,0,0,1,0,차량단독 - 전도전복 - 전도,안전운전불이행,건조,흐림,교차로 - 교차로부근,승용,남,32세,경상,미분류,미분류,미분류,미분류
2018020900100211,2018년 2월 9일 10시,금요일,충청남도 논산시 내동,경상사고,0,0,1,0,차대차 - 후진중충돌,기타,건조,맑음,단일로 - 기타,승용,여,38세,상해없음,승용,여,42세,경상
2018020900100251,2018년 2월 9일 11시,금요일,충청남도 아산시 온천동,경상사고,0,0,1,0,차대사람 - 차도통행중,안전운전불이행,건조,맑음,단일로 - 기타,기타불명,기타불명,미분류,기타불명,보행자,여,77세,경상
2018020900100252,2018년 2월 9일 11시,금요일,충청남도 천안시 동남구 다가동,경상사고,0,0,2,0,차대차 - 추돌,안전거리미확보,건조,맑음,단일로 - 기타,승용,남,63세,상해없음,승용,남,37세,경상
2018020900100327,2018년 2월 9일 13시,금요일,충청남도 홍성군 금마면,경상사고,0,0,2,0,차대차 - 추돌,안전운전불이행,건조,맑음,교차로 - 교차로부근,화물,남,29세,경상,승용,여,46세,경상
2018020900100328,2018년 2월 9일 13시,금요일,충청남도 당진시 대덕리,경상사고,0,0,1,0,차대차 - 측면충돌,신호위반,건조,맑음,교차로 - 교차로안,승용,여,43세,상해없음,승용,남,32세,경상
2018020900100354,2018년 2월 9일 14시,금요일,충청남도 서산시 동문동,경상사고,0,0,1,0,차대사람 - 기타,보행자보호의무위반,건조,맑음,교차로 - 교차로횡단보도내,승용,남,62세,상해없음,보행자,여,19세,경상
2018020900100355,2018년 2월 9일 14시,금요일,충청남도 보령시 동대동,중상사고,0,1,0,0,차대차 - 측면충돌,신호위반,건조,맑음,교차로 - 교차로안,승용,여,37세,상해없음,이륜,여,50세,중상
2018020900100356,2018년 2월 9일 14시,금요일,충청남도 당진시 합덕읍,중상사고,0,1,2,0,차대차 - 측면충돌,직진우회전진행방해,건조,맑음,교차로 - 교차로안,승용,남,79세,경상,화물,남,70세,경상
2018020900100357,2018년 2월 9일 14시,금요일,충청남도 천안시 동남구 신방동,중상사고,0,1,3,0,차대차 - 측면충돌,신호위반,건조,맑음,교차로 - 교차로안,승용,남,75세,경상,승용,남,55세,경상
2018020900100387,2018년 2월 9일 15시,금요일,충청남도 논산시 노성면,경상사고,0,0,1,0,차대차 - 측면충돌,직진우회전진행방해,건조,맑음,교차로 - 교차로안,농기계,남,80세,경상,화물,남,53세,상해없음
2018020900100422,2018년 2월 9일 16시,금요일,충청남도 논산시 부적면,경상사고,0,0,1,0,차대차 - 측면충돌,신호위반,건조,맑음,교차로 - 교차로부근,화물,남,46세,상해없음,승합,남,46세,경상
2018020900100465,2018년 2월 9일 17시,금요일,충청남도 예산군 예산읍,경상사고,0,0,1,0,차대차 - 정면충돌,안전운전불이행,건조,맑음,기타 - 기타,승용,남,76세,경상,승용,남,43세,상해없음
2018020900100516,2018년 2월 9일 18시,금요일,충청남도 천안시 서북구 부대동,경상사고,0,0,1,0,차대차 - 측면충돌,안전운전불이행,건조,맑음,교차로 - 교차로부근,화물,남,64세,상해없음,승용,남,41세,경상
2018020900100517,2018년 2월 9일 18시,금요일,충청남도 아산시 신창면,경상사고,0,0,1,0,차대차 - 추돌,안전운전불이행,젖음/습기,비,단일로 - 기타,화물,남,71세,상해없음,승용,여,49세,경상
2018020900100518,2018년 2월 9일 18시,금요일,충청남도 아산시 용화동,경상사고,0,0,1,0,차대차 - 측면충돌,중앙선침범,건조,맑음,기타 - 기타,승합,남,63세,상해없음,이륜,남,20세,경상
2018020900100583,2018년 2월 9일 19시,금요일,충청남도 공주시 유구읍,사망사고,1,0,0,0,차대차 - 기타,안전운전불이행,건조,맑음,단일로 - 기타,화물,남,64세,사망,화물,남,49세,상해없음
2018020900100633,2018년 2월 9일 20시,금요일,충청남도 서산시 동문동,중상사고,0,1,0,0,차대차 - 측면충돌,중앙선침범,건조,맑음,교차로 - 교차로안,화물,남,64세,상해없음,승용,남,53세,중상
2018020900100634,2018년 2월 9일 20시,금요일,충청남도 천안시 서북구 두정동,경상사고,0,0,3,0,차대차 - 추돌,안전운전불이행,건조,맑음,단일로 - 기타,승용,여,30세,경상,승용,남,38세,경상
2018020900100674,2018년 2월 9일 21시,금요일,충청남도 천안시 서북구 쌍용동,경상사고,0,0,2,0,차대차 - 추돌,안전운전불이행,건조,맑음,교차로 - 교차로안,승용,여,49세,상해없음,승용,여,22세,경상
2018020900100715,2018년 2월 9일 22시,금요일,충청남도 아산시 온천동,경상사고,0,0,1,0,차대사람 - 보도통행중,안전운전불이행,건조,맑음,기타 - 기타,승용,남,54세,상해없음,보행자,남,39세,경상
2018020900100761,2018년 2월 9일 23시,금요일,충청남도 당진시 읍내리,경상사고,0,0,3,0,차대차 - 기타,직진우회전진행방해,기타,맑음,교차로 - 교차로안,승용,여,46세,경상,승용,남,20세,경상
2018021000100016,2018년 2월 10일 00시,토요일,충청남도 천안시 서북구 입장면,중상사고,0,1,2,0,차대차 - 측면충돌,신호위반,건조,맑음,교차로 - 교차로안,화물,남,37세,상해없음,승용,남,27세,중상
2018021000100042,2018년 2월 10일 01시,토요일,충청남도 천안시 서북구 성정동,경상사고,0,0,1,0,차대차 - 기타,신호위반,건조,맑음,교차로 - 교차로부근,이륜,남,33세,경상,승용,남,60세,상해없음
2018021000100043,2018년 2월 10일 01시,토요일,충청남도 천안시 서북구 백석동,경상사고,0,0,1,0,차대차 - 추돌,안전거리미확보,건조,맑음,단일로 - 기타,승용,여,31세,상해없음,승용,남,50세,상해없음
2018021000100044,2018년 2월 10일 01시,토요일,충청남도 당진시 송악읍,중상사고,0,1,1,0,차대사람 - 차도통행중,안전운전불이행,건조,맑음,단일로 - 기타,승용,남,62세,상해없음,보행자,남,29세,중상
2018021000100045,2018년 2월 10일 01시,토요일,충청남도 당진시 읍내리,경상사고,0,0,2,0,차대차 - 추돌,안전운전불이행,건조,맑음,기타 - 기타,승용,남,23세,상해없음,승용,남,44세,경상
2018021000100067,2018년 2월 10일 02시,토요일,충청남도 보령시 신흑동,중상사고,0,1,1,0,차대차 - 정면충돌,중앙선침범,건조,맑음,단일로 - 기타,승용,여,32세,중상,승용,남,55세,경상
2018021000100096,2018년 2월 10일 04시,토요일,충청남도 천안시 서북구 성정동,중상사고,0,1,2,0,차대차 - 측면충돌,신호위반,건조,맑음,교차로 - 교차로안,승용,남,24세,상해없음,승용,남,55세,경상
2018021000100097,2018년 2월 10일 04시,토요일,충청남도 태안군 태안읍,부상신고사고,0,0,0,1,차량단독 - 도로외이탈 - 기타,안전운전불이행,건조,흐림,단일로 - 기타,승용,남,33세,부상신고,,,,
2018021000100130,2018년 2월 10일 07시,토요일,충청남도 홍성군 금마면,경상사고,0,0,1,0,차대차 - 추돌,안전운전불이행,건조,맑음,단일로 - 기타,사륜오토바이(ATV),남,75세,경상,승용,남,37세,상해없음
2018021000100170,2018년 2월 10일 09시,토요일,충청남도 논산시 취암동,경상사고,0,0,1,0,차대차 - 측면충돌,안전운전불이행,건조,맑음,교차로 - 교차로안,승용,남,48세,상해없음,승용,남,36세,경상
2018021000100171,2018년 2월 10일 09시,토요일,충청남도 공주시 우성면,경상사고,0,0,1,0,차대차 - 기타,중앙선침범,건조,맑음,기타 - 기타,승용,남,63세,상해없음,승용,여,34세,경상
2018021000100174,2018년 2월 10일 09시,토요일,충청남도 예산군 예산읍,경상사고,0,0,1,0,차대차 - 측면충돌,직진우회전진행방해,건조,맑음,교차로 - 교차로안,승용,여,43세,경상,승합,남,65세,상해없음
2018021000100202,2018년 2월 10일 10시,토요일,충청남도 논산시 관촉동,중상사고,0,2,1,0,차대차 - 측면충돌,중앙선침범,건조,맑음,교차로 - 교차로부근,승용,여,27세,경상,승용,여,44세,중상
2018021000100305,2018년 2월 10일 14시,토요일,충청남도 천안시 서북구 불당동,경상사고,0,0,2,0,차대차 - 추돌,안전운전불이행,건조,맑음,교차로 - 교차로안,승용,여,36세,상해없음,승용,남,23세,경상
2018021000100306,2018년 2월 10일 14시,토요일,충청남도 금산군 금산읍,경상사고,0,0,2,0,차대차 - 측면충돌,직진우회전진행방해,건조,맑음,교차로 - 교차로안,승용,여,43세,경상,화물,남,52세,경상
2018021000100393,2018년 2월 10일 17시,토요일,충청남도 당진시 읍내리,경상사고,0,0,1,0,차대차 - 측면충돌,직진우회전진행방해,건조,맑음,교차로 - 교차로안,이륜,남,36세,상해없음,승용,남,45세,경상
2018021000100421,2018년 2월 10일 18시,토요일,충청남도 천안시 서북구 직산읍,경상사고,0,0,2,0,차대차 - 기타,중앙선침범,건조,맑음,단일로 - 기타,승용,남,45세,상해없음,승용,남,33세,경상
2018021000100422,2018년 2월 10일 18시,토요일,충청남도 예산군 고덕면,경상사고,0,0,1,0,차대차 - 추돌,안전운전불이행,건조,맑음,교차로 - 교차로부근,화물,남,42세,상해없음,승용,남,57세,경상
2018021000100463,2018년 2월 10일 19시,토요일,충청남도 천안시 서북구 성정동,경상사고,0,0,1,0,차대차 - 기타,안전운전불이행,건조,맑음,교차로 - 교차로안,승용,여,52세,상해없음,승용,남,40세,경상
2018021000100465,2018년 2월 10일 19시,토요일,충청남도 부여군 은산면,중상사고,0,1,0,0,차량단독 - 전도전복 - 전도,안전운전불이행,건조,맑음,단일로 - 기타,원동기,남,55세,중상,미분류,미분류,미분류,미분류
2018021000100489,2018년 2월 10일 20시,토요일,충청남도 논산시 반월동,경상사고,0,0,1,0,차대차 - 측면충돌,중앙선침범,건조,맑음,단일로 - 기타,승용,남,49세,상해없음,이륜,남,45세,경상
2018021000100540,2018년 2월 10일 22시,토요일,충청남도 천안시 서북구 성거읍,경상사고,0,0,3,0,차대차 - 기타,안전운전불이행,건조,맑음,단일로 - 기타,승용,남,55세,상해없음,승용,여,25세,경상
2018021100100011,2018년 2월 11일 00시,일요일,충청남도 홍성군 홍북읍,경상사고,0,0,2,0,차대차 - 측면충돌,신호위반,건조,맑음,교차로 - 교차로안,승용,남,53세,경상,화물,남,57세,경상
2018021100100029,2018년 2월 11일 01시,일요일,충청남도 아산시 염치읍,경상사고,0,0,2,0,차대차 - 정면충돌,중앙선침범,건조,맑음,단일로 - 기타,승용,남,31세,상해없음,승용,남,63세,경상
2018021100100030,2018년 2월 11일 01시,일요일,충청남도 당진시 읍내리,중상사고,0,1,0,0,차대차 - 측면충돌,교차로운행방법위반,적설,눈,교차로 - 교차로안,승용,남,46세,상해없음,승용,남,19세,중상
2018021100100081,2018년 2월 11일 05시,일요일,충청남도 천안시 동남구 봉명동,중상사고,0,1,0,0,차대사람 - 기타,안전운전불이행,서리/결빙,눈,단일로 - 기타,승용,남,41세,상해없음,보행자,남,72세,중상
2018021100100141,2018년 2월 11일 10시,일요일,충청남도 서산시 해미면,경상사고,0,0,3,0,차대차 - 정면충돌,안전운전불이행,건조,맑음,단일로 - 기타,농기계,남,56세,상해없음,화물,남,63세,경상
2018021100100142,2018년 2월 11일 10시,일요일,충청남도 천안시 동남구 삼룡동,중상사고,0,1,0,0,차대사람 - 길가장자리구역통행중,안전운전불이행,건조,맑음,단일로 - 기타,화물,남,62세,상해없음,보행자,남,69세,중상
2018021100100143,2018년 2월 11일 10시,일요일,충청남도 천안시 동남구 구성동,중상사고,0,1,0,0,차대사람 - 기타,안전운전불이행,건조,맑음,기타 - 기타,승용,남,42세,상해없음,보행자,여,58세,중상
2018021100100183,2018년 2월 11일 12시,일요일,충청남도 천안시 동남구 사직동,중상사고,0,1,0,0,차대사람 - 기타,안전운전불이행,건조,맑음,단일로 - 기타,승용,남,61세,상해없음,보행자,남,61세,중상
2018021100100184,2018년 2월 11일 12시,일요일,충청남도 천안시 동남구 구성동,경상사고,0,0,3,0,차대차 - 추돌,안전운전불이행,건조,맑음,교차로 - 교차로부근,승용,여,48세,상해없음,승용,남,57세,경상
2018021100100250,2018년 2월 11일 15시,일요일,충청남도 보령시 주포면,중상사고,0,3,1,0,차대차 - 측면충돌,안전운전불이행,건조,흐림,교차로 - 교차로안,승용,남,32세,중상,승용,남,58세,중상
2018021100100251,2018년 2월 11일 15시,일요일,충청남도 당진시 송산면,중상사고,0,1,0,0,차량단독 - 공작물충돌,안전운전불이행,젖음/습기,눈,단일로 - 기타,승용,남,32세,중상,,,,
2018021100100276,2018년 2월 11일 16시,일요일,충청남도 서산시 대산읍,사망사고,1,0,0,0,차대사람 - 횡단중,안전운전불이행,건조,맑음,단일로 - 기타,화물,남,63세,상해없음,보행자,남,71세,사망
2018021100100329,2018년 2월 11일 18시,일요일,충청남도 서산시 해미면,사망사고,1,1,1,0,차대차 - 정면충돌,중앙선침범,젖음/습기,맑음,단일로 - 기타,화물,남,67세,사망,승용,여,56세,경상
2018021100100330,2018년 2월 11일 18시,일요일,충청남도 서산시 동문동,경상사고,0,0,5,0,차대차 - 추돌,안전운전불이행,적설,눈,교차로 - 교차로부근,승용,여,58세,상해없음,승용,여,19세,경상
2018021100100331,2018년 2월 11일 18시,일요일,충청남도 서산시 인지면,경상사고,0,0,1,0,차대차 - 정면충돌,중앙선침범,서리/결빙,눈,교차로 - 교차로부근,승용,남,67세,경상,승용,남,25세,상해없음
2018021100100332,2018년 2월 11일 18시,일요일,충청남도 예산군 예산읍,중상사고,0,1,0,0,차대차 - 측면충돌,안전운전불이행,젖음/습기,눈,교차로 - 교차로안,승용,여,58세,상해없음,승용,여,44세,중상
2018021100100333,2018년 2월 11일 18시,일요일,충청남도 당진시 송악읍,중상사고,0,1,1,0,차대차 - 측면충돌,안전운전불이행,서리/결빙,눈,교차로 - 교차로안,승용,남,27세,경상,승용,남,51세,중상
2018021100100366,2018년 2월 11일 19시,일요일,충청남도 아산시 남동,경상사고,0,0,2,0,차대차 - 측면충돌,안전운전불이행,적설,눈,단일로 - 기타,승용,남,28세,상해없음,승용,남,33세,경상
2018021100100368,2018년 2월 11일 19시,일요일,충청남도 청양군 정산면,경상사고,0,0,1,0,차량단독 - 공작물충돌,안전운전불이행,젖음/습기,눈,단일로 - 기타,승용,남,48세,경상,,,,
2018021100100420,2018년 2월 11일 21시,일요일,충청남도 천안시 서북구 불당동,경상사고,0,0,2,0,차대차 - 추돌,안전운전불이행,적설,흐림,교차로 - 교차로부근,승용,여,41세,상해없음,승용,여,37세,경상
2018021100100421,2018년 2월 11일 21시,일요일,충청남도 아산시 모종동,경상사고,0,0,2,0,차대차 - 추돌,안전운전불이행,적설,눈,단일로 - 기타,승용,남,35세,상해없음,승용,남,19세,경상
2018021200100021,2018년 2월 12일 01시,월요일,충청남도 아산시 둔포면,중상사고,0,2,0,0,차대차 - 측면충돌,안전운전불이행,서리/결빙,눈,미분류 - 미분류,화물,남,43세,상해없음,승용,남,36세,중상
2018021200100026,2018년 2월 12일 02시,월요일,충청남도 당진시 수청리,중상사고,0,1,0,0,차대사람 - 기타,기타,적설,눈,단일로 - 기타,기타불명,기타불명,미분류,기타불명,보행자,여,25세,중상
2018021200100039,2018년 2월 12일 03시,월요일,충청남도 금산군 추부면,중상사고,0,1,0,0,차대사람 - 보도통행중,안전운전불이행,적설,눈,단일로 - 기타,화물,남,34세,상해없음,보행자,남,64세,중상
2018021200100054,2018년 2월 12일 05시,월요일,충청남도 서산시 팔봉면,중상사고,0,1,0,0,차량단독 - 공작물충돌,안전운전불이행,서리/결빙,눈,단일로 - 기타,화물,여,57세,중상,,,,
2018021200100061,2018년 2월 12일 06시,월요일,충청남도 논산시 벌곡면,중상사고,0,1,0,0,차량단독 - 공작물충돌,안전운전불이행,서리/결빙,맑음,단일로 - 기타,화물,여,64세,중상,,,,
2018021200100077,2018년 2월 12일 07시,월요일,충청남도 서산시 지곡면,경상사고,0,0,2,0,차대차 - 추돌,안전운전불이행,적설,눈,교차로 - 교차로부근,승용,남,41세,경상,승용,남,28세,경상
2018021200100118,2018년 2월 12일 08시,월요일,충청남도 예산군 예산읍,경상사고,0,0,1,0,차대차 - 측면충돌,신호위반,젖음/습기,눈,교차로 - 교차로안,승용,남,76세,상해없음,승용,여,57세,경상
2018021200100119,2018년 2월 12일 08시,월요일,충청남도 당진시 송악읍,중상사고,0,1,1,0,차대차 - 정면충돌,안전운전불이행,적설,눈,단일로 - 기타,승용,여,66세,경상,승용,여,48세,중상
2018021200100120,2018년 2월 12일 08시,월요일,충청남도 청양군 정산면,중상사고,0,1,1,0,차대차 - 기타,안전운전불이행,적설,맑음,단일로 - 기타,승용,남,66세,상해없음,승용,남,33세,경상
2018021200100121,2018년 2월 12일 08시,월요일,충청남도 천안시 동남구 신부동,경상사고,0,0,1,0,차대차 - 측면충돌,안전운전불이행,건조,맑음,단일로 - 기타,승합,남,58세,상해없음,승용,남,34세,경상
2018021200100169,2018년 2월 12일 09시,월요일,충청남도 천안시 동남구 병천면,경상사고,0,0,2,0,차대차 - 측면충돌,기타,적설,맑음,교차로 - 교차로안,승용,여,45세,상해없음,화물,남,66세,경상
2018021200100240,2018년 2월 12일 11시,월요일,충청남도 서산시 수석동,중상사고,0,3,0,0,차대차 - 추돌,안전거리미확보,젖음/습기,흐림,단일로 - 기타,화물,남,39세,중상,승용,여,37세,중상
2018021200100241,2018년 2월 12일 11시,월요일,충청남도 서천군 판교면,부상신고사고,0,0,0,1,차량단독 - 공작물충돌,안전운전불이행,적설,눈,단일로 - 기타,화물,여,67세,부상신고,,,,
2018021200100273,2018년 2월 12일 12시,월요일,충청남도 예산군 봉산면,경상사고,0,0,1,0,차대차 - 후진중충돌,안전운전불이행,건조,흐림,단일로 - 기타,특수,남,34세,상해없음,승용,여,59세,경상
2018021200100358,2018년 2월 12일 14시,월요일,충청남도 천안시 서북구 두정동,중상사고,0,1,0,0,차대차 - 정면충돌,교차로운행방법위반,건조,맑음,교차로 - 교차로안,승용,남,28세,상해없음,이륜,남,52세,중상
2018021200100359,2018년 2월 12일 14시,월요일,충청남도 공주시 중동,경상사고,0,0,1,0,차대사람 - 차도통행중,안전운전불이행,적설,눈,교차로 - 교차로부근,승용,여,63세,상해없음,보행자,여,47세,경상
2018021200100360,2018년 2월 12일 14시,월요일,충청남도 태안군 태안읍,중상사고,0,1,0,0,차대사람 - 횡단중,보행자보호의무위반,젖음/습기,맑음,교차로 - 교차로안,화물,남,33세,상해없음,보행자,여,76세,중상
2018021200100400,2018년 2월 12일 15시,월요일,충청남도 예산군 오가면,경상사고,0,0,1,0,차대차 - 측면충돌,안전운전불이행,젖음/습기,맑음,단일로 - 기타,화물,남,43세,경상,화물,남,47세,상해없음
2018021200100447,2018년 2월 12일 16시,월요일,충청남도 천안시 서북구 쌍용동,경상사고,0,0,1,0,차대차 - 추돌,안전운전불이행,건조,맑음,단일로 - 기타,승용,남,59세,기타불명,승용,여,34세,경상
2018021200100489,2018년 2월 12일 17시,월요일,충청남도 보령시 대천동,경상사고,0,0,1,0,차대사람 - 길가장자리구역통행중,안전운전불이행,건조,흐림,단일로 - 기타,승용,여,55세,상해없음,보행자,남,42세,경상
2018021200100551,2018년 2월 12일 18시,월요일,충청남도 서산시 읍내동,경상사고,0,0,1,0,차대차 - 측면충돌,신호위반,건조,맑음,교차로 - 교차로횡단보도내,승용,남,45세,상해없음,자전거,여,미분류,경상
2018021200100552,2018년 2월 12일 18시,월요일,충청남도 서산시 예천동,중상사고,0,1,2,0,차대차 - 측면충돌,중앙선침범,건조,맑음,교차로 - 교차로부근,승용,남,47세,상해없음,승용,남,53세,상해없음