사고번호,사고일시,요일,시군구,사고내용,사망자수,중상자수,경상자수,부상신고자수,사고유형,법규위반,노면상태,기상상태,도로형태,가해운전자 차종,가해운전자 성별,가해운전자 연령,가해운전자 상해정도,피해운전자 차종,피해운전자 성별,피해운전자 연령,피해운전자 상해정도
2018021200100553,2018년 2월 12일 18시,월요일,충청남도 논산시 내동,중상사고,0,2,1,0,차대차 - 측면충돌,불법유턴,건조,맑음,단일로 - 기타,승용,남,35세,경상,화물,남,52세,중상
2018021200100656,2018년 2월 12일 20시,월요일,충청남도 천안시 서북구 백석동,경상사고,0,0,1,0,차대차 - 추돌,안전거리미확보,건조,맑음,단일로 - 기타,화물,남,45세,상해없음,승용,남,44세,경상
2018021200100657,2018년 2월 12일 20시,월요일,충청남도 서천군 서천읍,경상사고,0,0,1,0,차대차 - 측면충돌,안전운전불이행,적설,눈,교차로 - 교차로안,화물,남,55세,상해없음,승용,남,66세,경상
2018021200100700,2018년 2월 12일 21시,월요일,충청남도 서산시 대산읍,경상사고,0,0,1,0,차대차 - 추돌,안전운전불이행,서리/결빙,흐림,단일로 - 기타,승용,남,49세,상해없음,승용,남,44세,경상
2018021200100701,2018년 2월 12일 21시,월요일,충청남도 천안시 서북구 두정동,경상사고,0,0,3,0,차대차 - 추돌,안전거리미확보,서리/결빙,눈,단일로 - 기타,승용,여,22세,상해없음,승용,남,41세,경상
2018021200100753,2018년 2월 12일 23시,월요일,충청남도 아산시 배방읍,중상사고,0,1,2,0,차대차 - 기타,신호위반,젖음/습기,눈,교차로 - 교차로안,승용,남,54세,상해없음,승용,여,34세,경상
2018021200100754,2018년 2월 12일 23시,월요일,충청남도 태안군 안면읍,중상사고,0,1,0,0,차대사람 - 기타,안전운전불이행,적설,눈,교차로 - 교차로부근,승용,남,48세,상해없음,보행자,남,52세,중상
2018021300100016,2018년 2월 13일 00시,화요일,충청남도 공주시 계룡면,경상사고,0,0,2,0,차량단독 - 도로외이탈 - 기타,안전운전불이행,적설,눈,단일로 - 기타,승용,남,39세,경상,,,,
2018021300100017,2018년 2월 13일 00시,화요일,충청남도 당진시 읍내리,경상사고,0,0,1,0,차대차 - 정면충돌,안전운전불이행,적설,맑음,단일로 - 기타,승용,남,31세,상해없음,승용,여,46세,경상
2018021300100018,2018년 2월 13일 00시,화요일,충청남도 보령시 대천동,경상사고,0,0,1,0,차대차 - 기타,안전운전불이행,서리/결빙,눈,단일로 - 기타,화물,남,42세,상해없음,화물,남,28세,경상
2018021300100038,2018년 2월 13일 01시,화요일,충청남도 논산시 취암동,중상사고,0,1,0,0,차대사람 - 기타,안전운전불이행,적설,눈,교차로 - 교차로부근,승용,남,49세,상해없음,보행자,남,52세,중상
2018021300100064,2018년 2월 13일 03시,화요일,충청남도 천안시 서북구 직산읍,경상사고,0,0,1,0,차대차 - 추돌,안전운전불이행,적설,눈,단일로 - 기타,승용,남,24세,상해없음,승용,남,51세,경상
2018021300100073,2018년 2월 13일 04시,화요일,충청남도 천안시 동남구 목천읍,중상사고,0,1,1,0,차대차 - 측면충돌,중앙선침범,적설,흐림,단일로 - 기타,승용,남,29세,상해없음,화물,남,36세,중상
2018021300100156,2018년 2월 13일 08시,화요일,충청남도 예산군 예산읍,경상사고,0,0,1,0,차대차 - 측면충돌,신호위반,적설,눈,교차로 - 교차로안,승용,남,59세,상해없음,승용,여,41세,경상
2018021300100157,2018년 2월 13일 08시,화요일,충청남도 당진시 석문면,중상사고,0,1,0,0,차대차 - 측면충돌,신호위반,적설,맑음,교차로 - 교차로안,화물,남,57세,상해없음,승용,남,24세,중상
2018021300100202,2018년 2월 13일 09시,화요일,충청남도 홍성군 광천읍,중상사고,0,1,0,0,차대차 - 추돌,안전운전불이행,적설,눈,교차로 - 교차로부근,승용,남,55세,상해없음,승용,여,46세,중상
2018021300100203,2018년 2월 13일 09시,화요일,충청남도 당진시 송악읍,경상사고,0,0,1,0,차대차 - 측면충돌,안전운전불이행,적설,맑음,교차로 - 교차로부근,승용,남,47세,상해없음,승용,여,40세,경상
2018021300100204,2018년 2월 13일 09시,화요일,충청남도 천안시 동남구 신방동,경상사고,0,0,1,0,차대차 - 측면충돌,안전운전불이행,적설,맑음,단일로 - 기타,승용,남,28세,경상,승용,기타불명,미분류,기타불명
2018021300100246,2018년 2월 13일 10시,화요일,충청남도 서천군 장항읍,중상사고,0,2,1,0,차대차 - 추돌,중앙선침범,서리/결빙,맑음,단일로 - 기타,승용,남,32세,경상,승용,남,60세,중상
2018021300100247,2018년 2월 13일 10시,화요일,충청남도 천안시 동남구 대흥동,경상사고,0,0,1,0,차대사람 - 횡단중,보행자보호의무위반,건조,맑음,단일로 - 기타,승용,여,59세,상해없음,보행자,남,75세,경상
2018021300100248,2018년 2월 13일 10시,화요일,충청남도 태안군 태안읍,중상사고,0,1,0,0,차대사람 - 횡단중,안전운전불이행,젖음/습기,기타,교차로 - 교차로횡단보도내,승용,남,62세,상해없음,보행자,여,74세,중상
2018021300100333,2018년 2월 13일 12시,화요일,충청남도 천안시 서북구 쌍용동,경상사고,0,0,1,0,차대차 - 기타,안전운전불이행,건조,맑음,교차로 - 교차로안,화물,남,67세,상해없음,승용,여,42세,경상
2018021300100357,2018년 2월 13일 13시,화요일,충청남도 아산시 탕정면,중상사고,0,1,0,0,차대차 - 측면충돌,직진우회전진행방해,건조,맑음,교차로 - 교차로안,승합,남,49세,상해없음,이륜,남,46세,중상
2018021300100358,2018년 2월 13일 13시,화요일,충청남도 보령시 대천동,중상사고,0,1,0,0,차대차 - 기타,안전운전불이행,건조,맑음,단일로 - 기타,승용,남,70세,상해없음,자전거,남,85세,중상
2018021300100360,2018년 2월 13일 13시,화요일,충청남도 천안시 동남구 목천읍,경상사고,0,0,1,0,차대차 - 측면충돌,안전운전불이행,건조,맑음,단일로 - 기타,승용,남,68세,상해없음,화물,남,63세,경상
2018021300100401,2018년 2월 13일 14시,화요일,충청남도 부여군 은산면,중상사고,0,1,1,0,차대차 - 정면충돌,중앙선침범,건조,맑음,단일로 - 기타,승합,남,54세,상해없음,화물,남,38세,중상
2018021300100446,2018년 2월 13일 15시,화요일,충청남도 서산시 부석면,중상사고,0,1,0,0,차대사람 - 횡단중,안전운전불이행,건조,맑음,단일로 - 기타,승용,남,72세,상해없음,보행자,남,54세,중상
2018021300100447,2018년 2월 13일 15시,화요일,충청남도 서산시 동문동,중상사고,0,1,0,0,차대차 - 추돌,안전운전불이행,건조,맑음,교차로 - 교차로부근,승용,남,53세,상해없음,승용,여,34세,중상
2018021300100448,2018년 2월 13일 15시,화요일,충청남도 천안시 서북구 직산읍,경상사고,0,0,1,0,차대차 - 기타,안전운전불이행,건조,맑음,교차로 - 교차로부근,승용,남,67세,상해없음,화물,남,48세,경상
2018021300100450,2018년 2월 13일 15시,화요일,충청남도 천안시 동남구 신방동,경상사고,0,0,1,0,차대차 - 기타,안전운전불이행,건조,맑음,단일로 - 기타,화물,남,61세,기타불명,승용,여,31세,경상
2018021300100555,2018년 2월 13일 17시,화요일,충청남도 아산시 풍기동,경상사고,0,0,1,0,차대차 - 추돌,안전운전불이행,건조,맑음,교차로 - 교차로부근,이륜,남,63세,상해없음,승용,남,25세,경상
2018021300100557,2018년 2월 13일 17시,화요일,충청남도 태안군 남면,사망사고,1,1,0,0,차대차 - 추돌,안전운전불이행,젖음/습기,맑음,단일로 - 기타,승용,남,75세,중상,이륜,남,73세,사망
2018021300100611,2018년 2월 13일 18시,화요일,충청남도 논산시 강경읍,사망사고,1,0,0,0,차대차 - 추돌,안전운전불이행,건조,맑음,단일로 - 교량,승용,남,33세,상해없음,자전거,남,79세,사망
2018021300100671,2018년 2월 13일 19시,화요일,충청남도 천안시 동남구 대흥동,사망사고,1,0,0,0,차대사람 - 횡단중,보행자보호의무위반,건조,맑음,단일로 - 기타,승합,남,40세,상해없음,보행자,여,46세,사망
2018021300100711,2018년 2월 13일 20시,화요일,충청남도 서산시 수석동,중상사고,0,1,0,0,차대차 - 추돌,안전운전불이행,건조,맑음,교차로 - 교차로부근,승용,남,50세,중상,승용,여,28세,상해없음
2018021300100749,2018년 2월 13일 21시,화요일,충청남도 천안시 서북구 쌍용동,경상사고,0,0,1,0,차대사람 - 횡단중,안전운전불이행,건조,맑음,단일로 - 기타,승용,남,52세,상해없음,보행자,여,52세,경상
2018021300100750,2018년 2월 13일 21시,화요일,충청남도 홍성군 홍성읍,경상사고,0,0,2,0,차대차 - 측면충돌,안전운전불이행,건조,맑음,교차로 - 교차로안,승용,여,49세,상해없음,승용,남,61세,경상
2018021300100751,2018년 2월 13일 21시,화요일,충청남도 보령시 동대동,중상사고,0,2,0,0,차대차 - 측면충돌,신호위반,건조,맑음,교차로 - 교차로부근,승용,여,33세,상해없음,승용,여,28세,중상
2018021400100025,2018년 2월 14일 00시,수요일,충청남도 천안시 서북구 두정동,경상사고,0,0,1,0,차대차 - 추돌,안전운전불이행,건조,맑음,단일로 - 기타,승용,남,30세,상해없음,화물,남,45세,기타불명
2018021400100056,2018년 2월 14일 01시,수요일,충청남도 아산시 탕정면,경상사고,0,0,2,0,차대사람 - 기타,안전운전불이행,건조,맑음,단일로 - 기타,승용,여,18세,상해없음,보행자,여,24세,경상
2018021400100071,2018년 2월 14일 02시,수요일,충청남도 서산시 해미면,경상사고,0,0,1,0,차대차 - 추돌,안전운전불이행,건조,맑음,단일로 - 기타,승용,남,39세,상해없음,화물,남,51세,경상
2018021400100115,2018년 2월 14일 06시,수요일,충청남도 천안시 동남구 신방동,경상사고,0,0,1,0,차대차 - 추돌,안전운전불이행,건조,맑음,단일로 - 기타,승용,남,32세,상해없음,승용,남,37세,경상
2018021400100133,2018년 2월 14일 07시,수요일,충청남도 천안시 서북구 직산읍,경상사고,0,0,1,0,차대사람 - 횡단중,신호위반,건조,맑음,교차로 - 교차로횡단보도내,승용,여,53세,상해없음,보행자,여,40세,경상
2018021400100160,2018년 2월 14일 08시,수요일,충청남도 청양군 정산면,경상사고,0,0,1,0,차량단독 - 공작물충돌,안전운전불이행,건조,맑음,단일로 - 기타,승용,여,46세,경상,,,,
2018021400100217,2018년 2월 14일 10시,수요일,충청남도 서산시 동문동,중상사고,0,1,0,0,차대차 - 측면충돌,안전운전불이행,건조,맑음,교차로 - 교차로부근,승용,남,22세,상해없음,승용,남,65세,중상
2018021400100218,2018년 2월 14일 10시,수요일,충청남도 당진시 송악읍,중상사고,0,1,0,0,차대차 - 기타,안전운전불이행,건조,맑음,단일로 - 기타,승용,남,64세,상해없음,사륜오토바이(ATV),남,79세,중상
2018021400100314,2018년 2월 14일 13시,수요일,충청남도 서천군 장항읍,경상사고,0,0,1,0,차대차 - 정면충돌,안전운전불이행,건조,맑음,교차로 - 교차로안,자전거,여,59세,경상,승용,남,45세,상해없음
2018021400100316,2018년 2월 14일 13시,수요일,충청남도 예산군 예산읍,중상사고,0,1,3,0,차대차 - 측면충돌,직진우회전진행방해,건조,흐림,교차로 - 교차로안,특수,남,41세,경상,승용,남,32세,경상
2018021400100317,2018년 2월 14일 13시,수요일,충청남도 천안시 동남구 원성동,경상사고,0,0,2,0,차대차 - 기타,직진우회전진행방해,건조,맑음,교차로 - 교차로안,승용,남,50세,경상,승용,남,65세,상해없음
2018021400100385,2018년 2월 14일 15시,수요일,충청남도 당진시 정미면,경상사고,0,0,1,0,차대차 - 측면충돌,중앙선침범,건조,맑음,교차로 - 교차로부근,승용,남,49세,상해없음,승용,여,47세,경상
2018021400100386,2018년 2월 14일 15시,수요일,충청남도 천안시 동남구 안서동,경상사고,0,0,1,0,차대차 - 후진중충돌,안전운전불이행,건조,맑음,교차로 - 교차로안,화물,여,57세,상해없음,승용,여,55세,경상
2018021400100474,2018년 2월 14일 17시,수요일,충청남도 천안시 서북구 성성동,경상사고,0,0,2,0,차대차 - 측면충돌,안전거리미확보,건조,맑음,단일로 - 기타,화물,남,66세,경상,승합,남,52세,경상
2018021400100475,2018년 2월 14일 17시,수요일,충청남도 아산시 음봉면,부상신고사고,0,0,0,1,차대차 - 측면충돌,안전운전불이행,건조,맑음,교차로 - 교차로안,원동기,남,31세,부상신고,승용,남,44세,상해없음
2018021400100476,2018년 2월 14일 17시,수요일,충청남도 부여군 부여읍,경상사고,0,0,1,0,차대사람 - 기타,안전운전불이행,건조,맑음,교차로 - 교차로안,승용,남,56세,상해없음,보행자,여,59세,경상
2018021400100477,2018년 2월 14일 17시,수요일,충청남도 천안시 동남구 신방동,중상사고,0,1,0,0,차대차 - 추돌,안전운전불이행,건조,맑음,교차로 - 교차로부근,승용,남,30세,상해없음,원동기,남,46세,중상
2018021400100514,2018년 2월 14일 18시,수요일,충청남도 천안시 서북구 성정동,경상사고,0,0,1,0,차대사람 - 횡단중,보행자보호의무위반,건조,맑음,교차로 - 교차로안,이륜,남,42세,상해없음,보행자,남,27세,경상
2018021400100515,2018년 2월 14일 18시,수요일,충청남도 계룡시 엄사면,경상사고,0,0,2,0,차대차 - 추돌,안전운전불이행,건조,맑음,교차로 - 교차로부근,화물,남,58세,상해없음,승합,남,48세,경상
2018021400100516,2018년 2월 14일 18시,수요일,충청남도 홍성군 홍성읍,경상사고,0,0,3,0,차대차 - 추돌,안전운전불이행,건조,맑음,단일로 - 기타,승용,남,59세,경상,승용,남,32세,경상
2018021400100517,2018년 2월 14일 18시,수요일,충청남도 부여군 규암면,경상사고,0,0,1,0,차대차 - 기타,중앙선침범,건조,맑음,단일로 - 기타,화물,남,56세,상해없음,화물,남,62세,경상
2018021400100518,2018년 2월 14일 18시,수요일,충청남도 천안시 동남구 원성동,경상사고,0,0,3,0,차대차 - 측면충돌,안전운전불이행,건조,맑음,교차로 - 교차로안,승용,여,36세,경상,승용,남,32세,경상
2018021400100570,2018년 2월 14일 19시,수요일,충청남도 천안시 서북구 두정동,경상사고,0,0,1,0,차대차 - 정면충돌,안전운전불이행,건조,흐림,교차로 - 교차로부근,승용,여,40세,상해없음,자전거,여,66세,경상
2018021400100571,2018년 2월 14일 19시,수요일,충청남도 천안시 서북구 성환읍,경상사고,0,0,1,0,차대차 - 정면충돌,신호위반,건조,흐림,교차로 - 교차로부근,승용,남,26세,상해없음,자전거,여,11세,경상
2018021400100572,2018년 2월 14일 19시,수요일,충청남도 아산시 둔포면,중상사고,0,1,3,0,차대차 - 추돌,안전운전불이행,건조,맑음,단일로 - 기타,승용,남,18세,상해없음,승용,남,42세,경상
2018021400100660,2018년 2월 14일 21시,수요일,충청남도 부여군 옥산면,경상사고,0,0,2,0,차대차 - 측면충돌,안전운전불이행,건조,맑음,단일로 - 기타,승용,남,28세,상해없음,승용,남,52세,경상
2018021500100035,2018년 2월 15일 01시,목요일,충청남도 천안시 동남구 목천읍,경상사고,0,0,5,0,차대차 - 추돌,안전운전불이행,건조,맑음,단일로 - 기타,승합,남,42세,상해없음,승용,남,56세,경상
2018021500100058,2018년 2월 15일 02시,목요일,충청남도 천안시 서북구 불당동,사망사고,1,0,1,0,차대차 - 추돌,안전운전불이행,건조,맑음,교차로 - 교차로부근,이륜,남,39세,사망,승용,남,29세,경상
2018021500100072,2018년 2월 15일 03시,목요일,충청남도 논산시 취암동,경상사고,0,0,2,0,차대차 - 측면충돌,신호위반,건조,맑음,교차로 - 교차로안,승용,남,24세,경상,승용,남,65세,상해없음
2018021500100073,2018년 2월 15일 03시,목요일,충청남도 홍성군 홍성읍,경상사고,0,0,1,0,차대차 - 측면충돌,신호위반,건조,맑음,교차로 - 교차로안,승용,남,35세,상해없음,승용,여,45세,경상
2018021500100142,2018년 2월 15일 09시,목요일,충청남도 서산시 석남동,경상사고,0,0,1,0,차대차 - 측면충돌,안전운전불이행,건조,맑음,단일로 - 기타,승용,여,44세,경상,화물,남,69세,상해없음
2018021500100158,2018년 2월 15일 10시,목요일,충청남도 천안시 서북구 백석동,경상사고,0,0,1,0,차대차 - 측면충돌,신호위반,건조,맑음,교차로 - 교차로안,승용,남,28세,상해없음,승용,여,35세,경상
2018021500100159,2018년 2월 15일 10시,목요일,충청남도 부여군 남면,경상사고,0,0,1,0,차대차 - 후진중충돌,안전운전불이행,건조,맑음,교차로 - 교차로안,화물,남,40세,상해없음,승합,남,60세,경상
2018021500100189,2018년 2월 15일 11시,목요일,충청남도 천안시 서북구 성정동,경상사고,0,0,1,0,차대차 - 기타,직진우회전진행방해,건조,맑음,교차로 - 교차로안,승용,여,51세,상해없음,승용,남,37세,경상
2018021500100190,2018년 2월 15일 11시,목요일,충청남도 공주시 의당면,경상사고,0,0,1,0,차대차 - 측면충돌,안전운전불이행,건조,맑음,교차로 - 교차로안,승용,남,53세,기타불명,승용,남,67세,경상
2018021500100191,2018년 2월 15일 11시,목요일,충청남도 태안군 근흥면,경상사고,0,0,1,0,차대차 - 측면충돌,중앙선침범,건조,흐림,교차로 - 교차로부근,승용,여,43세,상해없음,승용,여,59세,경상
2018021500100192,2018년 2월 15일 11시,목요일,충청남도 태안군 태안읍,중상사고,0,1,0,0,차대차 - 측면충돌,교차로운행방법위반,건조,맑음,교차로 - 교차로안,화물,남,78세,상해없음,승용,여,62세,중상
2018021500100213,2018년 2월 15일 12시,목요일,충청남도 예산군 삽교읍,경상사고,0,0,1,0,차량단독 - 공작물충돌,안전운전불이행,건조,맑음,단일로 - 기타,이륜,남,68세,경상,,,,
2018021500100238,2018년 2월 15일 13시,목요일,충청남도 논산시 취암동,중상사고,0,1,0,0,차대차 - 추돌,안전운전불이행,건조,맑음,단일로 - 지하차도(도로)내,승용,남,36세,상해없음,승용,여,39세,중상
2018021500100239,2018년 2월 15일 13시,목요일,충청남도 당진시 신평면,중상사고,0,1,0,0,차대사람 - 차도통행중,안전운전불이행,건조,맑음,단일로 - 기타,승용,남,39세,상해없음,보행자,남,83세,중상
2018021500100240,2018년 2월 15일 13시,목요일,충청남도 태안군 남면,경상사고,0,0,1,0,차대차 - 측면충돌,안전운전불이행,건조,흐림,교차로 - 교차로안,승용,남,19세,상해없음,승용,여,52세,경상
2018021500100260,2018년 2월 15일 14시,목요일,충청남도 논산시 취암동,경상사고,0,0,1,0,차대차 - 기타,안전운전불이행,건조,맑음,교차로 - 교차로안,이륜,남,45세,경상,승용,남,26세,상해없음
2018021500100274,2018년 2월 15일 15시,목요일,충청남도 서산시 동문동,경상사고,0,0,2,0,차대차 - 측면충돌,안전운전불이행,건조,맑음,단일로 - 기타,승용,남,51세,상해없음,화물,남,61세,경상
2018021500100275,2018년 2월 15일 15시,목요일,충청남도 공주시 신풍면,중상사고,0,3,0,0,차대차 - 측면충돌,신호위반,건조,맑음,교차로 - 교차로안,승용,남,23세,기타불명,승용,남,33세,중상
2018021500100277,2018년 2월 15일 15시,목요일,충청남도 당진시 읍내리,중상사고,0,1,0,0,차대차 - 측면충돌,교차로운행방법위반,건조,맑음,교차로 - 교차로안,이륜,남,54세,중상,승용,남,45세,상해없음
2018021500100294,2018년 2월 15일 16시,목요일,충청남도 서산시 인지면,중상사고,0,1,0,0,차대차 - 측면충돌,중앙선침범,건조,맑음,단일로 - 기타,이륜,남,56세,중상,승용,남,61세,상해없음
2018021500100295,2018년 2월 15일 16시,목요일,충청남도 서산시 동문동,부상신고사고,0,0,0,1,차대사람 - 길가장자리구역통행중,기타,건조,맑음,단일로 - 기타,기타불명,기타불명,미분류,기타불명,보행자,남,63세,부상신고
2018021500100308,2018년 2월 15일 17시,목요일,충청남도 서산시 대산읍,경상사고,0,0,2,0,차대차 - 추돌,안전운전불이행,건조,맑음,교차로 - 교차로부근,승용,남,44세,상해없음,승용,남,48세,경상
2018021500100332,2018년 2월 15일 18시,목요일,충청남도 서산시 지곡면,중상사고,0,1,0,0,차량단독 - 공작물충돌,안전운전불이행,건조,맑음,교차로 - 교차로부근,승합,남,55세,중상,,,,
2018021500100371,2018년 2월 15일 20시,목요일,충청남도 홍성군 홍성읍,중상사고,0,1,0,0,차대사람 - 횡단중,안전운전불이행,건조,맑음,단일로 - 기타,승용,남,56세,상해없음,보행자,남,65세,중상
2018021500100420,2018년 2월 15일 22시,목요일,충청남도 예산군 덕산면,중상사고,0,1,1,0,차대차 - 측면충돌,차로위반,건조,맑음,교차로 - 교차로부근,승용,여,53세,상해없음,승용,여,32세,경상
2018021500100421,2018년 2월 15일 22시,목요일,충청남도 당진시 원당리,경상사고,0,0,1,0,차대차 - 정면충돌,중앙선침범,건조,맑음,단일로 - 기타,승용,남,42세,상해없음,화물,남,53세,경상
2018021600100045,2018년 2월 16일 07시,금요일,충청남도 천안시 동남구 삼룡동,경상사고,0,0,4,0,차대차 - 측면충돌,안전운전불이행,건조,맑음,단일로 - 기타,승합,남,59세,상해없음,승용,남,50세,경상
2018021600100063,2018년 2월 16일 09시,금요일,충청남도 서산시 예천동,중상사고,0,6,0,0,차대차 - 추돌,안전운전불이행,건조,맑음,교차로 - 교차로부근,승용,남,51세,상해없음,승용,남,44세,중상
2018021600100076,2018년 2월 16일 10시,금요일,충청남도 서산시 읍내동,중상사고,0,1,3,0,차대차 - 측면충돌,기타,건조,맑음,교차로 - 교차로안,화물,남,32세,상해없음,승용,남,37세,중상
2018021600100077,2018년 2월 16일 10시,금요일,충청남도 논산시 등화동,중상사고,0,1,0,0,차대차 - 추돌,안전운전불이행,건조,맑음,교차로 - 교차로안,승용,남,70세,상해없음,승용,여,36세,중상
2018021600100092,2018년 2월 16일 11시,금요일,충청남도 논산시 광석면,경상사고,0,0,2,0,차대차 - 측면충돌,직진우회전진행방해,건조,맑음,교차로 - 교차로안,승용,여,43세,경상,승용,남,63세,경상
2018021600100093,2018년 2월 16일 11시,금요일,충청남도 태안군 근흥면,부상신고사고,0,0,0,2,차대차 - 측면충돌,안전운전불이행,건조,맑음,단일로 - 기타,승용,남,74세,상해없음,승용,남,64세,상해없음
2018021600100117,2018년 2월 16일 12시,금요일,충청남도 아산시 장존동,경상사고,0,0,4,0,차대차 - 추돌,안전거리미확보,건조,맑음,단일로 - 기타,승용,남,38세,상해없음,승용,남,37세,경상
2018021600100167,2018년 2월 16일 14시,금요일,충청남도 서산시 장동,경상사고,0,0,1,0,차대차 - 측면충돌,안전운전불이행,건조,맑음,단일로 - 기타,승용,남,52세,상해없음,자전거,남,28세,경상
2018021600100168,2018년 2월 16일 14시,금요일,충청남도 논산시 강경읍,중상사고,0,1,0,0,차대차 - 측면충돌,직진우회전진행방해,건조,맑음,교차로 - 교차로안,승용,남,61세,상해없음,승용,남,41세,상해없음
2018021600100169,2018년 2월 16일 14시,금요일,충청남도 논산시 부창동,경상사고,0,0,3,0,차대차 - 측면충돌,차로위반,건조,맑음,단일로 - 기타,승용,남,53세,경상,승용,남,34세,경상
2018021600100183,2018년 2월 16일 15시,금요일,충청남도 아산시 영인면,경상사고,0,0,2,0,차대차 - 추돌,안전운전불이행,건조,맑음,단일로 - 기타,승용,남,67세,상해없음,승용,여,47세,경상
2018021600100208,2018년 2월 16일 16시,금요일,충청남도 논산시 벌곡면,중상사고,0,1,5,0,차대차 - 측면충돌,중앙선침범,건조,맑음,단일로 - 교량,승용,여,40세,경상,승용,남,39세,경상
2018021600100209,2018년 2월 16일 16시,금요일,충청남도 청양군 화성면,중상사고,0,1,1,0,차대차 - 측면충돌,중앙선침범,건조,맑음,단일로 - 기타,승용,남,46세,상해없음,승용,남,29세,중상
2018021600100232,2018년 2월 16일 17시,금요일,충청남도 보령시 웅천읍,경상사고,0,0,1,0,차대차 - 측면충돌,중앙선침범,건조,맑음,단일로 - 기타,이륜,남,70세,경상,승용,여,48세,상해없음
2018021600100233,2018년 2월 16일 17시,금요일,충청남도 공주시 금성동,경상사고,0,0,4,0,차대차 - 측면충돌,신호위반,건조,맑음,교차로 - 교차로안,승용,남,22세,상해없음,승용,남,35세,경상
2018021600100266,2018년 2월 16일 19시,금요일,충청남도 논산시 광석면,경상사고,0,0,1,0,차대사람 - 보도통행중,안전운전불이행,건조,맑음,교차로 - 교차로부근,승용,남,37세,상해없음,보행자,남,76세,경상
2018021600100289,2018년 2월 16일 20시,금요일,충청남도 천안시 서북구 직산읍,경상사고,0,0,1,0,차대사람 - 횡단중,안전운전불이행,건조,맑음,단일로 - 기타,승용,남,58세,상해없음,보행자,남,37세,경상
2018021600100290,2018년 2월 16일 20시,금요일,충청남도 천안시 서북구 불당동,중상사고,0,2,0,0,차대차 - 추돌,안전운전불이행,건조,맑음,교차로 - 교차로부근,화물,남,57세,상해없음,승용,남,24세,중상
2018021600100309,2018년 2월 16일 21시,금요일,충청남도 천안시 동남구 목천읍,경상사고,0,0,1,0,차대차 - 기타,안전거리미확보,건조,맑음,단일로 - 기타,승합,남,44세,상해없음,이륜,남,18세,경상
2018021600100320,2018년 2월 16일 22시,금요일,충청남도 홍성군 광천읍,경상사고,0,0,2,0,차대차 - 측면충돌,안전운전불이행,건조,맑음,기타 - 기타,승용,남,51세,상해없음,승용,여,41세,경상
2018021600100338,2018년 2월 16일 23시,금요일,충청남도 아산시 인주면,경상사고,0,0,4,0,차대차 - 측면충돌,안전운전불이행,건조,기타,단일로 - 기타,승용,남,47세,상해없음,승용,남,49세,경상
2018021600100339,2018년 2월 16일 23시,금요일,충청남도 아산시 온천동,경상사고,0,0,1,0,차대차 - 추돌,안전운전불이행,건조,맑음,교차로 - 교차로부근,승용,남,54세,상해없음,승용,남,49세,경상
2018021700100007,2018년 2월 17일 00시,토요일,충청남도 공주시 탄천면,중상사고,0,1,1,0,차량단독 - 도로외이탈 - 기타,안전운전불이행,건조,흐림,단일로 - 기타,화물,남,24세,기타불명,,,,
2018021700100019,2018년 2월 17일 01시,토요일,충청남도 아산시 온천동,경상사고,0,0,1,0,차대사람 - 횡단중,안전운전불이행,건조,기타,단일로 - 기타,승용,남,22세,상해없음,보행자,여,22세,경상
2018021700100040,2018년 2월 17일 03시,토요일,충청남도 천안시 동남구 구성동,경상사고,0,0,3,0,차대차 - 추돌,안전운전불이행,건조,맑음,단일로 - 기타,승용,남,70세,상해없음,승용,남,49세,경상
2018021700100059,2018년 2월 17일 05시,토요일,충청남도 논산시 반월동,경상사고,0,0,2,0,차대차 - 추돌,안전운전불이행,건조,맑음,교차로 - 교차로부근,승용,남,25세,상해없음,승용,남,31세,경상
2018021700100076,2018년 2월 17일 08시,토요일,충청남도 천안시 동남구 대흥동,경상사고,0,0,1,0,차량단독 - 기타,안전운전불이행,건조,맑음,교차로 - 교차로안,승합,남,47세,상해없음,,,,
2018021700100083,2018년 2월 17일 09시,토요일,충청남도 아산시 배방읍,경상사고,0,0,1,0,차대차 - 측면충돌,신호위반,건조,맑음,교차로 - 교차로안,승용,여,51세,상해없음,승용,여,25세,경상
2018021700100098,2018년 2월 17일 10시,토요일,충청남도 서산시 수석동,중상사고,0,1,1,0,차대차 - 측면충돌,신호위반,건조,맑음,교차로 - 교차로안,승용,남,48세,상해없음,승용,여,38세,중상
2018021700100099,2018년 2월 17일 10시,토요일,충청남도 천안시 서북구 입장면,경상사고,0,0,6,2,차대차 - 추돌,안전거리미확보,건조,맑음,기타 - 기타,승용,남,54세,상해없음,승용,남,37세,경상
2018021700100160,2018년 2월 17일 14시,토요일,충청남도 공주시 웅진동,부상신고사고,0,0,0,1,차대차 - 기타,안전운전불이행,건조,맑음,교차로 - 교차로부근,기타불명,기타불명,미분류,기타불명,이륜,남,20세,부상신고
2018021700100161,2018년 2월 17일 14시,토요일,충청남도 공주시 계룡면,경상사고,0,0,1,0,차대차 - 후진중충돌,안전운전불이행,건조,맑음,단일로 - 기타,승용,남,71세,상해없음,승용,남,31세,경상
2018021700100203,2018년 2월 17일 16시,토요일,충청남도 서산시 잠홍동,중상사고,0,1,1,0,차대차 - 측면충돌,신호위반,건조,맑음,교차로 - 교차로부근,승용,여,73세,상해없음,승용,남,42세,중상