사고번호,사고일시,요일,시군구,사고내용,사망자수,중상자수,경상자수,부상신고자수,사고유형,법규위반,노면상태,기상상태,도로형태,가해운전자 차종,가해운전자 성별,가해운전자 연령,가해운전자 상해정도,피해운전자 차종,피해운전자 성별,피해운전자 연령,피해운전자 상해정도
2018021700100204,2018년 2월 17일 16시,토요일,충청남도 공주시 신관동,경상사고,0,0,1,0,차대차 - 추돌,안전운전불이행,건조,맑음,교차로 - 교차로부근,승용,남,28세,기타불명,승합,남,54세,상해없음
2018021700100228,2018년 2월 17일 17시,토요일,충청남도 천안시 서북구 불당동,경상사고,0,0,1,0,차대차 - 측면충돌,신호위반,건조,맑음,교차로 - 교차로안,승용,남,43세,상해없음,승용,남,31세,경상
2018021700100229,2018년 2월 17일 17시,토요일,충청남도 당진시 읍내리,경상사고,0,0,1,1,차대차 - 측면충돌,직진우회전진행방해,건조,맑음,교차로 - 교차로안,승용,남,50세,부상신고,승용,남,28세,경상
2018021700100246,2018년 2월 17일 18시,토요일,충청남도 예산군 예산읍,경상사고,0,0,1,0,차대차 - 측면충돌,안전운전불이행,건조,흐림,단일로 - 기타,승용,남,25세,상해없음,승용,남,29세,상해없음
2018021700100273,2018년 2월 17일 19시,토요일,충청남도 논산시 연무읍,경상사고,0,0,5,0,차대차 - 추돌,안전운전불이행,건조,맑음,교차로 - 교차로부근,승용,남,68세,상해없음,승용,남,50세,경상
2018021700100311,2018년 2월 17일 20시,토요일,충청남도 청양군 운곡면,중상사고,0,1,0,0,차량단독 - 전도전복 - 전복,안전운전불이행,건조,맑음,단일로 - 기타,승용,여,39세,상해없음,미분류,미분류,미분류,미분류
2018021700100312,2018년 2월 17일 20시,토요일,충청남도 청양군 화성면,중상사고,0,2,0,0,차량단독 - 도로외이탈 - 추락,안전운전불이행,건조,맑음,단일로 - 기타,승용,남,58세,중상,,,,
2018021700100338,2018년 2월 17일 21시,토요일,충청남도 홍성군 홍성읍,경상사고,0,0,1,0,차대차 - 추돌,안전운전불이행,건조,맑음,단일로 - 기타,승용,남,51세,상해없음,승용,남,55세,경상
2018021700100359,2018년 2월 17일 22시,토요일,충청남도 아산시 득산동,부상신고사고,0,0,0,2,차대차 - 추돌,안전운전불이행,건조,맑음,교차로 - 교차로부근,승용,남,38세,상해없음,승용,남,60세,부상신고
2018021700100378,2018년 2월 17일 23시,토요일,충청남도 천안시 서북구 불당동,경상사고,0,0,1,0,차대차 - 측면충돌,중앙선침범,건조,맑음,단일로 - 기타,기타불명,기타불명,미분류,기타불명,이륜,남,39세,경상
2018021800100007,2018년 2월 18일 00시,일요일,충청남도 천안시 서북구 성정동,경상사고,0,0,1,0,차대차 - 측면충돌,신호위반,건조,맑음,교차로 - 교차로안,승용,남,38세,상해없음,승용,남,39세,경상
2018021800100008,2018년 2월 18일 00시,일요일,충청남도 천안시 동남구 병천면,경상사고,0,0,9,0,차대차 - 추돌,안전운전불이행,건조,맑음,기타 - 기타,승용,남,25세,상해없음,승합,남,44세,경상
2018021800100140,2018년 2월 18일 12시,일요일,충청남도 태안군 태안읍,경상사고,0,0,1,0,차대사람 - 기타,안전운전불이행,건조,맑음,단일로 - 기타,건설기계,남,44세,상해없음,보행자,남,28세,경상
2018021800100193,2018년 2월 18일 15시,일요일,충청남도 서산시 해미면,경상사고,0,0,3,0,차대차 - 기타,신호위반,건조,맑음,교차로 - 교차로안,승용,남,48세,상해없음,승용,남,36세,경상
2018021800100194,2018년 2월 18일 15시,일요일,충청남도 공주시 반죽동,경상사고,0,0,1,0,차대사람 - 횡단중,보행자보호의무위반,건조,맑음,교차로 - 교차로안,승용,여,50세,상해없음,보행자,여,82세,경상
2018021800100225,2018년 2월 18일 17시,일요일,충청남도 서산시 예천동,경상사고,0,0,4,0,차대차 - 추돌,안전운전불이행,건조,맑음,단일로 - 기타,승용,남,25세,상해없음,승용,남,34세,경상
2018021800100226,2018년 2월 18일 17시,일요일,충청남도 서산시 수석동,경상사고,0,0,3,0,차대차 - 측면충돌,신호위반,건조,맑음,교차로 - 교차로안,승용,남,54세,상해없음,특수,남,21세,경상
2018021800100227,2018년 2월 18일 17시,일요일,충청남도 논산시 연무읍,중상사고,0,1,0,0,차대사람 - 횡단중,중앙선침범,건조,맑음,교차로 - 교차로부근,승용,여,36세,상해없음,보행자,여,44세,중상
2018021800100228,2018년 2월 18일 17시,일요일,충청남도 공주시 금흥동,중상사고,0,1,0,0,차대차 - 측면충돌,안전운전불이행,건조,맑음,단일로 - 기타,승용,여,25세,상해없음,자전거,남,21세,중상
2018021800100290,2018년 2월 18일 20시,일요일,충청남도 천안시 서북구 불당동,경상사고,0,0,4,0,차대차 - 추돌,안전운전불이행,건조,맑음,교차로 - 교차로부근,승용,남,47세,상해없음,승용,남,39세,경상
2018021800100291,2018년 2월 18일 20시,일요일,충청남도 예산군 삽교읍,경상사고,0,0,1,0,차량단독 - 전도전복 - 전복,안전운전불이행,건조,맑음,단일로 - 기타,화물,남,50세,경상,미분류,미분류,미분류,미분류
2018021800100328,2018년 2월 18일 22시,일요일,충청남도 공주시 유구읍,중상사고,0,1,0,0,차대차 - 측면충돌,신호위반,건조,맑음,교차로 - 교차로안,승용,남,25세,상해없음,특수,남,37세,상해없음
2018021800100339,2018년 2월 18일 23시,일요일,충청남도 논산시 등화동,중상사고,0,1,0,0,차대차 - 추돌,안전운전불이행,건조,맑음,교차로 - 교차로부근,승용,남,55세,상해없음,승용,남,75세,중상
2018021900100021,2018년 2월 19일 02시,월요일,충청남도 아산시 온천동,중상사고,0,1,1,0,차대차 - 측면충돌,신호위반,건조,맑음,교차로 - 교차로안,승용,남,24세,상해없음,승용,남,47세,중상
2018021900100026,2018년 2월 19일 03시,월요일,충청남도 천안시 서북구 두정동,경상사고,0,0,1,0,차대사람 - 기타,안전운전불이행,건조,맑음,단일로 - 기타,승용,남,46세,상해없음,보행자,남,26세,경상
2018021900100053,2018년 2월 19일 06시,월요일,충청남도 천안시 동남구 안서동,중상사고,0,1,1,0,차대차 - 측면충돌,교차로운행방법위반,건조,맑음,교차로 - 교차로안,승용,남,59세,경상,화물,남,67세,중상
2018021900100088,2018년 2월 19일 08시,월요일,충청남도 당진시 신평면,중상사고,0,1,1,0,차대차 - 정면충돌,중앙선침범,건조,맑음,단일로 - 기타,승용,남,63세,상해없음,화물,남,57세,경상
2018021900100105,2018년 2월 19일 09시,월요일,충청남도 서산시 동문동,경상사고,0,0,1,0,차대사람 - 차도통행중,안전운전불이행,건조,맑음,단일로 - 기타,승용,남,47세,상해없음,보행자,남,58세,경상
2018021900100176,2018년 2월 19일 12시,월요일,충청남도 계룡시 엄사면,경상사고,0,0,2,0,차대차 - 측면충돌,안전운전불이행,건조,맑음,교차로 - 교차로부근,승용,여,40세,상해없음,승용,남,37세,경상
2018021900100177,2018년 2월 19일 12시,월요일,충청남도 당진시 행정리,경상사고,0,0,1,0,차대사람 - 길가장자리구역통행중,안전운전불이행,건조,맑음,단일로 - 기타,화물,남,71세,상해없음,보행자,남,69세,경상
2018021900100178,2018년 2월 19일 12시,월요일,충청남도 당진시 읍내리,경상사고,0,0,1,0,차대사람 - 횡단중,보행자보호의무위반,건조,맑음,교차로 - 교차로횡단보도내,승용,남,57세,상해없음,보행자,남,64세,경상
2018021900100200,2018년 2월 19일 13시,월요일,충청남도 보령시 웅천읍,경상사고,0,0,1,0,차대차 - 측면충돌,중앙선침범,건조,맑음,교차로 - 교차로부근,화물,남,62세,상해없음,승용,남,47세,경상
2018021900100217,2018년 2월 19일 14시,월요일,충청남도 서산시 동문동,경상사고,0,0,1,0,차대사람 - 차도통행중,안전운전불이행,건조,맑음,단일로 - 기타,승용,여,62세,상해없음,보행자,여,66세,경상
2018021900100218,2018년 2월 19일 14시,월요일,충청남도 아산시 송악면,경상사고,0,0,1,0,차대차 - 기타,안전운전불이행,건조,맑음,기타 - 기타,승용,남,47세,상해없음,자전거,남,21세,경상
2018021900100219,2018년 2월 19일 14시,월요일,충청남도 공주시 신관동,중상사고,0,1,1,0,차대차 - 측면충돌,신호위반,건조,맑음,교차로 - 교차로안,승용,여,63세,상해없음,승용,여,43세,중상
2018021900100220,2018년 2월 19일 14시,월요일,충청남도 천안시 동남구 신방동,경상사고,0,0,1,0,차대사람 - 기타,안전운전불이행,건조,맑음,단일로 - 기타,승용,여,51세,상해없음,보행자,여,79세,경상
2018021900100252,2018년 2월 19일 15시,월요일,충청남도 논산시 강경읍,중상사고,0,2,1,0,차대차 - 측면충돌,직진우회전진행방해,건조,맑음,교차로 - 교차로안,승용,남,71세,경상,승용,여,60세,중상
2018021900100280,2018년 2월 19일 16시,월요일,충청남도 공주시 계룡면,경상사고,0,0,1,0,차대차 - 측면충돌,중앙선침범,건조,맑음,교차로 - 교차로안,승용,남,52세,상해없음,승용,남,57세,경상
2018021900100281,2018년 2월 19일 16시,월요일,충청남도 예산군 예산읍,경상사고,0,0,1,0,차대차 - 추돌,안전거리미확보,건조,맑음,단일로 - 기타,화물,남,47세,상해없음,승용,남,29세,경상
2018021900100304,2018년 2월 19일 17시,월요일,충청남도 서산시 읍내동,중상사고,0,1,0,0,차대차 - 측면충돌,안전운전불이행,건조,맑음,단일로 - 기타,승용,남,59세,상해없음,승용,여,41세,중상
2018021900100389,2018년 2월 19일 19시,월요일,충청남도 천안시 서북구 두정동,중상사고,0,1,0,0,차대사람 - 횡단중,보행자보호의무위반,건조,맑음,교차로 - 교차로안,승용,여,27세,상해없음,보행자,여,32세,중상
2018021900100427,2018년 2월 19일 20시,월요일,충청남도 천안시 동남구 용곡동,경상사고,0,0,1,0,차대차 - 추돌,안전운전불이행,건조,맑음,단일로 - 기타,화물,남,42세,상해없음,이륜,남,22세,경상
2018021900100428,2018년 2월 19일 20시,월요일,충청남도 천안시 동남구 신방동,경상사고,0,0,1,0,차대차 - 기타,안전운전불이행,건조,맑음,교차로 - 교차로안,승용,여,44세,상해없음,승용,여,34세,경상
2018021900100481,2018년 2월 19일 22시,월요일,충청남도 천안시 서북구 성정동,경상사고,0,0,1,0,차대사람 - 횡단중,안전운전불이행,건조,맑음,교차로 - 교차로안,승용,남,40세,상해없음,보행자,남,43세,경상
2018021900100482,2018년 2월 19일 22시,월요일,충청남도 보령시 동대동,중상사고,0,1,0,0,차대사람 - 횡단중,안전운전불이행,건조,맑음,교차로 - 교차로안,승용,남,34세,상해없음,보행자,남,64세,중상
2018021900100483,2018년 2월 19일 22시,월요일,충청남도 보령시 궁촌동,경상사고,0,0,1,0,차대차 - 추돌,안전거리미확보,건조,맑음,단일로 - 기타,승용,여,28세,상해없음,승용,남,57세,경상
2018022000100009,2018년 2월 20일 00시,화요일,충청남도 서산시 읍내동,경상사고,0,0,1,0,차대차 - 측면충돌,안전운전불이행,건조,맑음,단일로 - 기타,승용,남,18세,상해없음,이륜,남,25세,경상
2018022000100010,2018년 2월 20일 00시,화요일,충청남도 당진시 읍내리,경상사고,0,0,3,0,차대차 - 추돌,신호위반,건조,맑음,교차로 - 교차로안,승용,남,39세,상해없음,승용,남,21세,경상
2018022000100024,2018년 2월 20일 01시,화요일,충청남도 천안시 서북구 쌍용동,경상사고,0,0,1,0,차대차 - 추돌,안전운전불이행,건조,맑음,단일로 - 기타,승용,여,46세,상해없음,승용,남,42세,경상
2018022000100063,2018년 2월 20일 05시,화요일,충청남도 예산군 예산읍,사망사고,1,0,0,0,차대사람 - 차도통행중,안전운전불이행,건조,맑음,단일로 - 기타,화물,남,29세,상해없음,보행자,남,37세,사망
2018022000100108,2018년 2월 20일 07시,화요일,충청남도 당진시 원당리,경상사고,0,0,1,0,차대사람 - 차도통행중,안전운전불이행,건조,맑음,단일로 - 기타,승용,남,30세,상해없음,보행자,남,60세,경상
2018022000100177,2018년 2월 20일 10시,화요일,충청남도 태안군 안면읍,중상사고,0,1,0,0,차대차 - 측면충돌,교차로운행방법위반,건조,맑음,교차로 - 교차로안,승용,여,30세,상해없음,화물,남,76세,상해없음
2018022000100205,2018년 2월 20일 11시,화요일,충청남도 예산군 예산읍,중상사고,0,1,0,0,차대차 - 측면충돌,직진우회전진행방해,건조,맑음,교차로 - 교차로안,승용,남,28세,상해없음,이륜,남,75세,중상
2018022000100206,2018년 2월 20일 11시,화요일,충청남도 예산군 예산읍,경상사고,0,0,1,0,차대차 - 기타,안전운전불이행,건조,맑음,교차로 - 교차로부근,화물,남,26세,상해없음,승용,남,76세,경상
2018022000100231,2018년 2월 20일 12시,화요일,충청남도 부여군 부여읍,경상사고,0,0,1,0,차대사람 - 기타,안전운전불이행,건조,맑음,단일로 - 기타,승용,여,67세,상해없음,보행자,여,78세,경상
2018022000100232,2018년 2월 20일 12시,화요일,충청남도 천안시 동남구 북면,중상사고,0,1,4,0,차대차 - 추돌,안전운전불이행,건조,맑음,교차로 - 교차로부근,승용,남,56세,상해없음,승용,여,46세,경상
2018022000100285,2018년 2월 20일 14시,화요일,충청남도 보령시 대천동,중상사고,0,1,0,0,차대차 - 측면충돌,안전운전불이행,건조,맑음,단일로 - 기타,승용,남,43세,상해없음,승용,남,48세,중상
2018022000100312,2018년 2월 20일 15시,화요일,충청남도 당진시 우강면,중상사고,0,1,0,0,차량단독 - 기타,안전운전불이행,건조,맑음,단일로 - 기타,승용,남,49세,상해없음,,,,
2018022000100313,2018년 2월 20일 15시,화요일,충청남도 천안시 동남구 광덕면,경상사고,0,0,1,0,차대차 - 기타,안전운전불이행,건조,맑음,단일로 - 교량,화물,남,58세,상해없음,건설기계,남,51세,경상
2018022000100340,2018년 2월 20일 16시,화요일,충청남도 태안군 안면읍,중상사고,0,2,0,0,차대차 - 기타,안전운전불이행,건조,맑음,단일로 - 기타,승용,남,25세,상해없음,승용,남,20세,중상
2018022000100360,2018년 2월 20일 17시,화요일,충청남도 논산시 광석면,경상사고,0,0,1,0,차량단독 - 전도전복 - 전도,안전운전불이행,건조,맑음,단일로 - 기타,이륜,남,68세,경상,미분류,미분류,미분류,미분류
2018022000100361,2018년 2월 20일 17시,화요일,충청남도 예산군 신양면,중상사고,0,1,0,0,차량단독 - 도로외이탈 - 기타,안전운전불이행,건조,흐림,단일로 - 기타,화물,남,59세,중상,,,,
2018022100100008,2018년 2월 21일 00시,수요일,충청남도 논산시 은진면,중상사고,0,1,0,0,차대차 - 추돌,안전거리미확보,건조,맑음,단일로 - 기타,승용,남,28세,상해없음,이륜,남,57세,중상
2018022100100030,2018년 2월 21일 04시,수요일,충청남도 천안시 서북구 성정동,중상사고,0,1,0,0,차대사람 - 기타,안전운전불이행,건조,기타,교차로 - 교차로안,승용,남,48세,상해없음,보행자,남,45세,중상
2018022100100066,2018년 2월 21일 07시,수요일,충청남도 아산시 탕정면,경상사고,0,0,1,0,차대사람 - 길가장자리구역통행중,안전운전불이행,건조,맑음,단일로 - 기타,승합,남,23세,상해없음,보행자,남,47세,경상
2018022100100085,2018년 2월 21일 08시,수요일,충청남도 천안시 서북구 백석동,경상사고,0,0,2,0,차대차 - 측면충돌,신호위반,건조,맑음,교차로 - 교차로안,승용,여,30세,경상,승합,남,45세,경상
2018022100100153,2018년 2월 21일 11시,수요일,충청남도 천안시 동남구 원성동,경상사고,0,0,2,0,차대차 - 추돌,안전운전불이행,건조,맑음,단일로 - 기타,화물,남,68세,상해없음,승용,남,57세,경상
2018022100100180,2018년 2월 21일 12시,수요일,충청남도 보령시 대천동,중상사고,0,1,4,0,차대차 - 측면충돌,직진우회전진행방해,건조,맑음,교차로 - 교차로안,화물,남,67세,상해없음,승용,남,42세,경상
2018022100100201,2018년 2월 21일 13시,수요일,충청남도 논산시 연산면,경상사고,0,0,1,0,차대차 - 측면충돌,직진우회전진행방해,건조,맑음,교차로 - 교차로안,승용,남,69세,상해없음,이륜,남,66세,경상
2018022100100202,2018년 2월 21일 13시,수요일,충청남도 보령시 주포면,중상사고,0,1,0,0,차대차 - 측면충돌,안전운전불이행,건조,맑음,교차로 - 교차로안,화물,남,63세,상해없음,화물,남,61세,중상
2018022100100227,2018년 2월 21일 14시,수요일,충청남도 서산시 동문동,중상사고,0,1,0,0,차대사람 - 횡단중,보행자보호의무위반,건조,맑음,교차로 - 교차로안,승용,남,67세,상해없음,보행자,남,71세,중상
2018022100100229,2018년 2월 21일 14시,수요일,충청남도 당진시 수청리,사망사고,1,0,0,0,차량단독 - 공작물충돌,안전운전불이행,건조,맑음,단일로 - 기타,화물,여,47세,사망,,,,
2018022100100256,2018년 2월 21일 15시,수요일,충청남도 홍성군 광천읍,경상사고,0,0,1,0,차대차 - 측면충돌,안전운전불이행,건조,맑음,교차로 - 교차로부근,승용,남,60세,상해없음,승용,남,29세,경상
2018022100100257,2018년 2월 21일 15시,수요일,충청남도 천안시 동남구 구성동,경상사고,0,0,1,0,차대차 - 추돌,안전운전불이행,건조,맑음,교차로 - 교차로부근,승용,여,27세,상해없음,승용,여,47세,경상
2018022100100287,2018년 2월 21일 16시,수요일,충청남도 당진시 읍내리,중상사고,0,1,0,0,차대사람 - 차도통행중,안전운전불이행,건조,맑음,교차로 - 교차로안,승용,남,60세,상해없음,보행자,여,69세,중상
2018022100100288,2018년 2월 21일 16시,수요일,충청남도 당진시 합덕읍,사망사고,1,0,0,0,차대사람 - 차도통행중,안전운전불이행,건조,맑음,교차로 - 교차로안,승용,여,51세,상해없음,보행자,여,87세,사망
2018022100100381,2018년 2월 21일 19시,수요일,충청남도 당진시 읍내리,부상신고사고,0,0,0,1,차대차 - 기타,신호위반,건조,맑음,교차로 - 교차로안,승용,여,46세,상해없음,이륜,남,24세,부상신고
2018022100100382,2018년 2월 21일 19시,수요일,충청남도 천안시 동남구 목천읍,경상사고,0,0,1,0,차대차 - 측면충돌,신호위반,건조,맑음,교차로 - 교차로안,이륜,남,69세,경상,승용,남,31세,상해없음
2018022100100383,2018년 2월 21일 19시,수요일,충청남도 천안시 동남구 신방동,경상사고,0,0,1,1,차대차 - 측면충돌,안전운전불이행,건조,맑음,단일로 - 기타,원동기,남,35세,부상신고,승용,남,23세,경상
2018022100100416,2018년 2월 21일 20시,수요일,충청남도 예산군 예산읍,경상사고,0,0,1,0,차대사람 - 횡단중,안전운전불이행,건조,맑음,단일로 - 기타,승용,남,73세,상해없음,보행자,남,54세,경상
2018022200100013,2018년 2월 22일 00시,목요일,충청남도 천안시 서북구 두정동,중상사고,0,1,0,0,차대차 - 측면충돌,교차로운행방법위반,건조,맑음,교차로 - 교차로안,승용,남,31세,상해없음,원동기,남,35세,중상
2018022200100031,2018년 2월 22일 01시,목요일,충청남도 서산시 동문동,경상사고,0,0,1,0,차대사람 - 길가장자리구역통행중,안전운전불이행,건조,맑음,단일로 - 기타,승용,남,23세,상해없음,보행자,여,25세,경상
2018022200100042,2018년 2월 22일 02시,목요일,충청남도 천안시 서북구 성정동,경상사고,0,0,1,0,차대차 - 측면충돌,신호위반,건조,맑음,교차로 - 교차로안,승용,남,22세,상해없음,승용,여,30세,경상
2018022200100082,2018년 2월 22일 06시,목요일,충청남도 예산군 덕산면,경상사고,0,0,1,0,차대차 - 추돌,안전운전불이행,건조,맑음,단일로 - 기타,승용,남,69세,경상,화물,남,35세,상해없음
2018022200100149,2018년 2월 22일 09시,목요일,충청남도 공주시 금성동,경상사고,0,0,1,0,차대차 - 측면충돌,신호위반,건조,맑음,교차로 - 교차로안,화물,남,69세,상해없음,승용,여,35세,경상
2018022200100177,2018년 2월 22일 10시,목요일,충청남도 천안시 서북구 성환읍,중상사고,0,1,0,0,차대차 - 기타,신호위반,건조,맑음,교차로 - 교차로안,승용,남,38세,상해없음,이륜,남,18세,중상
2018022200100206,2018년 2월 22일 11시,목요일,충청남도 청양군 목면,경상사고,0,0,1,0,차대차 - 측면충돌,안전운전불이행,건조,맑음,교차로 - 교차로안,승용,남,25세,상해없음,화물,남,37세,경상
2018022200100242,2018년 2월 22일 12시,목요일,충청남도 금산군 남이면,중상사고,0,1,0,0,차대차 - 정면충돌,중앙선침범,건조,맑음,단일로 - 기타,화물,남,49세,상해없음,이륜,남,84세,중상
2018022200100264,2018년 2월 22일 13시,목요일,충청남도 논산시 내동,중상사고,0,1,0,0,차대차 - 측면충돌,신호위반,건조,맑음,교차로 - 교차로안,승용,여,60세,상해없음,승용,여,27세,중상
2018022200100292,2018년 2월 22일 14시,목요일,충청남도 천안시 서북구 백석동,경상사고,0,0,2,0,차대차 - 기타,안전운전불이행,건조,맑음,교차로 - 교차로안,승용,남,71세,상해없음,승용,남,30세,경상
2018022200100293,2018년 2월 22일 14시,목요일,충청남도 아산시 신창면,경상사고,0,0,1,0,차대사람 - 기타,안전운전불이행,건조,맑음,주차장 - 주차장,기타불명,기타불명,미분류,기타불명,보행자,남,34세,경상
2018022200100294,2018년 2월 22일 14시,목요일,충청남도 천안시 동남구 원성동,중상사고,0,1,0,0,차대차 - 추돌,안전운전불이행,건조,맑음,단일로 - 기타,화물,남,52세,상해없음,화물,남,62세,중상
2018022200100326,2018년 2월 22일 15시,목요일,충청남도 논산시 내동,경상사고,0,0,3,0,차대차 - 추돌,안전운전불이행,건조,맑음,교차로 - 교차로부근,승용,남,48세,상해없음,승용,남,40세,경상
2018022200100348,2018년 2월 22일 16시,목요일,충청남도 아산시 염치읍,중상사고,0,1,0,0,차대차 - 측면충돌,중앙선침범,건조,맑음,단일로 - 기타,승용,남,36세,상해없음,화물,남,49세,중상
2018022200100371,2018년 2월 22일 17시,목요일,충청남도 아산시 음봉면,경상사고,0,0,1,0,차대차 - 기타,안전운전불이행,건조,맑음,단일로 - 기타,승용,남,27세,상해없음,승용,여,32세,경상
2018022200100408,2018년 2월 22일 18시,목요일,충청남도 예산군 삽교읍,경상사고,0,0,1,0,차대차 - 측면충돌,교차로운행방법위반,건조,맑음,교차로 - 교차로안,화물,남,26세,상해없음,승용,여,32세,경상
2018022200100447,2018년 2월 22일 19시,목요일,충청남도 계룡시 금암동,경상사고,0,0,1,0,차대차 - 기타,중앙선침범,건조,맑음,단일로 - 기타,승용,여,55세,상해없음,원동기,남,27세,경상
2018022200100448,2018년 2월 22일 19시,목요일,충청남도 천안시 동남구 신방동,중상사고,0,1,0,0,차대사람 - 기타,보행자보호의무위반,건조,맑음,기타 - 기타,승합,남,30세,상해없음,보행자,여,55세,중상
2018022200100478,2018년 2월 22일 20시,목요일,충청남도 서산시 예천동,경상사고,0,0,1,0,차대차 - 측면충돌,직진우회전진행방해,건조,맑음,교차로 - 교차로안,승용,여,35세,경상,승용,남,57세,상해없음
2018022200100479,2018년 2월 22일 20시,목요일,충청남도 홍성군 홍북읍,중상사고,0,1,0,0,차대사람 - 횡단중,보행자보호의무위반,건조,맑음,기타 - 기타,승용,남,30세,상해없음,보행자,남,15세,중상
2018022200100511,2018년 2월 22일 21시,목요일,충청남도 당진시 합덕읍,사망사고,1,0,0,0,차대차 - 정면충돌,중앙선침범,건조,맑음,단일로 - 기타,승용,남,45세,사망,특수,남,45세,상해없음
2018022200100550,2018년 2월 22일 22시,목요일,충청남도 천안시 서북구 불당동,중상사고,0,2,0,0,차대차 - 측면충돌,신호위반,건조,맑음,교차로 - 교차로안,승용,여,51세,상해없음,승용,남,37세,중상
2018022200100551,2018년 2월 22일 22시,목요일,충청남도 천안시 서북구 두정동,경상사고,0,0,1,0,차대차 - 측면충돌,직진우회전진행방해,건조,맑음,교차로 - 교차로안,승용,남,42세,상해없음,승용,남,28세,경상
2018022200100553,2018년 2월 22일 22시,목요일,충청남도 당진시 석문면,경상사고,0,0,1,0,차대차 - 추돌,안전거리미확보,건조,맑음,단일로 - 기타,승용,남,51세,상해없음,승용,남,38세,상해없음
2018022200100554,2018년 2월 22일 22시,목요일,충청남도 천안시 동남구 목천읍,경상사고,0,0,2,0,차대차 - 측면충돌,안전운전불이행,건조,맑음,단일로 - 기타,화물,남,52세,상해없음,승합,남,50세,경상
2018022300100091,2018년 2월 23일 06시,금요일,충청남도 당진시 신평면,중상사고,0,1,0,0,차대차 - 기타,안전운전불이행,건조,맑음,단일로 - 기타,기타불명,기타불명,미분류,기타불명,이륜,남,84세,중상
2018022300100110,2018년 2월 23일 07시,금요일,충청남도 천안시 서북구 불당동,중상사고,0,1,0,0,차대차 - 측면충돌,안전거리미확보,건조,맑음,교차로 - 교차로안,이륜,남,48세,상해없음,승용,여,23세,중상
2018022300100111,2018년 2월 23일 07시,금요일,충청남도 공주시 정안면,경상사고,0,0,1,0,차대차 - 기타,안전운전불이행,적설,흐림,단일로 - 기타,승용,여,28세,경상,화물,남,48세,기타불명
2018022300100147,2018년 2월 23일 08시,금요일,충청남도 논산시 연산면,중상사고,0,1,0,0,차대사람 - 길가장자리구역통행중,안전운전불이행,젖음/습기,흐림,단일로 - 기타,승용,남,78세,상해없음,보행자,남,52세,중상
2018022300100148,2018년 2월 23일 08시,금요일,충청남도 공주시 신관동,경상사고,0,0,6,0,차대차 - 측면충돌,직진우회전진행방해,건조,흐림,교차로 - 교차로안,승용,남,43세,상해없음,승합,남,53세,경상
2018022300100185,2018년 2월 23일 09시,금요일,충청남도 서천군 서천읍,중상사고,0,1,0,0,차대차 - 기타,직진우회전진행방해,건조,맑음,교차로 - 교차로안,승합,여,50세,상해없음,이륜,남,80세,중상
2018022300100186,2018년 2월 23일 09시,금요일,충청남도 당진시 원당리,중상사고,0,1,0,0,차대차 - 추돌,안전운전불이행,건조,맑음,단일로 - 기타,승용,남,57세,상해없음,화물,남,37세,중상
2018022300100187,2018년 2월 23일 09시,금요일,충청남도 당진시 우강면,중상사고,0,1,0,0,차대차 - 측면충돌,안전운전불이행,젖음/습기,흐림,단일로 - 기타,이륜,남,90세 이상,중상,승용,남,66세,기타불명
2018022300100211,2018년 2월 23일 10시,금요일,충청남도 천안시 서북구 쌍용동,경상사고,0,0,1,0,차대차 - 측면충돌,안전운전불이행,건조,맑음,단일로 - 기타,승용,남,26세,상해없음,화물,남,38세,경상
2018022300100212,2018년 2월 23일 10시,금요일,충청남도 공주시 월송동,중상사고,0,3,0,0,차대차 - 측면충돌,안전운전불이행,건조,흐림,단일로 - 기타,건설기계,남,50세,상해없음,승용,여,56세,중상
2018022300100254,2018년 2월 23일 11시,금요일,충청남도 청양군 청양읍,중상사고,0,1,0,0,차대차 - 측면충돌,안전거리미확보,건조,맑음,단일로 - 기타,이륜,남,76세,중상,승용,여,66세,상해없음
2018022300100255,2018년 2월 23일 11시,금요일,충청남도 태안군 태안읍,사망사고,1,3,0,0,차대차 - 측면충돌,신호위반,건조,맑음,교차로 - 교차로안,화물,남,78세,상해없음,승합,남,58세,중상
2018022300100282,2018년 2월 23일 12시,금요일,충청남도 서천군 장항읍,경상사고,0,0,1,0,차대차 - 측면충돌,안전운전불이행,건조,맑음,단일로 - 기타,화물,남,36세,상해없음,자전거,여,67세,경상
2018022300100345,2018년 2월 23일 15시,금요일,충청남도 공주시 중학동,경상사고,0,0,2,0,차대차 - 추돌,안전운전불이행,건조,맑음,교차로 - 교차로부근,승용,여,55세,상해없음,승용,남,67세,경상
2018022300100346,2018년 2월 23일 15시,금요일,충청남도 천안시 동남구 영성동,경상사고,0,0,1,0,차대차 - 기타,직진우회전진행방해,건조,맑음,교차로 - 교차로안,승용,여,48세,상해없음,승용,남,60세,경상
2018022300100380,2018년 2월 23일 16시,금요일,충청남도 천안시 서북구 성정동,경상사고,0,0,1,0,차대사람 - 기타,안전운전불이행,건조,맑음,단일로 - 기타,화물,남,41세,상해없음,보행자,여,71세,경상
2018022300100381,2018년 2월 23일 16시,금요일,충청남도 서천군 서천읍,경상사고,0,0,1,0,차대차 - 기타,직진우회전진행방해,건조,맑음,교차로 - 교차로안,승용,남,41세,기타불명,승용,남,58세,경상