사고번호,사고일시,요일,시군구,사고내용,사망자수,중상자수,경상자수,부상신고자수,사고유형,법규위반,노면상태,기상상태,도로형태,가해운전자 차종,가해운전자 성별,가해운전자 연령,가해운전자 상해정도,피해운전자 차종,피해운전자 성별,피해운전자 연령,피해운전자 상해정도
2018022300100519,2018년 2월 23일 20시,금요일,충청남도 서천군 서천읍,경상사고,0,0,1,0,차대사람 - 횡단중,안전운전불이행,건조,맑음,교차로 - 교차로부근,승용,여,47세,상해없음,보행자,남,48세,경상
2018022300100558,2018년 2월 23일 21시,금요일,충청남도 서산시 음암면,경상사고,0,0,1,0,차대차 - 추돌,안전운전불이행,건조,맑음,단일로 - 기타,승용,여,30세,경상,특수,기타불명,미분류,기타불명
2018022300100559,2018년 2월 23일 21시,금요일,충청남도 천안시 서북구 두정동,경상사고,0,0,2,0,차대사람 - 횡단중,보행자보호의무위반,건조,맑음,교차로 - 교차로부근,이륜,남,28세,상해없음,보행자,남,26세,경상
2018022300100592,2018년 2월 23일 22시,금요일,충청남도 서산시 오남동,경상사고,0,0,1,0,차대사람 - 길가장자리구역통행중,안전운전불이행,건조,맑음,단일로 - 기타,승용,남,39세,상해없음,보행자,남,14세,경상
2018022300100627,2018년 2월 23일 23시,금요일,충청남도 천안시 동남구 신방동,중상사고,0,2,0,0,차대차 - 추돌,안전운전불이행,건조,맑음,단일로 - 기타,승용,남,47세,상해없음,승용,남,29세,중상
2018022400100009,2018년 2월 24일 00시,토요일,충청남도 천안시 서북구 두정동,경상사고,0,0,2,0,차대차 - 후진중충돌,안전운전불이행,건조,흐림,교차로 - 교차로안,승용,남,29세,상해없음,승용,남,22세,경상
2018022400100010,2018년 2월 24일 00시,토요일,충청남도 논산시 내동,중상사고,0,1,0,0,차대사람 - 차도통행중,안전운전불이행,건조,맑음,교차로 - 교차로안,승용,남,57세,상해없음,보행자,여,24세,중상
2018022400100011,2018년 2월 24일 00시,토요일,충청남도 천안시 동남구 목천읍,중상사고,0,1,0,0,차대차 - 추돌,안전운전불이행,건조,맑음,단일로 - 기타,승용,남,54세,상해없음,승용,남,28세,중상
2018022400100031,2018년 2월 24일 01시,토요일,충청남도 천안시 서북구 쌍용동,경상사고,0,0,4,0,차대차 - 측면충돌,신호위반,건조,맑음,교차로 - 교차로안,승용,여,50세,상해없음,승용,남,54세,경상
2018022400100032,2018년 2월 24일 01시,토요일,충청남도 아산시 실옥동,중상사고,0,2,0,0,차대차 - 추돌,안전운전불이행,건조,맑음,교차로 - 교차로부근,승용,남,53세,상해없음,승용,남,25세,중상
2018022400100033,2018년 2월 24일 01시,토요일,충청남도 예산군 삽교읍,경상사고,0,0,1,0,차대차 - 정면충돌,중앙선침범,건조,맑음,단일로 - 기타,승용,남,33세,상해없음,승용,남,45세,경상
2018022400100055,2018년 2월 24일 03시,토요일,충청남도 아산시 둔포면,사망사고,1,0,1,0,차대차 - 정면충돌,중앙선침범,건조,맑음,교차로 - 교차로부근,승용,남,29세,사망,화물,남,35세,경상
2018022400100077,2018년 2월 24일 05시,토요일,충청남도 천안시 서북구 성정동,경상사고,0,0,2,0,차대차 - 추돌,안전운전불이행,건조,맑음,교차로 - 교차로부근,승용,남,21세,상해없음,승용,남,35세,경상
2018022400100140,2018년 2월 24일 09시,토요일,충청남도 공주시 반죽동,경상사고,0,0,1,0,차대차 - 측면충돌,신호위반,건조,맑음,교차로 - 교차로안,승용,여,67세,상해없음,승용,남,38세,경상
2018022400100170,2018년 2월 24일 10시,토요일,충청남도 서천군 서천읍,경상사고,0,0,1,0,차대사람 - 횡단중,보행자보호의무위반,건조,맑음,교차로 - 교차로횡단보도내,화물,여,57세,상해없음,보행자,남,49세,경상
2018022400100171,2018년 2월 24일 10시,토요일,충청남도 천안시 동남구 구성동,경상사고,0,0,2,0,차대차 - 기타,안전운전불이행,건조,맑음,단일로 - 기타,승용,남,36세,상해없음,승용,남,34세,경상
2018022400100226,2018년 2월 24일 12시,토요일,충청남도 보령시 동대동,경상사고,0,0,5,0,차대차 - 추돌,안전운전불이행,건조,맑음,단일로 - 기타,승용,남,55세,상해없음,승용,남,44세,경상
2018022400100227,2018년 2월 24일 12시,토요일,충청남도 공주시 유구읍,경상사고,0,0,1,0,차대사람 - 기타,안전운전불이행,건조,맑음,기타 - 기타,승합,남,53세,상해없음,보행자,여,72세,경상
2018022400100250,2018년 2월 24일 13시,토요일,충청남도 예산군 예산읍,경상사고,0,0,2,0,차대차 - 측면충돌,안전운전불이행,건조,맑음,교차로 - 교차로안,화물,남,64세,상해없음,승용,여,28세,경상
2018022400100283,2018년 2월 24일 14시,토요일,충청남도 논산시 부창동,사망사고,1,0,0,0,차대차 - 측면충돌,중앙선침범,건조,맑음,단일로 - 기타,자전거,남,80세,사망,화물,남,74세,상해없음
2018022400100383,2018년 2월 24일 18시,토요일,충청남도 보령시 남포면,경상사고,0,0,1,0,차량단독 - 전도전복 - 전도,안전운전불이행,건조,맑음,단일로 - 기타,승용,남,63세,경상,미분류,미분류,미분류,미분류
2018022400100414,2018년 2월 24일 19시,토요일,충청남도 홍성군 홍북읍,중상사고,0,2,2,0,차대차 - 추돌,안전운전불이행,건조,맑음,단일로 - 기타,승용,여,38세,상해없음,승용,남,42세,중상
2018022400100415,2018년 2월 24일 19시,토요일,충청남도 천안시 동남구 신방동,경상사고,0,0,1,0,차대차 - 측면충돌,중앙선침범,건조,맑음,기타 - 기타,이륜,남,17세,경상,승용,여,44세,상해없음
2018022400100463,2018년 2월 24일 21시,토요일,충청남도 서산시 석남동,경상사고,0,0,1,0,차대차 - 추돌,안전운전불이행,건조,맑음,교차로 - 교차로부근,승용,남,48세,상해없음,승용,남,32세,경상
2018022400100464,2018년 2월 24일 21시,토요일,충청남도 서산시 읍내동,경상사고,0,0,3,0,차대차 - 추돌,안전운전불이행,건조,맑음,교차로 - 교차로부근,화물,남,64세,상해없음,승용,여,41세,경상
2018022400100465,2018년 2월 24일 21시,토요일,충청남도 서산시 예천동,경상사고,0,0,1,0,차대사람 - 기타,안전운전불이행,건조,맑음,주차장 - 주차장,승용,남,28세,상해없음,보행자,여,50세,경상
2018022400100511,2018년 2월 24일 23시,토요일,충청남도 천안시 서북구 불당동,경상사고,0,0,1,0,차대차 - 추돌,안전운전불이행,건조,맑음,교차로 - 교차로부근,화물,여,57세,상해없음,승용,남,51세,경상
2018022400100512,2018년 2월 24일 23시,토요일,충청남도 아산시 배방읍,경상사고,0,0,1,0,차대차 - 기타,차로위반,건조,맑음,단일로 - 기타,승용,남,65세,상해없음,승용,여,42세,경상
2018022500100025,2018년 2월 25일 01시,일요일,충청남도 천안시 서북구 성정동,경상사고,0,0,3,0,차대차 - 측면충돌,신호위반,건조,맑음,교차로 - 교차로안,승용,남,24세,상해없음,승용,남,59세,경상
2018022500100026,2018년 2월 25일 01시,일요일,충청남도 천안시 서북구 쌍용동,경상사고,0,0,2,0,차대차 - 추돌,안전운전불이행,건조,맑음,단일로 - 기타,승용,남,32세,상해없음,승용,남,58세,경상
2018022500100035,2018년 2월 25일 02시,일요일,충청남도 서산시 예천동,부상신고사고,0,0,0,1,차대차 - 측면충돌,직진우회전진행방해,건조,맑음,교차로 - 교차로안,승용,남,34세,상해없음,승용,남,59세,상해없음
2018022500100036,2018년 2월 25일 02시,일요일,충청남도 천안시 서북구 두정동,경상사고,0,0,1,0,차대사람 - 횡단중,안전운전불이행,건조,맑음,교차로 - 교차로부근,승용,남,18세,상해없음,보행자,남,23세,경상
2018022500100109,2018년 2월 25일 09시,일요일,충청남도 천안시 서북구 성정동,중상사고,0,1,0,0,차대차 - 측면충돌,안전운전불이행,건조,맑음,단일로 - 기타,승용,남,29세,상해없음,승용,남,37세,중상
2018022500100119,2018년 2월 25일 10시,일요일,충청남도 청양군 목면,경상사고,0,0,4,0,차대차 - 측면충돌,직진우회전진행방해,건조,맑음,교차로 - 교차로안,승용,여,64세,경상,승용,남,48세,경상
2018022500100141,2018년 2월 25일 11시,일요일,충청남도 보령시 청소면,사망사고,1,0,0,0,차량단독 - 전도전복 - 전도,안전운전불이행,건조,맑음,단일로 - 기타,화물,남,71세,사망,미분류,미분류,미분류,미분류
2018022500100160,2018년 2월 25일 12시,일요일,충청남도 논산시 강산동,중상사고,0,1,4,0,차대차 - 기타,신호위반,건조,맑음,교차로 - 교차로안,승용,남,60세,상해없음,승용,남,59세,경상
2018022500100162,2018년 2월 25일 12시,일요일,충청남도 천안시 동남구 신부동,중상사고,0,1,1,0,차대차 - 측면충돌,안전운전불이행,건조,맑음,교차로 - 교차로안,승용,여,42세,상해없음,승용,여,55세,중상
2018022500100181,2018년 2월 25일 13시,일요일,충청남도 부여군 충화면,사망사고,1,0,0,0,차량단독 - 도로외이탈 - 추락,안전운전불이행,건조,맑음,단일로 - 기타,이륜,남,83세,사망,,,,
2018022500100200,2018년 2월 25일 14시,일요일,충청남도 예산군 삽교읍,중상사고,0,2,0,0,차대차 - 측면충돌,교차로운행방법위반,건조,맑음,교차로 - 교차로안,승용,남,59세,상해없음,승용,여,60세,중상
2018022500100222,2018년 2월 25일 15시,일요일,충청남도 천안시 서북구 백석동,경상사고,0,0,1,0,차대차 - 측면충돌,중앙선침범,건조,맑음,교차로 - 교차로횡단보도내,승용,남,35세,상해없음,승용,여,45세,경상
2018022500100223,2018년 2월 25일 15시,일요일,충청남도 아산시 실옥동,중상사고,0,1,0,0,차대사람 - 기타,안전운전불이행,건조,맑음,단일로 - 기타,승용,남,40세,상해없음,보행자,여,90세 이상,중상
2018022500100224,2018년 2월 25일 15시,일요일,충청남도 천안시 동남구 신방동,경상사고,0,0,1,0,차대차 - 측면충돌,안전거리미확보,건조,맑음,단일로 - 기타,승용,남,45세,상해없음,승용,여,32세,경상
2018022500100249,2018년 2월 25일 16시,일요일,충청남도 서산시 석림동,경상사고,0,0,1,0,차대차 - 측면충돌,불법유턴,건조,맑음,교차로 - 교차로안,승용,남,58세,상해없음,이륜,남,32세,경상
2018022500100250,2018년 2월 25일 16시,일요일,충청남도 천안시 동남구 목천읍,중상사고,0,1,0,0,차대사람 - 횡단중,신호위반,건조,맑음,교차로 - 교차로안,화물,남,69세,상해없음,보행자,남,13세,중상
2018022500100292,2018년 2월 25일 18시,일요일,충청남도 천안시 동남구 다가동,경상사고,0,0,1,0,차대차 - 측면충돌,교차로운행방법위반,건조,맑음,교차로 - 교차로안,승용,여,49세,상해없음,기타불명,남,44세,경상
2018022500100336,2018년 2월 25일 20시,일요일,충청남도 천안시 서북구 성거읍,중상사고,0,2,3,0,차대차 - 추돌,안전운전불이행,건조,맑음,단일로 - 기타,승용,여,36세,상해없음,승용,여,53세,중상
2018022500100358,2018년 2월 25일 21시,일요일,충청남도 천안시 서북구 두정동,중상사고,0,1,0,0,차대사람 - 횡단중,과속,건조,맑음,교차로 - 교차로안,승용,남,27세,상해없음,보행자,여,60세,중상
2018022600100039,2018년 2월 26일 05시,월요일,충청남도 아산시 송악면,경상사고,0,0,2,0,차대차 - 측면충돌,중앙선침범,건조,맑음,단일로 - 기타,화물,남,66세,상해없음,승용,여,49세,경상
2018022600100054,2018년 2월 26일 06시,월요일,충청남도 천안시 서북구 백석동,중상사고,0,1,0,0,차대사람 - 횡단중,안전운전불이행,건조,맑음,교차로 - 교차로안,승용,남,56세,상해없음,보행자,여,48세,중상
2018022600100055,2018년 2월 26일 06시,월요일,충청남도 천안시 서북구 성거읍,중상사고,0,1,0,0,차대사람 - 길가장자리구역통행중,안전운전불이행,건조,맑음,단일로 - 기타,화물,여,38세,상해없음,보행자,여,64세,중상
2018022600100100,2018년 2월 26일 08시,월요일,충청남도 천안시 서북구 두정동,경상사고,0,0,1,0,차대사람 - 차도통행중,안전운전불이행,건조,맑음,교차로 - 교차로부근,승용,남,41세,상해없음,보행자,여,25세,경상
2018022600100101,2018년 2월 26일 08시,월요일,충청남도 예산군 예산읍,경상사고,0,0,1,0,차대차 - 측면충돌,교차로운행방법위반,건조,맑음,교차로 - 교차로부근,승합,여,56세,상해없음,승용,여,46세,상해없음
2018022600100132,2018년 2월 26일 09시,월요일,충청남도 공주시 중학동,중상사고,0,1,0,0,차대사람 - 차도통행중,안전운전불이행,건조,맑음,교차로 - 교차로부근,승용,남,58세,상해없음,보행자,남,61세,중상
2018022600100133,2018년 2월 26일 09시,월요일,충청남도 예산군 예산읍,중상사고,0,1,0,0,차대사람 - 보도통행중,기타,건조,맑음,단일로 - 기타,승합,남,66세,상해없음,보행자,여,78세,중상
2018022600100162,2018년 2월 26일 10시,월요일,충청남도 서천군 종천면,중상사고,0,1,0,0,차대차 - 정면충돌,중앙선침범,건조,맑음,단일로 - 기타,이륜,남,81세,중상,승용,남,69세,상해없음
2018022600100163,2018년 2월 26일 10시,월요일,충청남도 공주시 중학동,사망사고,1,0,0,0,차대사람 - 기타,중앙선침범,건조,맑음,교차로 - 교차로부근,승용,여,53세,상해없음,보행자,여,70세,사망
2018022600100164,2018년 2월 26일 10시,월요일,충청남도 당진시 송산면,경상사고,0,0,2,0,차대차 - 측면충돌,안전거리미확보,건조,맑음,교차로 - 교차로부근,특수,남,54세,상해없음,승용,남,53세,경상
2018022600100201,2018년 2월 26일 11시,월요일,충청남도 예산군 예산읍,경상사고,0,0,1,0,차대차 - 측면충돌,직진우회전진행방해,건조,맑음,교차로 - 교차로안,화물,남,63세,상해없음,승용,여,36세,경상
2018022600100202,2018년 2월 26일 11시,월요일,충청남도 태안군 소원면,경상사고,0,0,1,0,차대차 - 기타,안전운전불이행,건조,맑음,주차장 - 주차장,승용,여,69세,상해없음,승용,여,28세,경상
2018022600100230,2018년 2월 26일 12시,월요일,충청남도 천안시 동남구 신부동,중상사고,0,1,0,0,차대차 - 측면충돌,신호위반,건조,맑음,교차로 - 교차로안,승용,남,59세,상해없음,승용,여,31세,중상
2018022600100264,2018년 2월 26일 13시,월요일,충청남도 태안군 근흥면,경상사고,0,0,1,0,차대차 - 측면충돌,신호위반,건조,맑음,교차로 - 교차로안,승합,남,73세,상해없음,승용,남,67세,상해없음
2018022600100306,2018년 2월 26일 14시,월요일,충청남도 논산시 광석면,중상사고,0,1,0,0,차대차 - 기타,안전운전불이행,건조,맑음,단일로 - 기타,화물,남,47세,상해없음,이륜,남,78세,중상
2018022600100342,2018년 2월 26일 15시,월요일,충청남도 천안시 서북구 쌍용동,경상사고,0,0,1,0,차대차 - 측면충돌,안전거리미확보,건조,맑음,단일로 - 고가도로위,승용,여,59세,상해없음,승용,남,34세,경상
2018022600100343,2018년 2월 26일 15시,월요일,충청남도 당진시 시곡리,부상신고사고,0,0,0,1,차대차 - 측면충돌,안전운전불이행,건조,맑음,단일로 - 기타,승용,여,36세,상해없음,승용,여,44세,부상신고
2018022600100344,2018년 2월 26일 15시,월요일,충청남도 청양군 청남면,경상사고,0,0,3,0,차대차 - 추돌,안전운전불이행,건조,맑음,기타 - 기타,화물,남,43세,상해없음,승합,남,54세,경상
2018022600100345,2018년 2월 26일 15시,월요일,충청남도 천안시 동남구 신부동,중상사고,0,1,0,0,차대차 - 기타,직진우회전진행방해,건조,맑음,교차로 - 교차로안,승용,남,53세,상해없음,원동기,남,23세,중상
2018022600100378,2018년 2월 26일 16시,월요일,충청남도 천안시 서북구 백석동,경상사고,0,0,1,0,차대차 - 추돌,안전운전불이행,건조,맑음,교차로 - 교차로안,승용,남,32세,상해없음,승용,여,56세,경상
2018022600100379,2018년 2월 26일 16시,월요일,충청남도 천안시 서북구 쌍용동,부상신고사고,0,0,0,1,차대차 - 추돌,안전운전불이행,건조,맑음,단일로 - 기타,승용,남,86세,상해없음,승용,여,69세,부상신고
2018022600100380,2018년 2월 26일 16시,월요일,충청남도 논산시 취암동,경상사고,0,0,2,0,차대차 - 측면충돌,안전운전불이행,건조,맑음,교차로 - 교차로안,승용,남,54세,상해없음,승용,여,37세,경상
2018022600100382,2018년 2월 26일 16시,월요일,충청남도 천안시 동남구 신부동,경상사고,0,0,1,0,차대차 - 측면충돌,안전운전불이행,건조,맑음,단일로 - 기타,건설기계,남,50세,상해없음,승용,남,54세,경상
2018022600100417,2018년 2월 26일 17시,월요일,충청남도 예산군 삽교읍,경상사고,0,0,2,0,차대차 - 측면충돌,신호위반,건조,맑음,교차로 - 교차로안,승용,여,41세,경상,승용,남,42세,경상
2018022600100452,2018년 2월 26일 18시,월요일,충청남도 서산시 읍내동,중상사고,0,1,0,0,차대사람 - 기타,안전운전불이행,건조,맑음,교차로 - 교차로부근,화물,여,59세,상해없음,보행자,여,77세,중상
2018022600100453,2018년 2월 26일 18시,월요일,충청남도 아산시 배방읍,경상사고,0,0,2,0,차대차 - 측면충돌,안전운전불이행,건조,맑음,교차로 - 교차로안,화물,남,58세,상해없음,승용,여,50세,경상
2018022600100483,2018년 2월 26일 19시,월요일,충청남도 서산시 예천동,경상사고,0,0,3,0,차대차 - 추돌,안전운전불이행,건조,맑음,교차로 - 교차로부근,화물,남,62세,상해없음,승용,여,41세,경상
2018022600100484,2018년 2월 26일 19시,월요일,충청남도 천안시 서북구 쌍용동,경상사고,0,0,1,0,차대차 - 기타,안전거리미확보,건조,맑음,단일로 - 기타,승용,여,24세,상해없음,승용,남,42세,경상
2018022600100485,2018년 2월 26일 19시,월요일,충청남도 부여군 세도면,경상사고,0,0,1,0,차량단독 - 도로외이탈 - 추락,안전운전불이행,건조,맑음,단일로 - 기타,화물,남,58세,경상,,,,
2018022600100486,2018년 2월 26일 19시,월요일,충청남도 부여군 부여읍,경상사고,0,0,4,0,차대차 - 측면충돌,안전운전불이행,건조,맑음,단일로 - 교량,승용,남,45세,경상,승용,남,29세,경상
2018022700100007,2018년 2월 27일 00시,화요일,충청남도 천안시 동남구 목천읍,중상사고,0,1,1,0,차대차 - 추돌,안전운전불이행,건조,맑음,단일로 - 기타,승합,여,38세,상해없음,승합,남,52세,중상
2018022700100027,2018년 2월 27일 01시,화요일,충청남도 논산시 내동,중상사고,0,2,0,0,차대차 - 측면충돌,신호위반,건조,맑음,교차로 - 교차로안,화물,남,38세,상해없음,승용,남,58세,중상
2018022700100028,2018년 2월 27일 01시,화요일,충청남도 천안시 동남구 구성동,경상사고,0,0,2,0,차대차 - 추돌,안전운전불이행,건조,맑음,단일로 - 기타,승용,남,25세,상해없음,승용,남,57세,경상
2018022700100061,2018년 2월 27일 06시,화요일,충청남도 천안시 서북구 성정동,경상사고,0,0,1,0,차대차 - 추돌,안전운전불이행,건조,맑음,단일로 - 기타,승합,여,39세,상해없음,승용,남,19세,경상
2018022700100072,2018년 2월 27일 07시,화요일,충청남도 아산시 남동,경상사고,0,0,2,0,차대차 - 추돌,안전운전불이행,건조,맑음,단일로 - 기타,승용,남,39세,상해없음,승용,남,35세,경상
2018022700100145,2018년 2월 27일 10시,화요일,충청남도 서산시 성연면,중상사고,0,1,0,0,차대차 - 측면충돌,신호위반,건조,맑음,교차로 - 교차로안,승용,남,75세,상해없음,화물,남,38세,중상
2018022700100147,2018년 2월 27일 10시,화요일,충청남도 예산군 대흥면,경상사고,0,0,1,0,차대사람 - 기타,불법유턴,건조,맑음,주차장 - 주차장,승용,여,61세,상해없음,보행자,여,85세,경상
2018022700100171,2018년 2월 27일 11시,화요일,충청남도 공주시 우성면,중상사고,0,1,0,0,차대차 - 측면충돌,안전운전불이행,건조,맑음,교차로 - 교차로안,건설기계,남,44세,상해없음,승용,남,38세,중상
2018022700100172,2018년 2월 27일 11시,화요일,충청남도 공주시 우성면,중상사고,0,1,0,0,차대차 - 측면충돌,안전운전불이행,건조,맑음,단일로 - 기타,승용,남,51세,기타불명,화물,남,60세,상해없음
2018022700100173,2018년 2월 27일 11시,화요일,충청남도 천안시 동남구 사직동,경상사고,0,0,2,0,차대차 - 측면충돌,중앙선침범,건조,맑음,단일로 - 기타,승용,남,62세,상해없음,승합,남,57세,상해없음
2018022700100217,2018년 2월 27일 13시,화요일,충청남도 서산시 해미면,중상사고,0,1,0,0,차대차 - 측면충돌,직진우회전진행방해,건조,맑음,교차로 - 교차로안,승용,남,65세,상해없음,승용,남,69세,중상
2018022700100218,2018년 2월 27일 13시,화요일,충청남도 천안시 서북구 성거읍,경상사고,0,0,4,0,차대차 - 추돌,안전거리미확보,건조,맑음,단일로 - 기타,화물,남,42세,상해없음,승용,남,37세,경상
2018022700100220,2018년 2월 27일 13시,화요일,충청남도 예산군 삽교읍,중상사고,0,1,2,0,차대차 - 정면충돌,직진우회전진행방해,건조,맑음,교차로 - 교차로안,특수,남,44세,상해없음,승합,남,51세,경상
2018022700100276,2018년 2월 27일 15시,화요일,충청남도 계룡시 금암동,경상사고,0,0,2,0,차대차 - 측면충돌,안전거리미확보,건조,맑음,단일로 - 기타,승용,여,43세,경상,특수,남,61세,상해없음
2018022700100277,2018년 2월 27일 15시,화요일,충청남도 아산시 실옥동,중상사고,0,1,3,0,차대차 - 기타,안전운전불이행,건조,맑음,주차장 - 주차장,승용,남,22세,상해없음,승용,여,37세,경상
2018022700100314,2018년 2월 27일 16시,화요일,충청남도 서산시 동문동,부상신고사고,0,0,0,1,차대차 - 측면충돌,안전운전불이행,건조,맑음,교차로 - 교차로부근,이륜,남,89세,부상신고,승용,여,51세,상해없음
2018022700100316,2018년 2월 27일 16시,화요일,충청남도 부여군 구룡면,경상사고,0,0,2,0,차대차 - 측면충돌,신호위반,건조,맑음,교차로 - 교차로안,승용,여,68세,상해없음,승용,여,31세,경상
2018022700100338,2018년 2월 27일 17시,화요일,충청남도 천안시 서북구 두정동,경상사고,0,0,2,0,차대차 - 측면충돌,안전운전불이행,건조,맑음,단일로 - 기타,승용,남,50세,상해없음,화물,여,41세,경상
2018022700100410,2018년 2월 27일 19시,화요일,충청남도 보령시 명천동,중상사고,0,1,0,0,차대차 - 측면충돌,안전운전불이행,건조,흐림,교차로 - 교차로부근,승용,남,35세,상해없음,이륜,남,82세,중상
2018022700100457,2018년 2월 27일 20시,화요일,충청남도 아산시 용화동,경상사고,0,0,1,0,차대차 - 추돌,안전운전불이행,건조,맑음,주차장 - 주차장,화물,남,66세,상해없음,승용,기타불명,미분류,기타불명
2018022700100458,2018년 2월 27일 20시,화요일,충청남도 아산시 배방읍,경상사고,0,0,1,0,차대사람 - 기타,안전운전불이행,건조,맑음,단일로 - 기타,승용,남,65세,상해없음,보행자,남,30세,경상
2018022700100459,2018년 2월 27일 20시,화요일,충청남도 공주시 의당면,부상신고사고,0,0,0,1,차대차 - 기타,안전운전불이행,건조,맑음,단일로 - 기타,기타불명,기타불명,미분류,기타불명,승용,남,25세,부상신고
2018022700100494,2018년 2월 27일 21시,화요일,충청남도 서산시 동문동,중상사고,0,1,0,0,차대사람 - 차도통행중,안전운전불이행,건조,맑음,단일로 - 기타,승용,남,53세,상해없음,보행자,여,54세,중상
2018022700100495,2018년 2월 27일 21시,화요일,충청남도 태안군 태안읍,중상사고,0,1,0,0,차대차 - 추돌,안전운전불이행,건조,맑음,교차로 - 교차로부근,화물,남,52세,상해없음,승용,여,59세,중상
2018022700100555,2018년 2월 27일 23시,화요일,충청남도 서산시 동문동,경상사고,0,0,1,0,차대차 - 측면충돌,안전운전불이행,건조,맑음,교차로 - 교차로안,이륜,남,17세,경상,승합,남,56세,상해없음
2018022700100556,2018년 2월 27일 23시,화요일,충청남도 천안시 서북구 성정동,경상사고,0,0,2,0,차대차 - 추돌,안전운전불이행,건조,맑음,단일로 - 기타,승용,남,48세,상해없음,승용,여,44세,경상
2018022800100043,2018년 2월 28일 05시,수요일,충청남도 서천군 서천읍,부상신고사고,0,0,0,1,차량단독 - 공작물충돌,안전운전불이행,건조,맑음,단일로 - 기타,승용,남,72세,부상신고,,,,
2018022800100044,2018년 2월 28일 05시,수요일,충청남도 논산시 연무읍,중상사고,0,1,0,0,차대차 - 추돌,안전운전불이행,건조,흐림,기타 - 기타,승용,남,52세,상해없음,승용,여,63세,중상
2018022800100057,2018년 2월 28일 06시,수요일,충청남도 아산시 온천동,경상사고,0,0,1,0,차대사람 - 기타,안전운전불이행,건조,맑음,단일로 - 기타,승용,남,36세,상해없음,보행자,남,39세,경상
2018022800100134,2018년 2월 28일 10시,수요일,충청남도 당진시 읍내리,경상사고,0,0,1,0,차대사람 - 횡단중,안전운전불이행,젖음/습기,비,단일로 - 기타,승용,여,60세,상해없음,보행자,여,71세,경상
2018022800100162,2018년 2월 28일 11시,수요일,충청남도 홍성군 은하면,경상사고,0,0,2,0,차대차 - 측면충돌,안전운전불이행,젖음/습기,흐림,기타 - 기타,화물,남,45세,경상,승용,남,45세,경상
2018022800100163,2018년 2월 28일 11시,수요일,충청남도 공주시 봉정동,경상사고,0,0,2,0,차대차 - 추돌,안전운전불이행,건조,흐림,단일로 - 기타,화물,남,32세,상해없음,승용,여,44세,경상
2018022800100193,2018년 2월 28일 12시,수요일,충청남도 태안군 안면읍,경상사고,0,0,2,0,차대차 - 측면충돌,중앙선침범,젖음/습기,흐림,교차로 - 교차로부근,승용,여,51세,상해없음,승용,남,45세,경상
2018022800100224,2018년 2월 28일 13시,수요일,충청남도 천안시 서북구 성정동,경상사고,0,0,1,0,차대사람 - 기타,안전운전불이행,건조,맑음,단일로 - 기타,화물,남,59세,상해없음,보행자,남,84세,경상
2018022800100226,2018년 2월 28일 13시,수요일,충청남도 당진시 송악읍,경상사고,0,0,1,0,차대차 - 추돌,안전운전불이행,젖음/습기,비,단일로 - 기타,화물,남,59세,상해없음,화물,남,32세,상해없음
2018022800100227,2018년 2월 28일 13시,수요일,충청남도 당진시 송산면,경상사고,0,0,1,0,차대차 - 추돌,안전운전불이행,젖음/습기,비,단일로 - 기타,화물,여,50세,상해없음,화물,남,65세,경상
2018022800100266,2018년 2월 28일 14시,수요일,충청남도 천안시 동남구 신부동,경상사고,0,0,1,0,차대차 - 측면충돌,안전운전불이행,젖음/습기,비,단일로 - 기타,승용,여,52세,상해없음,승용,남,45세,경상
2018022800100304,2018년 2월 28일 15시,수요일,충청남도 아산시 배방읍,중상사고,0,1,0,0,차대사람 - 횡단중,안전운전불이행,젖음/습기,비,단일로 - 기타,승용,남,46세,상해없음,보행자,여,42세,중상
2018022800100305,2018년 2월 28일 15시,수요일,충청남도 공주시 계룡면,중상사고,0,1,0,0,차대차 - 측면충돌,안전운전불이행,젖음/습기,비,교차로 - 교차로안,화물,남,29세,상해없음,승용,여,63세,중상
2018022800100306,2018년 2월 28일 15시,수요일,충청남도 천안시 동남구 대흥동,중상사고,0,1,0,0,차대사람 - 횡단중,보행자보호의무위반,젖음/습기,비,교차로 - 교차로횡단보도내,승용,남,35세,상해없음,보행자,여,74세,중상
2018022800100343,2018년 2월 28일 16시,수요일,충청남도 홍성군 광천읍,경상사고,0,0,1,0,차대차 - 측면충돌,안전운전불이행,젖음/습기,비,교차로 - 교차로안,승용,여,61세,상해없음,승용,남,56세,경상
2018022800100449,2018년 2월 28일 18시,수요일,충청남도 당진시 읍내리,경상사고,0,0,1,0,차대차 - 추돌,안전운전불이행,젖음/습기,비,단일로 - 기타,승합,남,36세,상해없음,승용,남,63세,경상
2018022800100450,2018년 2월 28일 18시,수요일,충청남도 당진시 읍내리,중상사고,0,1,0,0,차대차 - 추돌,안전운전불이행,젖음/습기,맑음,단일로 - 기타,승용,남,36세,상해없음,승합,남,36세,중상
2018022800100451,2018년 2월 28일 18시,수요일,충청남도 천안시 동남구 봉명동,경상사고,0,0,1,0,차대사람 - 횡단중,보행자보호의무위반,젖음/습기,비,교차로 - 교차로횡단보도내,승용,남,49세,상해없음,보행자,남,43세,경상
2018022800100578,2018년 2월 28일 20시,수요일,충청남도 서산시 대산읍,경상사고,0,0,2,0,차대차 - 추돌,안전운전불이행,젖음/습기,비,단일로 - 기타,화물,남,63세,상해없음,승용,남,32세,경상