사고번호,사고일시,요일,시군구,사고내용,사망자수,중상자수,경상자수,부상신고자수,사고유형,법규위반,노면상태,기상상태,도로형태,가해운전자 차종,가해운전자 성별,가해운전자 연령,가해운전자 상해정도,피해운전자 차종,피해운전자 성별,피해운전자 연령,피해운전자 상해정도
2018022800100579,2018년 2월 28일 20시,수요일,충청남도 논산시 내동,중상사고,0,1,1,0,차대차 - 측면충돌,안전운전불이행,젖음/습기,비,교차로 - 교차로횡단보도내,승용,여,25세,상해없음,승용,남,68세,중상
2018022800100703,2018년 2월 28일 22시,수요일,충청남도 천안시 동남구 신방동,경상사고,0,0,1,0,차대사람 - 횡단중,신호위반,젖음/습기,비,교차로 - 교차로횡단보도내,승용,남,30세,상해없음,보행자,남,22세,경상
2018030100100023,2018년 3월 1일 00시,목요일,충청남도 천안시 서북구 성정동,경상사고,0,0,2,0,차대차 - 기타,안전운전불이행,젖음/습기,흐림,단일로 - 기타,승용,남,29세,경상,승용,남,36세,상해없음
2018030100100024,2018년 3월 1일 00시,목요일,충청남도 당진시 송악읍,중상사고,0,2,0,0,차대차 - 추돌,안전운전불이행,젖음/습기,흐림,기타 - 기타,승용,남,39세,상해없음,승합,여,57세,중상
2018030100100080,2018년 3월 1일 03시,목요일,충청남도 천안시 서북구 성성동,경상사고,0,0,1,0,차량단독 - 공작물충돌,안전운전불이행,젖음/습기,비,단일로 - 기타,승용,남,22세,경상,,,,
2018030100100154,2018년 3월 1일 09시,목요일,충청남도 공주시 신관동,경상사고,0,0,2,0,차대차 - 측면충돌,신호위반,건조,맑음,교차로 - 교차로안,승용,남,49세,상해없음,화물,남,53세,경상
2018030100100166,2018년 3월 1일 10시,목요일,충청남도 아산시 권곡동,중상사고,0,1,0,0,차대차 - 측면충돌,안전운전불이행,건조,맑음,교차로 - 교차로부근,승용,여,42세,상해없음,승용,남,28세,중상
2018030100100185,2018년 3월 1일 11시,목요일,충청남도 예산군 예산읍,중상사고,0,1,0,0,차대차 - 측면충돌,안전운전불이행,건조,맑음,교차로 - 교차로안,승용,남,81세,상해없음,승용,남,68세,중상
2018030100100212,2018년 3월 1일 12시,목요일,충청남도 논산시 취암동,중상사고,0,1,0,0,차대사람 - 횡단중,안전운전불이행,건조,맑음,교차로 - 교차로부근,승용,남,54세,상해없음,보행자,남,68세,중상
2018030100100237,2018년 3월 1일 13시,목요일,충청남도 천안시 동남구 원성동,경상사고,0,0,1,0,차대차 - 추돌,안전운전불이행,건조,맑음,교차로 - 교차로안,승용,여,56세,상해없음,승용,남,64세,경상
2018030100100238,2018년 3월 1일 13시,목요일,충청남도 천안시 동남구 목천읍,경상사고,0,0,1,0,차대차 - 정면충돌,중앙선침범,건조,맑음,교차로 - 교차로안,승용,남,23세,기타불명,승용,남,36세,경상
2018030100100268,2018년 3월 1일 14시,목요일,충청남도 서천군 서면,중상사고,0,1,1,0,차대차 - 측면충돌,안전운전불이행,건조,맑음,교차로 - 교차로부근,승용,남,45세,경상,승용,남,28세,중상
2018030100100269,2018년 3월 1일 14시,목요일,충청남도 예산군 광시면,경상사고,0,0,1,0,차대사람 - 기타,안전운전불이행,건조,맑음,기타 - 기타,승용,남,68세,상해없음,보행자,여,16세,경상
2018030100100294,2018년 3월 1일 15시,목요일,충청남도 천안시 서북구 불당동,경상사고,0,0,1,0,차대차 - 측면충돌,신호위반,건조,흐림,교차로 - 교차로안,승용,남,56세,상해없음,승용,여,58세,경상
2018030100100295,2018년 3월 1일 15시,목요일,충청남도 천안시 서북구 백석동,중상사고,0,1,0,0,차대사람 - 횡단중,안전운전불이행,젖음/습기,비,단일로 - 기타,승용,여,59세,상해없음,보행자,남,73세,중상
2018030100100327,2018년 3월 1일 16시,목요일,충청남도 서산시 석림동,경상사고,0,0,1,0,차대차 - 기타,안전운전불이행,건조,맑음,교차로 - 교차로안,기타불명,기타불명,미분류,기타불명,자전거,여,10세,경상
2018030100100328,2018년 3월 1일 16시,목요일,충청남도 당진시 읍내리,경상사고,0,0,1,0,차대차 - 측면충돌,교차로운행방법위반,건조,맑음,교차로 - 교차로안,이륜,남,34세,경상,승용,남,39세,상해없음
2018030100100358,2018년 3월 1일 17시,목요일,충청남도 당진시 합덕읍,경상사고,0,0,1,0,차대차 - 측면충돌,교차로운행방법위반,건조,맑음,교차로 - 교차로안,승합,남,66세,상해없음,승용,남,67세,경상
2018030100100359,2018년 3월 1일 17시,목요일,충청남도 천안시 동남구 사직동,중상사고,0,1,0,0,차대사람 - 차도통행중,안전운전불이행,건조,맑음,단일로 - 기타,이륜,남,77세,상해없음,보행자,남,62세,중상
2018030100100384,2018년 3월 1일 18시,목요일,충청남도 공주시 계룡면,경상사고,0,0,1,0,차량단독 - 도로외이탈 - 추락,안전운전불이행,건조,맑음,단일로 - 기타,사륜오토바이(ATV),남,53세,경상,,,,
2018030100100386,2018년 3월 1일 18시,목요일,충청남도 당진시 송악읍,중상사고,0,1,1,0,차대차 - 추돌,안전운전불이행,건조,맑음,단일로 - 기타,승용,남,70세,상해없음,승용,남,34세,중상
2018030100100417,2018년 3월 1일 19시,목요일,충청남도 계룡시 금암동,중상사고,0,1,0,0,차대사람 - 횡단중,신호위반,건조,맑음,교차로 - 교차로횡단보도내,승용,남,79세,상해없음,보행자,여,21세,중상
2018030100100438,2018년 3월 1일 20시,목요일,충청남도 천안시 서북구 성성동,경상사고,0,0,1,0,차대차 - 측면충돌,안전운전불이행,건조,맑음,단일로 - 기타,승용,남,49세,상해없음,승용,남,38세,경상
2018030100100459,2018년 3월 1일 21시,목요일,충청남도 천안시 서북구 성환읍,사망사고,1,0,1,0,차대사람 - 차도통행중,안전운전불이행,건조,맑음,교차로 - 교차로안,승합,여,51세,상해없음,보행자,남,66세,경상
2018030100100460,2018년 3월 1일 21시,목요일,충청남도 예산군 예산읍,경상사고,0,0,1,0,차대사람 - 횡단중,안전운전불이행,건조,맑음,교차로 - 교차로부근,이륜,남,16세,상해없음,보행자,남,44세,경상
2018030100100461,2018년 3월 1일 21시,목요일,충청남도 부여군 부여읍,중상사고,0,1,0,0,차대사람 - 기타,안전운전불이행,건조,맑음,교차로 - 교차로안,기타불명,기타불명,미분류,기타불명,보행자,남,71세,중상
2018030100100462,2018년 3월 1일 21시,목요일,충청남도 천안시 동남구 신방동,경상사고,0,0,1,0,차대차 - 기타,안전운전불이행,건조,맑음,교차로 - 교차로안,승합,여,53세,상해없음,원동기,남,23세,경상
2018030200100027,2018년 3월 2일 04시,금요일,충청남도 천안시 동남구 목천읍,경상사고,0,0,1,0,차량단독 - 공작물충돌,안전운전불이행,건조,맑음,단일로 - 기타,승용,남,21세,경상,,,,
2018030200100093,2018년 3월 2일 08시,금요일,충청남도 보령시 대천동,경상사고,0,0,3,0,차대차 - 추돌,안전운전불이행,건조,맑음,단일로 - 기타,승용,여,38세,상해없음,승용,여,44세,경상
2018030200100094,2018년 3월 2일 08시,금요일,충청남도 공주시 옥룡동,경상사고,0,0,1,0,차대차 - 추돌,안전운전불이행,건조,맑음,교차로 - 교차로안,승용,남,43세,상해없음,승용,여,51세,경상
2018030200100124,2018년 3월 2일 09시,금요일,충청남도 공주시 쌍신동,경상사고,0,0,1,0,차대사람 - 기타,안전운전불이행,건조,맑음,단일로 - 기타,건설기계,남,40세,상해없음,보행자,남,48세,경상
2018030200100156,2018년 3월 2일 10시,금요일,충청남도 예산군 예산읍,경상사고,0,0,1,0,차대차 - 측면충돌,안전운전불이행,건조,맑음,단일로 - 기타,자전거,남,82세,경상,승합,남,34세,상해없음
2018030200100213,2018년 3월 2일 12시,금요일,충청남도 논산시 강경읍,중상사고,0,1,0,0,차대차 - 측면충돌,불법유턴,건조,맑음,단일로 - 기타,승용,남,56세,상해없음,승용,여,69세,중상
2018030200100214,2018년 3월 2일 12시,금요일,충청남도 예산군 삽교읍,경상사고,0,0,1,0,차대차 - 측면충돌,중앙선침범,건조,맑음,기타 - 기타,승용,남,26세,상해없음,승용,남,63세,상해없음
2018030200100215,2018년 3월 2일 12시,금요일,충청남도 당진시 송악읍,경상사고,0,0,3,0,차대차 - 측면충돌,안전거리미확보,건조,맑음,교차로 - 교차로부근,승용,여,62세,상해없음,승합,남,58세,상해없음
2018030200100278,2018년 3월 2일 14시,금요일,충청남도 논산시 연무읍,사망사고,1,0,0,0,차량단독 - 전도전복 - 전복,안전운전불이행,건조,맑음,단일로 - 기타,화물,남,65세,사망,미분류,미분류,미분류,미분류
2018030200100320,2018년 3월 2일 15시,금요일,충청남도 서산시 부석면,경상사고,0,0,3,0,차대차 - 기타,차로위반,건조,맑음,단일로 - 기타,승용,남,69세,상해없음,승용,남,36세,경상
2018030200100321,2018년 3월 2일 15시,금요일,충청남도 아산시 모종동,부상신고사고,0,0,0,1,차대사람 - 기타,안전운전불이행,건조,맑음,단일로 - 기타,승용,여,37세,상해없음,보행자,남,미분류,부상신고
2018030200100365,2018년 3월 2일 16시,금요일,충청남도 서천군 서천읍,경상사고,0,0,1,0,차대차 - 측면충돌,안전운전불이행,건조,맑음,단일로 - 기타,승용,남,68세,상해없음,이륜,남,80세,경상
2018030200100366,2018년 3월 2일 16시,금요일,충청남도 서천군 서천읍,중상사고,0,1,1,0,차대차 - 측면충돌,직진우회전진행방해,건조,맑음,교차로 - 교차로안,승용,남,76세,중상,승용,여,57세,경상
2018030200100367,2018년 3월 2일 16시,금요일,충청남도 공주시 교동,경상사고,0,0,1,0,차대사람 - 차도통행중,안전운전불이행,건조,맑음,단일로 - 기타,승용,여,58세,상해없음,보행자,여,66세,경상
2018030200100368,2018년 3월 2일 16시,금요일,충청남도 당진시 읍내리,경상사고,0,0,1,0,차대차 - 후진중충돌,안전운전불이행,건조,맑음,교차로 - 교차로횡단보도내,승용,남,71세,상해없음,승용,여,29세,경상
2018030200100415,2018년 3월 2일 17시,금요일,충청남도 천안시 동남구 다가동,경상사고,0,0,2,0,차대차 - 측면충돌,신호위반,건조,맑음,교차로 - 교차로안,승용,남,65세,상해없음,승용,여,53세,경상
2018030200100459,2018년 3월 2일 18시,금요일,충청남도 서산시 수석동,경상사고,0,0,2,0,차대차 - 측면충돌,교차로운행방법위반,건조,맑음,교차로 - 교차로안,승용,여,73세,경상,승용,여,46세,경상
2018030200100460,2018년 3월 2일 18시,금요일,충청남도 천안시 서북구 두정동,경상사고,0,0,1,0,차대차 - 후진중충돌,안전운전불이행,건조,맑음,교차로 - 교차로부근,승용,여,62세,상해없음,승용,남,43세,경상
2018030200100497,2018년 3월 2일 19시,금요일,충청남도 홍성군 홍북읍,경상사고,0,0,2,0,차대차 - 추돌,안전운전불이행,건조,맑음,교차로 - 교차로부근,화물,남,38세,상해없음,승용,남,32세,경상
2018030200100557,2018년 3월 2일 21시,금요일,충청남도 논산시 취암동,경상사고,0,0,1,0,차대차 - 측면충돌,안전운전불이행,건조,맑음,교차로 - 교차로안,이륜,남,18세,경상,승용,남,56세,상해없음
2018030200100583,2018년 3월 2일 22시,금요일,충청남도 공주시 금흥동,부상신고사고,0,0,0,1,차량단독 - 공작물충돌,안전운전불이행,건조,맑음,단일로 - 기타,승용,남,47세,부상신고,,,,
2018030200100606,2018년 3월 2일 23시,금요일,충청남도 천안시 서북구 성정동,경상사고,0,0,1,0,차대사람 - 기타,안전운전불이행,건조,맑음,단일로 - 기타,승용,남,25세,상해없음,보행자,남,26세,경상
2018030200100607,2018년 3월 2일 23시,금요일,충청남도 천안시 서북구 두정동,중상사고,0,1,0,0,차대차 - 측면충돌,직진우회전진행방해,건조,맑음,교차로 - 교차로안,승용,남,22세,상해없음,승용,남,28세,중상
2018030200100608,2018년 3월 2일 23시,금요일,충청남도 예산군 예산읍,경상사고,0,0,1,0,차대차 - 추돌,안전운전불이행,건조,맑음,교차로 - 교차로부근,화물,남,58세,상해없음,승용,남,46세,경상
2018030300100035,2018년 3월 3일 02시,토요일,충청남도 천안시 동남구 봉명동,경상사고,0,0,1,0,차대차 - 측면충돌,안전운전불이행,건조,맑음,단일로 - 기타,승용,남,25세,상해없음,승용,여,49세,경상
2018030300100095,2018년 3월 3일 08시,토요일,충청남도 서천군 마서면,경상사고,0,0,2,0,차대차 - 측면충돌,교차로운행방법위반,건조,맑음,교차로 - 교차로부근,특수,남,56세,상해없음,승용,남,51세,경상
2018030300100116,2018년 3월 3일 09시,토요일,충청남도 천안시 서북구 성정동,중상사고,0,1,1,0,차대차 - 기타,안전운전불이행,건조,맑음,단일로 - 기타,승용,남,44세,경상,화물,남,55세,중상
2018030300100117,2018년 3월 3일 09시,토요일,충청남도 천안시 서북구 성정동,경상사고,0,0,1,1,차대차 - 기타,직진우회전진행방해,건조,맑음,교차로 - 교차로안,승용,남,37세,상해없음,승용,남,52세,부상신고
2018030300100158,2018년 3월 3일 11시,토요일,충청남도 공주시 신관동,경상사고,0,0,1,0,차대차 - 추돌,안전운전불이행,건조,맑음,단일로 - 기타,승용,여,31세,상해없음,이륜,남,59세,경상
2018030300100214,2018년 3월 3일 13시,토요일,충청남도 천안시 서북구 성정동,중상사고,0,1,0,0,차대사람 - 횡단중,보행자보호의무위반,건조,맑음,교차로 - 교차로안,승용,남,58세,상해없음,보행자,여,22세,중상
2018030300100215,2018년 3월 3일 13시,토요일,충청남도 아산시 실옥동,경상사고,0,0,2,0,차대차 - 추돌,안전운전불이행,건조,맑음,단일로 - 기타,승용,여,48세,상해없음,승용,남,65세,경상
2018030300100216,2018년 3월 3일 13시,토요일,충청남도 공주시 신관동,중상사고,0,1,0,0,차대차 - 측면충돌,신호위반,건조,맑음,교차로 - 교차로안,화물,남,69세,상해없음,이륜,남,62세,중상
2018030300100217,2018년 3월 3일 13시,토요일,충청남도 천안시 동남구 신부동,경상사고,0,0,1,0,차대차 - 후진중충돌,안전운전불이행,건조,맑음,단일로 - 기타,승용,남,26세,경상,승용,남,58세,상해없음
2018030300100242,2018년 3월 3일 14시,토요일,충청남도 보령시 대천동,경상사고,0,0,4,0,차대차 - 추돌,안전운전불이행,건조,맑음,단일로 - 기타,승용,남,48세,상해없음,승용,남,53세,경상
2018030300100270,2018년 3월 3일 15시,토요일,충청남도 천안시 동남구 목천읍,경상사고,0,0,1,0,차대차 - 측면충돌,안전운전불이행,건조,맑음,교차로 - 교차로안,승용,남,67세,상해없음,승용,남,25세,경상
2018030300100326,2018년 3월 3일 17시,토요일,충청남도 공주시 정안면,중상사고,0,1,0,0,차대차 - 정면충돌,중앙선침범,건조,맑음,단일로 - 기타,화물,남,69세,상해없음,승용,남,73세,중상
2018030300100327,2018년 3월 3일 17시,토요일,충청남도 공주시 정안면,중상사고,0,1,12,0,차대차 - 기타,안전운전불이행,건조,맑음,단일로 - 기타,승용,남,36세,경상,승용,남,46세,경상
2018030300100362,2018년 3월 3일 18시,토요일,충청남도 논산시 취암동,중상사고,0,1,0,0,차대차 - 추돌,안전운전불이행,건조,맑음,단일로 - 기타,승용,남,23세,상해없음,승용,여,52세,중상
2018030300100363,2018년 3월 3일 18시,토요일,충청남도 아산시 용화동,경상사고,0,0,5,0,차대차 - 추돌,안전운전불이행,건조,기타,교차로 - 교차로부근,화물,남,59세,상해없음,승용,남,31세,경상
2018030300100364,2018년 3월 3일 18시,토요일,충청남도 공주시 유구읍,경상사고,0,0,3,0,차대차 - 측면충돌,신호위반,건조,맑음,교차로 - 교차로안,화물,남,34세,상해없음,승용,남,64세,경상
2018030300100427,2018년 3월 3일 20시,토요일,충청남도 홍성군 홍북읍,경상사고,0,0,1,0,차대사람 - 기타,안전운전불이행,건조,맑음,단일로 - 기타,승용,남,57세,상해없음,보행자,여,17세,경상
2018030300100454,2018년 3월 3일 21시,토요일,충청남도 서산시 예천동,중상사고,0,2,1,0,차대차 - 측면충돌,중앙선침범,건조,맑음,단일로 - 기타,승용,여,58세,상해없음,승용,여,47세,중상
2018030300100456,2018년 3월 3일 21시,토요일,충청남도 천안시 동남구 다가동,부상신고사고,0,0,0,1,차대차 - 기타,안전운전불이행,건조,맑음,교차로 - 교차로부근,이륜,남,42세,부상신고,화물,남,57세,상해없음
2018030300100472,2018년 3월 3일 22시,토요일,충청남도 보령시 신흑동,중상사고,0,1,0,0,차대사람 - 기타,안전운전불이행,건조,맑음,단일로 - 기타,승용,남,19세,상해없음,보행자,남,49세,중상
2018030300100493,2018년 3월 3일 23시,토요일,충청남도 서천군 서천읍,중상사고,0,1,0,0,차대차 - 측면충돌,신호위반,건조,맑음,교차로 - 교차로안,화물,남,60세,상해없음,승용,남,29세,중상
2018030400100014,2018년 3월 4일 00시,일요일,충청남도 당진시 수청리,경상사고,0,0,2,0,차대차 - 측면충돌,신호위반,건조,맑음,교차로 - 교차로안,승용,여,26세,경상,승용,남,22세,경상
2018030400100041,2018년 3월 4일 02시,일요일,충청남도 천안시 서북구 두정동,경상사고,0,0,1,0,차대사람 - 차도통행중,안전운전불이행,건조,맑음,교차로 - 교차로부근,승용,남,22세,상해없음,보행자,여,20세,경상
2018030400100080,2018년 3월 4일 06시,일요일,충청남도 청양군 화성면,사망사고,1,0,0,0,차대사람 - 횡단중,안전운전불이행,건조,흐림,교차로 - 교차로부근,승용,남,71세,상해없음,보행자,남,80세,사망
2018030400100091,2018년 3월 4일 07시,일요일,충청남도 천안시 서북구 백석동,중상사고,0,1,0,0,차대차 - 추돌,안전운전불이행,건조,맑음,교차로 - 교차로부근,승용,남,25세,상해없음,승용,남,46세,중상
2018030400100148,2018년 3월 4일 11시,일요일,충청남도 홍성군 홍성읍,중상사고,0,1,0,0,차대차 - 정면충돌,신호위반,건조,맑음,교차로 - 교차로안,이륜,남,24세,상해없음,승용,남,50세,중상
2018030400100202,2018년 3월 4일 14시,일요일,충청남도 아산시 모종동,경상사고,0,0,1,0,차대차 - 측면충돌,안전운전불이행,건조,맑음,단일로 - 기타,승용,여,47세,상해없음,승용,여,46세,경상
2018030400100226,2018년 3월 4일 15시,일요일,충청남도 태안군 태안읍,경상사고,0,0,1,0,차대차 - 측면충돌,교차로운행방법위반,건조,맑음,교차로 - 교차로안,승용,남,69세,상해없음,승용,여,36세,경상
2018030400100265,2018년 3월 4일 17시,일요일,충청남도 태안군 태안읍,경상사고,0,0,1,0,차대차 - 측면충돌,신호위반,건조,맑음,교차로 - 교차로안,승용,남,60세,상해없음,승용,남,40세,경상
2018030400100309,2018년 3월 4일 19시,일요일,충청남도 보령시 동대동,경상사고,0,0,1,0,차대사람 - 횡단중,보행자보호의무위반,젖음/습기,비,교차로 - 교차로부근,승용,남,51세,상해없음,보행자,여,56세,경상
2018030400100376,2018년 3월 4일 21시,일요일,충청남도 보령시 동대동,경상사고,0,0,1,0,차대사람 - 횡단중,신호위반,젖음/습기,비,교차로 - 교차로안,이륜,남,60세,상해없음,보행자,여,27세,경상
2018030400100418,2018년 3월 4일 22시,일요일,충청남도 천안시 서북구 쌍용동,경상사고,0,0,2,0,차대차 - 측면충돌,안전거리미확보,젖음/습기,비,단일로 - 기타,승용,남,38세,상해없음,승용,남,23세,경상
2018030500100033,2018년 3월 5일 03시,월요일,충청남도 서산시 해미면,사망사고,1,0,0,0,차대차 - 추돌,기타,젖음/습기,비,단일로 - 기타,화물,남,55세,상해없음,승용,남,34세,사망
2018030500100076,2018년 3월 5일 06시,월요일,충청남도 천안시 서북구 성정동,경상사고,0,0,2,0,차대차 - 측면충돌,신호위반,젖음/습기,비,교차로 - 교차로안,승용,남,67세,상해없음,승용,남,53세,경상
2018030500100124,2018년 3월 5일 08시,월요일,충청남도 천안시 서북구 쌍용동,경상사고,0,0,1,0,차대차 - 추돌,안전운전불이행,젖음/습기,비,교차로 - 교차로안,화물,남,56세,상해없음,승용,여,33세,경상
2018030500100125,2018년 3월 5일 08시,월요일,충청남도 서천군 서천읍,경상사고,0,0,1,0,차대차 - 추돌,안전운전불이행,젖음/습기,흐림,교차로 - 교차로부근,승용,여,47세,상해없음,승용,남,56세,경상
2018030500100156,2018년 3월 5일 09시,월요일,충청남도 논산시 연무읍,중상사고,0,1,0,0,차대차 - 측면충돌,안전운전불이행,젖음/습기,비,단일로 - 기타,승용,여,55세,상해없음,이륜,남,84세,중상
2018030500100177,2018년 3월 5일 10시,월요일,충청남도 홍성군 홍성읍,중상사고,0,1,0,0,차대차 - 기타,안전운전불이행,건조,맑음,교차로 - 교차로안,승용,남,77세,상해없음,승용,남,62세,중상
2018030500100199,2018년 3월 5일 11시,월요일,충청남도 천안시 동남구 목천읍,부상신고사고,0,0,0,1,차대사람 - 횡단중,안전운전불이행,건조,맑음,단일로 - 기타,승용,남,34세,상해없음,보행자,여,83세,부상신고
2018030500100265,2018년 3월 5일 13시,월요일,충청남도 서산시 수석동,경상사고,0,0,3,0,차대차 - 후진중충돌,안전운전불이행,건조,맑음,교차로 - 교차로안,승용,남,54세,상해없음,승용,남,32세,경상
2018030500100266,2018년 3월 5일 13시,월요일,충청남도 공주시 유구읍,경상사고,0,0,1,0,차대차 - 측면충돌,안전운전불이행,건조,맑음,단일로 - 기타,승용,여,38세,기타불명,화물,남,42세,경상
2018030500100267,2018년 3월 5일 13시,월요일,충청남도 당진시 송악읍,중상사고,0,1,3,0,차대차 - 추돌,교차로운행방법위반,건조,맑음,교차로 - 교차로안,승용,여,26세,중상,승용,남,23세,경상
2018030500100325,2018년 3월 5일 15시,월요일,충청남도 서산시 지곡면,중상사고,0,1,0,0,차대차 - 측면충돌,안전운전불이행,건조,맑음,교차로 - 교차로부근,특수,남,37세,상해없음,승용,여,40세,중상
2018030500100347,2018년 3월 5일 16시,월요일,충청남도 천안시 서북구 두정동,경상사고,0,0,1,0,차대차 - 기타,교차로운행방법위반,건조,맑음,교차로 - 교차로안,건설기계,남,39세,기타불명,승합,남,52세,기타불명
2018030500100348,2018년 3월 5일 16시,월요일,충청남도 아산시 염치읍,경상사고,0,0,1,0,차대차 - 기타,기타,건조,맑음,단일로 - 기타,기타불명,기타불명,미분류,기타불명,승용,남,20세,경상
2018030500100405,2018년 3월 5일 18시,월요일,충청남도 천안시 서북구 성정동,경상사고,0,0,1,0,차대차 - 측면충돌,직진우회전진행방해,건조,맑음,교차로 - 교차로안,승용,남,49세,상해없음,이륜,남,31세,경상
2018030500100447,2018년 3월 5일 19시,월요일,충청남도 보령시 대천동,경상사고,0,0,3,0,차대차 - 측면충돌,안전운전불이행,건조,맑음,교차로 - 교차로부근,승용,여,33세,경상,승용,여,48세,경상
2018030500100448,2018년 3월 5일 19시,월요일,충청남도 천안시 동남구 청당동,경상사고,0,0,1,0,차대차 - 측면충돌,안전거리미확보,건조,맑음,단일로 - 기타,승용,여,49세,상해없음,화물,남,40세,경상
2018030500100490,2018년 3월 5일 21시,월요일,충청남도 부여군 규암면,경상사고,0,0,2,0,차대차 - 측면충돌,신호위반,건조,맑음,교차로 - 교차로안,승용,여,42세,상해없음,승용,남,54세,경상
2018030500100519,2018년 3월 5일 22시,월요일,충청남도 공주시 신관동,부상신고사고,0,0,0,1,차대사람 - 차도통행중,안전운전불이행,건조,맑음,단일로 - 기타,승용,여,38세,상해없음,보행자,남,30세,부상신고
2018030500100520,2018년 3월 5일 22시,월요일,충청남도 천안시 동남구 성남면,중상사고,0,1,1,0,차대차 - 기타,안전운전불이행,건조,맑음,단일로 - 기타,승용,남,41세,상해없음,승용,남,50세,중상
2018030600100028,2018년 3월 6일 02시,화요일,충청남도 서산시 음암면,사망사고,1,0,0,0,차대차 - 기타,안전운전불이행,건조,흐림,단일로 - 기타,이륜,남,73세,사망,승용,남,62세,기타불명
2018030600100062,2018년 3월 6일 06시,화요일,충청남도 아산시 온천동,중상사고,0,1,0,0,차대사람 - 횡단중,안전운전불이행,젖음/습기,흐림,단일로 - 기타,화물,남,44세,상해없음,보행자,남,87세,중상
2018030600100086,2018년 3월 6일 07시,화요일,충청남도 천안시 서북구 성거읍,중상사고,0,1,0,0,차대차 - 정면충돌,신호위반,건조,맑음,교차로 - 교차로안,화물,남,64세,상해없음,승용,남,48세,중상
2018030600100087,2018년 3월 6일 07시,화요일,충청남도 금산군 금성면,중상사고,0,1,0,0,차량단독 - 공작물충돌,안전운전불이행,젖음/습기,흐림,단일로 - 기타,화물,남,66세,중상,,,,
2018030600100190,2018년 3월 6일 11시,화요일,충청남도 서산시 읍내동,중상사고,0,3,1,0,차대차 - 정면충돌,중앙선침범,건조,맑음,단일로 - 기타,승용,남,25세,중상,승용,여,55세,경상
2018030600100191,2018년 3월 6일 11시,화요일,충청남도 아산시 배방읍,경상사고,0,0,1,0,차대차 - 후진중충돌,안전운전불이행,건조,맑음,단일로 - 기타,승용,여,28세,상해없음,승용,남,37세,경상
2018030600100209,2018년 3월 6일 12시,화요일,충청남도 공주시 우성면,중상사고,0,1,1,0,차대차 - 추돌,안전운전불이행,건조,맑음,단일로 - 기타,승용,남,25세,상해없음,승용,여,60세,중상
2018030600100210,2018년 3월 6일 12시,화요일,충청남도 당진시 신평면,중상사고,0,1,0,0,차대차 - 정면충돌,안전운전불이행,건조,맑음,단일로 - 기타,화물,남,52세,상해없음,자전거,남,83세,중상
2018030600100259,2018년 3월 6일 14시,화요일,충청남도 논산시 취암동,경상사고,0,0,1,0,차대차 - 추돌,안전운전불이행,건조,맑음,교차로 - 교차로안,이륜,남,80세,경상,승용,남,46세,상해없음
2018030600100289,2018년 3월 6일 15시,화요일,충청남도 홍성군 서부면,경상사고,0,0,2,0,차대차 - 측면충돌,안전운전불이행,건조,맑음,단일로 - 기타,화물,남,68세,경상,승용,남,57세,상해없음
2018030600100319,2018년 3월 6일 16시,화요일,충청남도 서천군 장항읍,경상사고,0,0,1,0,차대차 - 측면충돌,직진우회전진행방해,건조,맑음,교차로 - 교차로안,승용,남,64세,상해없음,자전거,남,17세,경상
2018030600100320,2018년 3월 6일 16시,화요일,충청남도 당진시 송악읍,중상사고,0,1,0,0,차대차 - 정면충돌,중앙선침범,건조,맑음,단일로 - 기타,화물,남,54세,상해없음,화물,남,61세,중상
2018030600100346,2018년 3월 6일 17시,화요일,충청남도 서산시 석림동,중상사고,0,1,0,0,차대차 - 측면충돌,신호위반,건조,맑음,교차로 - 교차로안,승용,여,60세,상해없음,승용,남,55세,상해없음
2018030600100349,2018년 3월 6일 17시,화요일,충청남도 천안시 서북구 입장면,중상사고,0,2,1,0,차대차 - 추돌,안전운전불이행,건조,맑음,단일로 - 기타,승용,남,54세,상해없음,승용,남,45세,경상
2018030600100391,2018년 3월 6일 18시,화요일,충청남도 공주시 금흥동,경상사고,0,0,2,0,차대사람 - 길가장자리구역통행중,안전운전불이행,건조,맑음,단일로 - 기타,원동기,남,17세,기타불명,보행자,남,17세,경상
2018030600100392,2018년 3월 6일 18시,화요일,충청남도 공주시 탄천면,중상사고,0,1,1,0,차대차 - 측면충돌,신호위반,건조,맑음,교차로 - 교차로안,승용,남,25세,상해없음,승용,남,33세,중상
2018030600100429,2018년 3월 6일 19시,화요일,충청남도 천안시 서북구 불당동,중상사고,0,1,0,0,차대차 - 측면충돌,안전운전불이행,건조,맑음,단일로 - 기타,승용,남,49세,상해없음,이륜,남,49세,중상
2018030600100430,2018년 3월 6일 19시,화요일,충청남도 천안시 서북구 신당동,경상사고,0,0,1,0,차량단독 - 기타,안전운전불이행,건조,맑음,교차로 - 교차로부근,승용,남,58세,상해없음,,,,
2018030600100431,2018년 3월 6일 19시,화요일,충청남도 공주시 신관동,경상사고,0,0,2,0,차대차 - 측면충돌,신호위반,건조,맑음,교차로 - 교차로안,승용,여,61세,기타불명,승용,여,55세,경상
2018030600100457,2018년 3월 6일 20시,화요일,충청남도 홍성군 광천읍,사망사고,1,0,1,0,차대차 - 추돌,안전운전불이행,건조,맑음,교차로 - 교차로부근,화물,남,53세,사망,승합,남,54세,경상
2018030600100475,2018년 3월 6일 21시,화요일,충청남도 당진시 송악읍,경상사고,0,0,3,0,차대차 - 추돌,안전운전불이행,건조,맑음,교차로 - 교차로부근,승용,남,49세,상해없음,승용,여,35세,경상