사고번호,사고일시,요일,시군구,사고내용,사망자수,중상자수,경상자수,부상신고자수,사고유형,법규위반,노면상태,기상상태,도로형태,가해운전자 차종,가해운전자 성별,가해운전자 연령,가해운전자 상해정도,피해운전자 차종,피해운전자 성별,피해운전자 연령,피해운전자 상해정도
2018032700100327,2018년 3월 27일 16시,화요일,충청남도 논산시 강산동,경상사고,0,0,1,0,차대차 - 측면충돌,안전운전불이행,건조,맑음,교차로 - 교차로부근,화물,남,51세,상해없음,화물,남,36세,경상
2018032700100329,2018년 3월 27일 16시,화요일,충청남도 당진시 고대면,중상사고,0,1,0,0,차대차 - 측면충돌,안전거리미확보,건조,맑음,단일로 - 기타,승용,여,72세,상해없음,승용,남,64세,중상
2018032700100357,2018년 3월 27일 17시,화요일,충청남도 아산시 배방읍,경상사고,0,0,1,0,차대차 - 기타,안전운전불이행,건조,맑음,교차로 - 교차로부근,승용,여,22세,상해없음,이륜,남,35세,경상
2018032700100358,2018년 3월 27일 17시,화요일,충청남도 서천군 문산면,중상사고,0,1,0,0,차대차 - 측면충돌,안전운전불이행,건조,맑음,단일로 - 기타,화물,남,45세,상해없음,승용,남,74세,중상
2018032700100360,2018년 3월 27일 17시,화요일,충청남도 당진시 읍내리,경상사고,0,0,1,0,차대사람 - 횡단중,안전운전불이행,건조,맑음,교차로 - 교차로안,승용,여,40세,상해없음,보행자,여,39세,경상
2018032700100395,2018년 3월 27일 18시,화요일,충청남도 천안시 서북구 백석동,경상사고,0,0,3,0,차대차 - 기타,신호위반,건조,맑음,교차로 - 교차로안,승용,남,27세,경상,화물,남,33세,경상
2018032700100419,2018년 3월 27일 19시,화요일,충청남도 공주시 신관동,경상사고,0,0,1,0,차대사람 - 차도통행중,안전운전불이행,건조,흐림,교차로 - 교차로안,승용,여,53세,상해없음,보행자,남,57세,경상
2018032700100482,2018년 3월 27일 21시,화요일,충청남도 천안시 동남구 신부동,경상사고,0,0,1,0,차대사람 - 횡단중,보행자보호의무위반,건조,맑음,단일로 - 기타,이륜,남,25세,상해없음,보행자,여,22세,경상
2018032700100505,2018년 3월 27일 22시,화요일,충청남도 당진시 신평면,경상사고,0,0,1,0,차대차 - 측면충돌,안전거리미확보,건조,맑음,단일로 - 기타,승용,남,47세,상해없음,승용,남,28세,경상
2018032700100506,2018년 3월 27일 22시,화요일,충청남도 천안시 동남구 성황동,경상사고,0,0,1,0,차대차 - 기타,안전운전불이행,건조,맑음,단일로 - 기타,이륜,남,18세,경상,승용,남,44세,상해없음
2018032800100004,2018년 3월 28일 00시,수요일,충청남도 천안시 동남구 삼룡동,경상사고,0,0,2,0,차대차 - 추돌,안전운전불이행,건조,맑음,단일로 - 고가도로위,승용,여,34세,상해없음,화물,남,65세,경상
2018032800100017,2018년 3월 28일 01시,수요일,충청남도 논산시 성동면,경상사고,0,0,1,0,차량단독 - 전도전복 - 전도,안전운전불이행,건조,맑음,단일로 - 기타,화물,남,50세,경상,미분류,미분류,미분류,미분류
2018032800100071,2018년 3월 28일 07시,수요일,충청남도 서산시 대산읍,경상사고,0,0,1,0,차대차 - 측면충돌,중앙선침범,건조,맑음,단일로 - 기타,승용,남,53세,상해없음,화물,남,35세,경상
2018032800100072,2018년 3월 28일 07시,수요일,충청남도 천안시 서북구 백석동,경상사고,0,0,1,0,차대차 - 측면충돌,안전운전불이행,건조,맑음,단일로 - 기타,승용,남,29세,상해없음,승용,남,37세,경상
2018032800100106,2018년 3월 28일 08시,수요일,충청남도 아산시 염치읍,경상사고,0,0,1,0,차대차 - 추돌,안전운전불이행,건조,맑음,교차로 - 교차로부근,승합,남,59세,상해없음,승용,남,44세,경상
2018032800100107,2018년 3월 28일 08시,수요일,충청남도 보령시 웅천읍,중상사고,0,1,1,0,차대차 - 측면충돌,안전운전불이행,건조,맑음,단일로 - 기타,농기계,남,85세,중상,승용,남,27세,경상
2018032800100108,2018년 3월 28일 08시,수요일,충청남도 청양군 대치면,경상사고,0,0,1,0,차대차 - 측면충돌,직진우회전진행방해,건조,맑음,교차로 - 교차로안,이륜,남,76세,경상,승용,여,47세,상해없음
2018032800100196,2018년 3월 28일 11시,수요일,충청남도 예산군 예산읍,경상사고,0,0,1,0,차대차 - 기타,중앙선침범,건조,맑음,교차로 - 교차로부근,화물,남,56세,상해없음,승용,남,32세,경상
2018032800100197,2018년 3월 28일 11시,수요일,충청남도 당진시 고대면,중상사고,0,1,0,0,차량단독 - 공작물충돌,안전운전불이행,건조,맑음,단일로 - 기타,승용,남,62세,중상,,,,
2018032800100255,2018년 3월 28일 13시,수요일,충청남도 예산군 신양면,경상사고,0,0,1,0,차대차 - 측면충돌,신호위반,건조,맑음,교차로 - 교차로안,승용,남,70세,상해없음,화물,남,43세,경상
2018032800100292,2018년 3월 28일 14시,수요일,충청남도 아산시 온천동,경상사고,0,0,1,0,차대사람 - 횡단중,보행자보호의무위반,건조,맑음,단일로 - 기타,승용,남,59세,상해없음,보행자,남,11세,경상
2018032800100329,2018년 3월 28일 15시,수요일,충청남도 천안시 동남구 신부동,경상사고,0,0,1,0,차대사람 - 기타,안전운전불이행,건조,맑음,기타 - 기타,승용,남,64세,상해없음,보행자,여,51세,경상
2018032800100371,2018년 3월 28일 16시,수요일,충청남도 금산군 금산읍,경상사고,0,0,1,0,차대차 - 측면충돌,직진우회전진행방해,건조,맑음,교차로 - 교차로안,이륜,남,40세,경상,승용,여,27세,상해없음
2018032800100415,2018년 3월 28일 17시,수요일,충청남도 당진시 송악읍,중상사고,0,1,1,0,차대차 - 정면충돌,신호위반,건조,맑음,교차로 - 교차로안,이륜,남,31세,중상,승용,여,60세,경상
2018032800100519,2018년 3월 28일 20시,수요일,충청남도 천안시 서북구 두정동,중상사고,0,1,0,0,차대차 - 측면충돌,중앙선침범,건조,맑음,교차로 - 교차로부근,승용,남,33세,상해없음,이륜,남,38세,중상
2018032800100520,2018년 3월 28일 20시,수요일,충청남도 예산군 예산읍,경상사고,0,0,1,0,차대차 - 기타,안전거리미확보,건조,맑음,단일로 - 기타,승용,여,37세,상해없음,승용,여,40세,경상
2018032800100542,2018년 3월 28일 21시,수요일,충청남도 천안시 동남구 신방동,경상사고,0,0,1,0,차대차 - 기타,안전운전불이행,건조,맑음,교차로 - 교차로안,승용,남,55세,상해없음,원동기,남,19세,경상
2018032800100543,2018년 3월 28일 21시,수요일,충청남도 천안시 동남구 다가동,중상사고,0,1,4,0,차대차 - 측면충돌,안전운전불이행,건조,맑음,단일로 - 기타,승용,남,46세,경상,승용,남,58세,중상
2018032900100113,2018년 3월 29일 08시,목요일,충청남도 아산시 둔포면,사망사고,1,0,0,0,차대차 - 측면충돌,신호위반,건조,맑음,교차로 - 교차로안,승용,남,53세,상해없음,이륜,남,20세,사망
2018032900100150,2018년 3월 29일 09시,목요일,충청남도 논산시 연산면,중상사고,0,1,0,0,차대차 - 정면충돌,안전운전불이행,건조,맑음,단일로 - 기타,승합,남,54세,상해없음,이륜,여,71세,중상
2018032900100151,2018년 3월 29일 09시,목요일,충청남도 부여군 규암면,중상사고,0,1,0,0,차대사람 - 횡단중,안전운전불이행,건조,맑음,교차로 - 교차로안,승용,남,22세,상해없음,보행자,여,45세,중상
2018032900100183,2018년 3월 29일 10시,목요일,충청남도 천안시 서북구 성정동,경상사고,0,0,1,0,차대차 - 측면충돌,신호위반,건조,맑음,교차로 - 교차로안,승용,남,71세,상해없음,승용,여,34세,경상
2018032900100209,2018년 3월 29일 11시,목요일,충청남도 천안시 동남구 병천면,경상사고,0,0,1,0,차량단독 - 기타,안전운전불이행,건조,맑음,단일로 - 기타,이륜,남,80세,경상,,,,
2018032900100210,2018년 3월 29일 11시,목요일,충청남도 천안시 동남구 신부동,경상사고,0,0,1,0,차대차 - 기타,안전운전불이행,건조,맑음,단일로 - 기타,승합,남,52세,상해없음,승합,남,55세,상해없음
2018032900100242,2018년 3월 29일 12시,목요일,충청남도 천안시 서북구 백석동,경상사고,0,0,1,0,차대차 - 기타,안전운전불이행,건조,맑음,단일로 - 기타,기타불명,기타불명,미분류,기타불명,승용,남,38세,경상
2018032900100243,2018년 3월 29일 12시,목요일,충청남도 논산시 연산면,중상사고,0,1,0,0,차대차 - 추돌,안전운전불이행,건조,맑음,단일로 - 기타,승용,여,23세,상해없음,이륜,남,82세,중상
2018032900100244,2018년 3월 29일 12시,목요일,충청남도 당진시 신평면,부상신고사고,0,0,0,1,차대차 - 측면충돌,직진우회전진행방해,건조,맑음,교차로 - 교차로안,이륜,여,81세,부상신고,승용,남,57세,상해없음
2018032900100245,2018년 3월 29일 12시,목요일,충청남도 당진시 채운동,중상사고,0,2,0,0,차대차 - 측면충돌,신호위반,건조,맑음,교차로 - 교차로안,승용,남,47세,상해없음,승용,여,31세,중상
2018032900100401,2018년 3월 29일 17시,목요일,충청남도 천안시 서북구 성정동,중상사고,0,1,0,0,차량단독 - 기타,안전운전불이행,건조,맑음,교차로 - 교차로안,승합,남,36세,상해없음,,,,
2018032900100402,2018년 3월 29일 17시,목요일,충청남도 논산시 강경읍,경상사고,0,0,1,0,차대차 - 측면충돌,직진우회전진행방해,건조,맑음,교차로 - 교차로안,승용,남,69세,상해없음,승용,여,58세,경상
2018032900100404,2018년 3월 29일 17시,목요일,충청남도 서천군 화양면,경상사고,0,0,1,0,차량단독 - 기타,안전운전불이행,건조,맑음,단일로 - 기타,원동기,남,70세,경상,,,,
2018032900100405,2018년 3월 29일 17시,목요일,충청남도 공주시 정안면,경상사고,0,0,1,0,차대차 - 추돌,안전운전불이행,건조,맑음,단일로 - 터널,승용,남,21세,기타불명,승용,여,62세,경상
2018032900100441,2018년 3월 29일 18시,목요일,충청남도 공주시 정안면,중상사고,0,1,1,0,차대차 - 추돌,안전운전불이행,건조,맑음,단일로 - 기타,화물,남,46세,상해없음,화물,남,58세,중상
2018032900100522,2018년 3월 29일 20시,목요일,충청남도 당진시 송산면,경상사고,0,0,1,1,차대차 - 정면충돌,안전운전불이행,건조,맑음,교차로 - 교차로안,승용,여,35세,부상신고,승용,남,35세,경상
2018032900100523,2018년 3월 29일 20시,목요일,충청남도 청양군 청양읍,사망사고,1,0,0,0,차대사람 - 차도통행중,안전운전불이행,건조,맑음,교차로 - 교차로안,승용,남,38세,상해없음,보행자,여,57세,사망
2018032900100555,2018년 3월 29일 21시,목요일,충청남도 천안시 동남구 봉명동,경상사고,0,0,2,0,차대차 - 정면충돌,신호위반,건조,맑음,교차로 - 교차로안,승용,남,26세,상해없음,승용,남,51세,경상
2018032900100587,2018년 3월 29일 22시,목요일,충청남도 천안시 서북구 쌍용동,중상사고,0,3,1,0,차대차 - 기타,신호위반,건조,맑음,교차로 - 교차로안,승용,남,53세,상해없음,승합,남,57세,경상
2018032900100617,2018년 3월 29일 23시,목요일,충청남도 천안시 서북구 성정동,경상사고,0,0,3,0,차대차 - 기타,안전운전불이행,건조,맑음,교차로 - 교차로안,승용,남,46세,상해없음,승용,남,46세,경상
2018033000100010,2018년 3월 30일 00시,금요일,충청남도 천안시 서북구 성정동,부상신고사고,0,0,0,1,차대사람 - 기타,안전운전불이행,건조,맑음,교차로 - 교차로부근,승용,남,27세,상해없음,보행자,여,19세,부상신고
2018033000100011,2018년 3월 30일 00시,금요일,충청남도 천안시 동남구 목천읍,중상사고,0,2,1,0,차대차 - 측면충돌,과속,건조,맑음,교차로 - 교차로안,승용,남,28세,중상,승용,여,43세,중상
2018033000100029,2018년 3월 30일 01시,금요일,충청남도 천안시 동남구 신부동,중상사고,0,1,1,1,차대사람 - 횡단중,중앙선침범,건조,맑음,단일로 - 기타,승용,여,41세,부상신고,보행자,남,27세,중상
2018033000100066,2018년 3월 30일 05시,금요일,충청남도 천안시 서북구 직산읍,사망사고,1,0,1,0,차대차 - 측면충돌,신호위반,건조,맑음,교차로 - 교차로안,화물,남,41세,경상,화물,남,40세,사망
2018033000100089,2018년 3월 30일 07시,금요일,충청남도 서산시 동문동,중상사고,0,1,0,0,차대차 - 측면충돌,기타,건조,맑음,교차로 - 교차로안,승용,남,47세,상해없음,이륜,남,74세,중상
2018033000100090,2018년 3월 30일 07시,금요일,충청남도 천안시 서북구 쌍용동,경상사고,0,0,1,0,차대차 - 측면충돌,안전운전불이행,건조,맑음,단일로 - 기타,승용,여,65세,상해없음,승용,남,64세,경상
2018033000100123,2018년 3월 30일 08시,금요일,충청남도 예산군 응봉면,중상사고,0,1,1,0,차대차 - 측면충돌,중앙선침범,건조,맑음,단일로 - 기타,승용,여,22세,경상,승합,남,57세,중상
2018033000100153,2018년 3월 30일 09시,금요일,충청남도 아산시 둔포면,사망사고,3,1,0,0,차대차 - 추돌,안전운전불이행,건조,맑음,단일로 - 기타,화물,남,61세,상해없음,특수,여,86세,기타불명
2018033000100154,2018년 3월 30일 09시,금요일,충청남도 예산군 예산읍,중상사고,0,1,0,0,차대차 - 측면충돌,직진우회전진행방해,건조,맑음,교차로 - 교차로안,승용,여,67세,상해없음,승용,여,60세,중상
2018033000100240,2018년 3월 30일 12시,금요일,충청남도 서천군 서천읍,중상사고,0,1,0,0,차량단독 - 기타,안전운전불이행,건조,맑음,단일로 - 기타,이륜,남,77세,상해없음,,,,
2018033000100270,2018년 3월 30일 13시,금요일,충청남도 서산시 읍내동,중상사고,0,1,2,0,차대차 - 추돌,안전운전불이행,건조,맑음,단일로 - 기타,화물,남,26세,상해없음,승용,여,38세,경상
2018033000100271,2018년 3월 30일 13시,금요일,충청남도 천안시 서북구 백석동,경상사고,0,0,1,0,차대차 - 기타,안전운전불이행,건조,맑음,교차로 - 교차로안,승용,여,52세,상해없음,승용,남,51세,경상
2018033000100272,2018년 3월 30일 13시,금요일,충청남도 홍성군 홍북읍,경상사고,0,0,2,0,차대차 - 추돌,안전운전불이행,건조,맑음,교차로 - 교차로부근,승용,여,62세,경상,승합,남,54세,경상
2018033000100273,2018년 3월 30일 13시,금요일,충청남도 천안시 동남구 삼룡동,중상사고,0,1,0,0,차대차 - 기타,신호위반,건조,맑음,교차로 - 교차로안,기타불명,기타불명,미분류,기타불명,이륜,남,76세,중상
2018033000100311,2018년 3월 30일 14시,금요일,충청남도 서산시 동문동,사망사고,1,0,0,0,차대사람 - 횡단중,보행자보호의무위반,건조,맑음,교차로 - 교차로부근,승합,남,40세,상해없음,보행자,여,70세,사망
2018033000100338,2018년 3월 30일 15시,금요일,충청남도 금산군 진산면,중상사고,0,1,1,0,차대차 - 측면충돌,중앙선침범,건조,맑음,단일로 - 기타,화물,남,43세,상해없음,건설기계,남,46세,중상
2018033000100339,2018년 3월 30일 15시,금요일,충청남도 천안시 동남구 구성동,부상신고사고,0,0,0,1,차대차 - 기타,안전운전불이행,건조,맑음,단일로 - 기타,승용,남,60세,상해없음,화물,남,39세,부상신고
2018033000100381,2018년 3월 30일 16시,금요일,충청남도 공주시 신관동,경상사고,0,0,1,0,차대사람 - 차도통행중,안전운전불이행,건조,맑음,교차로 - 교차로안,승용,남,46세,상해없음,보행자,여,19세,경상
2018033000100382,2018년 3월 30일 16시,금요일,충청남도 당진시 대호지면,중상사고,0,2,0,0,차대차 - 정면충돌,중앙선침범,건조,맑음,단일로 - 기타,화물,남,64세,상해없음,승용,여,57세,중상
2018033000100383,2018년 3월 30일 16시,금요일,충청남도 태안군 남면,경상사고,0,0,2,0,차대차 - 기타,교차로운행방법위반,건조,맑음,교차로 - 교차로안,승용,남,63세,상해없음,승용,남,29세,경상
2018033000100422,2018년 3월 30일 17시,금요일,충청남도 당진시 석문면,중상사고,0,1,0,0,차대차 - 측면충돌,교차로운행방법위반,건조,맑음,교차로 - 교차로안,승용,여,60세,상해없음,승용,남,61세,중상
2018033000100513,2018년 3월 30일 19시,금요일,충청남도 예산군 예산읍,중상사고,0,1,0,0,차대차 - 측면충돌,안전운전불이행,건조,흐림,단일로 - 기타,승용,남,49세,기타불명,승용,여,54세,중상
2018033000100514,2018년 3월 30일 19시,금요일,충청남도 금산군 금성면,사망사고,1,0,0,0,차량단독 - 공작물충돌,안전거리미확보,건조,맑음,교차로 - 교차로부근,화물,남,74세,사망,,,,
2018033000100515,2018년 3월 30일 19시,금요일,충청남도 천안시 동남구 목천읍,중상사고,0,1,0,0,차대차 - 측면충돌,중앙선침범,건조,맑음,단일로 - 기타,화물,남,56세,상해없음,승용,남,35세,중상
2018033000100560,2018년 3월 30일 20시,금요일,충청남도 아산시 음봉면,경상사고,0,0,1,0,차대차 - 측면충돌,안전운전불이행,건조,맑음,단일로 - 기타,승용,남,28세,경상,승용,남,31세,상해없음
2018033000100621,2018년 3월 30일 22시,금요일,충청남도 천안시 서북구 두정동,경상사고,0,0,1,0,차대사람 - 기타,안전운전불이행,건조,맑음,교차로 - 교차로안,승용,여,24세,상해없음,보행자,남,45세,경상
2018033000100646,2018년 3월 30일 23시,금요일,충청남도 아산시 방축동,경상사고,0,0,1,0,차대차 - 측면충돌,안전운전불이행,건조,기타,교차로 - 교차로안,승용,남,35세,상해없음,화물,남,41세,경상
2018033000100647,2018년 3월 30일 23시,금요일,충청남도 태안군 원북면,중상사고,0,1,0,0,차량단독 - 공작물충돌,안전운전불이행,기타,기타,기타 - 기타,승용,남,62세,중상,,,,
2018033100100016,2018년 3월 31일 00시,토요일,충청남도 천안시 서북구 불당동,경상사고,0,0,1,0,차대차 - 측면충돌,안전운전불이행,건조,맑음,단일로 - 기타,승용,남,33세,상해없음,승용,남,36세,경상
2018033100100017,2018년 3월 31일 00시,토요일,충청남도 천안시 동남구 신방동,경상사고,0,0,1,0,차대사람 - 기타,안전운전불이행,건조,맑음,단일로 - 기타,승용,남,49세,상해없음,보행자,남,33세,경상
2018033100100037,2018년 3월 31일 01시,토요일,충청남도 천안시 서북구 백석동,경상사고,0,0,3,0,차대차 - 정면충돌,신호위반,건조,맑음,교차로 - 교차로안,화물,남,47세,상해없음,승용,남,19세,경상
2018033100100038,2018년 3월 31일 01시,토요일,충청남도 천안시 서북구 성정동,경상사고,0,0,2,0,차대차 - 추돌,안전운전불이행,건조,맑음,교차로 - 교차로부근,승용,여,50세,상해없음,승용,남,33세,경상
2018033100100049,2018년 3월 31일 02시,토요일,충청남도 부여군 양화면,사망사고,2,1,0,0,차량단독 - 도로외이탈 - 추락,과속,건조,맑음,단일로 - 기타,승용,남,23세,중상,,,,
2018033100100057,2018년 3월 31일 03시,토요일,충청남도 천안시 서북구 성정동,중상사고,0,1,0,0,차대차 - 추돌,안전운전불이행,건조,맑음,교차로 - 교차로부근,승용,남,26세,상해없음,승용,남,66세,중상
2018033100100085,2018년 3월 31일 06시,토요일,충청남도 천안시 서북구 두정동,경상사고,0,0,1,0,차대차 - 측면충돌,안전거리미확보,건조,맑음,단일로 - 기타,승용,남,67세,경상,승용,남,29세,상해없음
2018033100100086,2018년 3월 31일 06시,토요일,충청남도 예산군 오가면,경상사고,0,0,1,0,차대차 - 정면충돌,중앙선침범,젖음/습기,안개,단일로 - 기타,승용,남,58세,상해없음,화물,남,52세,경상
2018033100100087,2018년 3월 31일 06시,토요일,충청남도 부여군 세도면,중상사고,0,1,0,0,차량단독 - 도로외이탈 - 기타,안전운전불이행,건조,맑음,단일로 - 기타,승용,남,71세,중상,,,,
2018033100100117,2018년 3월 31일 08시,토요일,충청남도 천안시 동남구 구성동,경상사고,0,0,1,0,차대사람 - 기타,안전운전불이행,건조,맑음,교차로 - 교차로부근,승용,여,45세,상해없음,보행자,남,72세,경상
2018033100100190,2018년 3월 31일 11시,토요일,충청남도 태안군 태안읍,경상사고,0,0,1,0,차대차 - 후진중충돌,안전운전불이행,건조,맑음,교차로 - 교차로안,건설기계,남,64세,상해없음,농기계,남,82세,경상
2018033100100220,2018년 3월 31일 12시,토요일,충청남도 공주시 신관동,경상사고,0,0,1,0,차대차 - 추돌,안전운전불이행,건조,맑음,단일로 - 기타,화물,남,47세,상해없음,승용,남,40세,경상
2018033100100221,2018년 3월 31일 12시,토요일,충청남도 부여군 부여읍,경상사고,0,0,1,0,차대차 - 측면충돌,안전운전불이행,건조,맑음,단일로 - 기타,승용,남,64세,상해없음,승용,남,47세,상해없음
2018033100100260,2018년 3월 31일 13시,토요일,충청남도 예산군 예산읍,경상사고,0,0,4,0,차대차 - 기타,안전거리미확보,건조,맑음,단일로 - 기타,승합,남,57세,상해없음,화물,남,65세,상해없음
2018033100100261,2018년 3월 31일 13시,토요일,충청남도 천안시 동남구 대흥동,경상사고,0,0,4,0,차대차 - 정면충돌,중앙선침범,건조,맑음,단일로 - 터널,승용,여,26세,기타불명,화물,남,62세,경상
2018033100100262,2018년 3월 31일 13시,토요일,충청남도 천안시 동남구 신방동,경상사고,0,0,2,0,차대차 - 추돌,안전운전불이행,건조,맑음,단일로 - 기타,승용,남,47세,상해없음,승용,여,25세,경상
2018033100100301,2018년 3월 31일 14시,토요일,충청남도 천안시 서북구 쌍용동,경상사고,0,0,2,0,차대차 - 측면충돌,안전운전불이행,건조,맑음,단일로 - 지하차도(도로)내,승용,남,32세,상해없음,승용,남,26세,경상
2018033100100302,2018년 3월 31일 14시,토요일,충청남도 공주시 석장리동,중상사고,0,2,1,0,차량단독 - 공작물충돌,안전운전불이행,건조,맑음,단일로 - 기타,승용,여,47세,경상,,,,
2018033100100338,2018년 3월 31일 15시,토요일,충청남도 보령시 죽정동,사망사고,1,0,0,0,차대차 - 추돌,안전운전불이행,건조,맑음,단일로 - 고가도로위,화물,남,58세,사망,화물,남,47세,상해없음
2018033100100412,2018년 3월 31일 17시,토요일,충청남도 당진시 송악읍,경상사고,0,0,4,0,차대차 - 측면충돌,안전운전불이행,건조,맑음,교차로 - 교차로안,승용,남,65세,상해없음,승합,남,46세,경상
2018033100100446,2018년 3월 31일 18시,토요일,충청남도 천안시 서북구 두정동,경상사고,0,0,1,0,차대차 - 후진중충돌,안전운전불이행,건조,기타,교차로 - 교차로안,승용,여,35세,상해없음,승용,남,49세,경상
2018033100100447,2018년 3월 31일 18시,토요일,충청남도 천안시 동남구 사직동,경상사고,0,0,1,0,차대사람 - 기타,안전운전불이행,건조,맑음,교차로 - 교차로부근,승용,남,58세,상해없음,보행자,남,42세,경상
2018033100100512,2018년 3월 31일 20시,토요일,충청남도 서산시 지곡면,경상사고,0,0,2,0,차대차 - 추돌,안전거리미확보,건조,맑음,단일로 - 기타,승용,남,50세,경상,승용,남,52세,경상
2018033100100513,2018년 3월 31일 20시,토요일,충청남도 아산시 음봉면,사망사고,1,0,0,0,차대사람 - 횡단중,안전운전불이행,건조,맑음,단일로 - 기타,승용,남,30세,상해없음,보행자,남,67세,사망
2018033100100544,2018년 3월 31일 21시,토요일,충청남도 천안시 서북구 입장면,경상사고,0,0,1,0,차대차 - 추돌,안전운전불이행,건조,흐림,교차로 - 교차로부근,승용,남,50세,상해없음,승용,남,25세,경상
2018033100100545,2018년 3월 31일 21시,토요일,충청남도 천안시 서북구 두정동,경상사고,0,0,1,0,차대차 - 측면충돌,안전운전불이행,건조,맑음,교차로 - 교차로안,승용,남,26세,상해없음,승용,남,33세,기타불명
2018033100100576,2018년 3월 31일 22시,토요일,충청남도 아산시 배방읍,중상사고,0,1,0,0,차대차 - 측면충돌,신호위반,건조,맑음,교차로 - 교차로안,화물,남,26세,상해없음,승용,여,47세,중상
2018033100100597,2018년 3월 31일 23시,토요일,충청남도 아산시 용화동,경상사고,0,0,1,0,차대사람 - 기타,안전운전불이행,건조,맑음,교차로 - 교차로안,승용,여,46세,상해없음,보행자,남,25세,경상
2018033100100598,2018년 3월 31일 23시,토요일,충청남도 당진시 신평면,중상사고,0,1,0,0,차량단독 - 공작물충돌,안전운전불이행,건조,맑음,단일로 - 기타,승용,남,41세,중상,,,,
2018040100100011,2018년 4월 1일 00시,일요일,충청남도 홍성군 홍성읍,중상사고,0,1,0,0,차대사람 - 횡단중,보행자보호의무위반,건조,맑음,교차로 - 교차로횡단보도내,승용,남,27세,상해없음,보행자,남,16세,중상
2018040100100030,2018년 4월 1일 01시,일요일,충청남도 천안시 서북구 두정동,중상사고,0,1,1,0,차대차 - 측면충돌,안전운전불이행,건조,맑음,단일로 - 기타,이륜,남,37세,중상,승용,남,51세,경상
2018040100100089,2018년 4월 1일 06시,일요일,충청남도 천안시 서북구 불당동,부상신고사고,0,0,0,1,차량단독 - 공작물충돌,안전운전불이행,건조,맑음,단일로 - 기타,승용,여,23세,부상신고,,,,
2018040100100090,2018년 4월 1일 06시,일요일,충청남도 천안시 동남구 신부동,경상사고,0,0,1,0,차대사람 - 횡단중,안전운전불이행,건조,맑음,교차로 - 교차로안,승용,남,53세,상해없음,보행자,여,45세,경상
2018040100100110,2018년 4월 1일 08시,일요일,충청남도 천안시 동남구 수신면,경상사고,0,0,2,0,차대차 - 추돌,안전운전불이행,건조,흐림,단일로 - 기타,승용,남,73세,상해없음,승용,여,46세,경상
2018040100100212,2018년 4월 1일 13시,일요일,충청남도 천안시 서북구 성정동,경상사고,0,0,1,0,차대차 - 추돌,안전운전불이행,건조,맑음,단일로 - 기타,승용,남,24세,상해없음,승용,남,30세,경상
2018040100100213,2018년 4월 1일 13시,일요일,충청남도 논산시 연무읍,사망사고,1,1,0,0,차량단독 - 공작물충돌,안전운전불이행,건조,흐림,단일로 - 기타,화물,남,67세,사망,,,,
2018040100100214,2018년 4월 1일 13시,일요일,충청남도 천안시 동남구 병천면,경상사고,0,0,3,0,차대차 - 측면충돌,중앙선침범,건조,맑음,단일로 - 기타,승용,남,64세,상해없음,승용,남,43세,경상
2018040100100237,2018년 4월 1일 14시,일요일,충청남도 아산시 방축동,경상사고,0,0,2,0,차대차 - 정면충돌,안전운전불이행,기타,맑음,교차로 - 교차로안,이륜,남,57세,경상,승용,여,56세,경상
2018040100100238,2018년 4월 1일 14시,일요일,충청남도 당진시 고대면,중상사고,0,4,0,0,차대차 - 측면충돌,안전운전불이행,건조,맑음,단일로 - 기타,승용,여,71세,중상,화물,남,70세,중상
2018040100100239,2018년 4월 1일 14시,일요일,충청남도 천안시 동남구 병천면,중상사고,0,1,0,0,차대사람 - 기타,안전운전불이행,건조,맑음,단일로 - 기타,이륜,남,68세,상해없음,보행자,남,48세,중상
2018040100100240,2018년 4월 1일 14시,일요일,충청남도 천안시 동남구 신방동,경상사고,0,0,1,1,차대차 - 측면충돌,신호위반,건조,맑음,단일로 - 기타,원동기,남,47세,부상신고,승용,여,57세,경상
2018040100100243,2018년 4월 1일 14시,일요일,충청남도 당진시 용연리,경상사고,0,0,3,0,차대차 - 추돌,안전운전불이행,건조,맑음,단일로 - 기타,승용,남,59세,상해없음,승용,남,44세,경상
2018040100100266,2018년 4월 1일 15시,일요일,충청남도 당진시 송악읍,사망사고,1,0,0,0,차량단독 - 전도전복 - 전도,안전운전불이행,건조,맑음,단일로 - 기타,승용,여,45세,상해없음,미분류,미분류,미분류,미분류
2018040100100294,2018년 4월 1일 16시,일요일,충청남도 공주시 의당면,중상사고,0,2,4,0,차대차 - 측면충돌,신호위반,건조,맑음,교차로 - 교차로안,승용,남,55세,상해없음,승용,여,49세,경상
2018040100100322,2018년 4월 1일 17시,일요일,충청남도 아산시 용화동,경상사고,0,0,1,0,차대차 - 추돌,안전운전불이행,건조,맑음,교차로 - 교차로부근,승용,여,41세,상해없음,승용,남,30세,경상
2018040100100345,2018년 4월 1일 18시,일요일,충청남도 서산시 해미면,경상사고,0,0,1,2,차대차 - 추돌,안전거리미확보,건조,맑음,단일로 - 기타,승용,남,23세,부상신고,화물,남,54세,경상
2018040100100346,2018년 4월 1일 18시,일요일,충청남도 천안시 서북구 두정동,중상사고,0,1,1,0,차대차 - 측면충돌,안전운전불이행,건조,맑음,교차로 - 교차로안,이륜,남,36세,중상,승용,남,29세,경상