사고번호,사고일시,요일,시군구,사고내용,사망자수,중상자수,경상자수,부상신고자수,사고유형,법규위반,노면상태,기상상태,도로형태,가해운전자 차종,가해운전자 성별,가해운전자 연령,가해운전자 상해정도,피해운전자 차종,피해운전자 성별,피해운전자 연령,피해운전자 상해정도
2018040600100220,2018년 4월 6일 10시,금요일,충청남도 태안군 태안읍,경상사고,0,0,1,0,차대차 - 측면충돌,교차로운행방법위반,건조,기타,교차로 - 교차로안,승용,남,70세,상해없음,승용,여,35세,경상
2018040600100245,2018년 4월 6일 11시,금요일,충청남도 천안시 서북구 성환읍,부상신고사고,0,0,0,1,차대차 - 측면충돌,안전운전불이행,건조,맑음,교차로 - 교차로안,이륜,남,75세,부상신고,승용,남,63세,상해없음
2018040600100246,2018년 4월 6일 11시,금요일,충청남도 논산시 상월면,경상사고,0,0,2,0,차대차 - 측면충돌,교차로운행방법위반,건조,맑음,교차로 - 교차로안,화물,남,43세,상해없음,승용,여,42세,경상
2018040600100280,2018년 4월 6일 12시,금요일,충청남도 논산시 연무읍,중상사고,0,1,0,0,차대사람 - 횡단중,보행자보호의무위반,건조,맑음,교차로 - 교차로횡단보도내,화물,남,57세,상해없음,보행자,남,74세,중상
2018040600100281,2018년 4월 6일 12시,금요일,충청남도 홍성군 홍성읍,중상사고,0,1,0,0,차대사람 - 길가장자리구역통행중,안전운전불이행,건조,맑음,단일로 - 기타,승용,남,67세,상해없음,보행자,여,65세,중상
2018040600100302,2018년 4월 6일 13시,금요일,충청남도 서산시 대산읍,중상사고,0,1,0,0,차량단독 - 도로외이탈 - 기타,안전운전불이행,건조,맑음,단일로 - 기타,화물,남,63세,중상,,,,
2018040600100323,2018년 4월 6일 14시,금요일,충청남도 아산시 탕정면,경상사고,0,0,5,0,차대차 - 측면충돌,신호위반,건조,맑음,교차로 - 교차로안,승용,여,47세,상해없음,승용,남,46세,경상
2018040600100361,2018년 4월 6일 15시,금요일,충청남도 서산시 고북면,중상사고,0,1,0,0,차대차 - 측면충돌,안전운전불이행,건조,맑음,교차로 - 교차로안,이륜,남,79세,중상,승용,남,70세,상해없음
2018040600100390,2018년 4월 6일 16시,금요일,충청남도 천안시 서북구 성거읍,경상사고,0,0,1,1,차대차 - 추돌,안전운전불이행,건조,맑음,교차로 - 교차로안,승용,남,29세,부상신고,승용,남,43세,경상
2018040600100391,2018년 4월 6일 16시,금요일,충청남도 천안시 서북구 성정동,경상사고,0,0,3,0,차대차 - 정면충돌,안전운전불이행,건조,맑음,교차로 - 교차로안,승용,남,58세,기타불명,승용,여,35세,경상
2018040600100392,2018년 4월 6일 16시,금요일,충청남도 계룡시 금암동,중상사고,0,1,0,0,차대차 - 측면충돌,직진우회전진행방해,건조,맑음,교차로 - 교차로안,승용,여,22세,상해없음,이륜,남,84세,중상
2018040600100393,2018년 4월 6일 16시,금요일,충청남도 홍성군 갈산면,경상사고,0,0,2,0,차대차 - 추돌,안전운전불이행,건조,맑음,교차로 - 교차로안,승합,남,30세,상해없음,승용,남,61세,경상
2018040600100394,2018년 4월 6일 16시,금요일,충청남도 금산군 제원면,중상사고,0,1,1,0,차대차 - 측면충돌,신호위반,건조,흐림,교차로 - 교차로안,화물,남,62세,중상,화물,남,52세,경상
2018040600100430,2018년 4월 6일 17시,금요일,충청남도 당진시 신평면,경상사고,0,0,1,0,차대차 - 추돌,안전거리미확보,건조,맑음,단일로 - 기타,화물,남,59세,상해없음,화물,남,51세,경상
2018040600100464,2018년 4월 6일 18시,금요일,충청남도 천안시 서북구 성성동,중상사고,0,1,0,0,차대차 - 기타,안전운전불이행,건조,맑음,단일로 - 기타,승용,남,55세,상해없음,이륜,남,26세,중상
2018040600100498,2018년 4월 6일 19시,금요일,충청남도 천안시 서북구 차암동,경상사고,0,0,1,0,차대차 - 측면충돌,안전운전불이행,건조,맑음,기타 - 기타,승용,남,50세,상해없음,승용,여,34세,경상
2018040600100499,2018년 4월 6일 19시,금요일,충청남도 논산시 강경읍,경상사고,0,0,1,0,차대차 - 측면충돌,교차로운행방법위반,건조,맑음,교차로 - 교차로안,승용,남,61세,상해없음,승용,남,66세,경상
2018040600100573,2018년 4월 6일 21시,금요일,충청남도 천안시 서북구 쌍용동,경상사고,0,0,1,0,차대사람 - 차도통행중,안전운전불이행,젖음/습기,흐림,교차로 - 교차로안,승용,남,36세,상해없음,보행자,여,50세,경상
2018040600100574,2018년 4월 6일 21시,금요일,충청남도 금산군 금산읍,경상사고,0,0,2,0,차대사람 - 횡단중,보행자보호의무위반,젖음/습기,비,교차로 - 교차로횡단보도내,승용,남,46세,상해없음,보행자,남,56세,경상
2018040600100608,2018년 4월 6일 22시,금요일,충청남도 천안시 서북구 불당동,경상사고,0,0,1,0,차대차 - 측면충돌,안전운전불이행,건조,맑음,단일로 - 기타,승용,남,49세,상해없음,원동기,남,44세,경상
2018040600100609,2018년 4월 6일 22시,금요일,충청남도 공주시 신관동,중상사고,0,1,1,0,차대차 - 측면충돌,신호위반,젖음/습기,비,교차로 - 교차로안,승용,남,35세,경상,승용,남,45세,중상
2018040600100639,2018년 4월 6일 23시,금요일,충청남도 천안시 서북구 불당동,경상사고,0,0,1,0,차대차 - 측면충돌,안전운전불이행,건조,맑음,단일로 - 기타,원동기,남,22세,경상,승용,남,44세,상해없음
2018040600100640,2018년 4월 6일 23시,금요일,충청남도 아산시 온천동,중상사고,0,1,0,0,차대차 - 정면충돌,중앙선침범,건조,맑음,기타 - 기타,승용,남,27세,상해없음,이륜,남,16세,중상
2018040700100012,2018년 4월 7일 00시,토요일,충청남도 예산군 예산읍,중상사고,0,1,0,0,차대사람 - 기타,안전운전불이행,건조,맑음,단일로 - 기타,승용,남,26세,상해없음,보행자,여,37세,중상
2018040700100095,2018년 4월 7일 05시,토요일,충청남도 보령시 대천동,사망사고,2,0,0,0,차대차 - 추돌,안전운전불이행,건조,맑음,단일로 - 기타,화물,남,48세,상해없음,화물,남,67세,사망
2018040700100156,2018년 4월 7일 09시,토요일,충청남도 천안시 서북구 성정동,중상사고,0,1,0,0,차대차 - 측면충돌,신호위반,건조,맑음,교차로 - 교차로부근,승용,여,46세,상해없음,자전거,남,77세,중상
2018040700100182,2018년 4월 7일 10시,토요일,충청남도 서산시 음암면,중상사고,0,2,4,0,차대차 - 측면충돌,신호위반,건조,맑음,교차로 - 교차로안,승용,남,65세,중상,승합,남,43세,경상
2018040700100183,2018년 4월 7일 10시,토요일,충청남도 부여군 부여읍,경상사고,0,0,1,0,차대차 - 측면충돌,직진우회전진행방해,건조,맑음,교차로 - 교차로안,승합,남,55세,상해없음,승용,여,61세,상해없음
2018040700100184,2018년 4월 7일 10시,토요일,충청남도 청양군 청양읍,중상사고,0,1,0,0,차대차 - 측면충돌,안전운전불이행,건조,맑음,단일로 - 기타,승용,남,62세,상해없음,이륜,남,68세,중상
2018040700100283,2018년 4월 7일 13시,토요일,충청남도 태안군 태안읍,중상사고,0,1,1,0,차대차 - 추돌,안전운전불이행,건조,맑음,교차로 - 교차로부근,승합,남,42세,상해없음,승용,여,47세,중상
2018040700100407,2018년 4월 7일 16시,토요일,충청남도 서산시 죽성동,경상사고,0,0,1,0,차대차 - 기타,기타,건조,맑음,단일로 - 기타,화물,남,30세,상해없음,승용,남,66세,경상
2018040700100408,2018년 4월 7일 16시,토요일,충청남도 아산시 배방읍,경상사고,0,0,1,0,차대차 - 기타,안전운전불이행,건조,맑음,교차로 - 교차로안,승용,남,60세,상해없음,승용,남,30세,경상
2018040700100409,2018년 4월 7일 16시,토요일,충청남도 아산시 배방읍,경상사고,0,0,1,0,차대차 - 추돌,안전운전불이행,건조,맑음,교차로 - 교차로안,기타불명,기타불명,미분류,기타불명,승용,남,28세,경상
2018040700100410,2018년 4월 7일 16시,토요일,충청남도 공주시 유구읍,경상사고,0,0,1,0,차대차 - 측면충돌,기타,건조,맑음,교차로 - 교차로부근,승용,남,53세,상해없음,승용,여,62세,경상
2018040700100411,2018년 4월 7일 16시,토요일,충청남도 부여군 부여읍,중상사고,0,1,0,0,차대사람 - 횡단중,안전운전불이행,건조,맑음,단일로 - 기타,승용,남,74세,상해없음,보행자,여,68세,중상
2018040700100452,2018년 4월 7일 17시,토요일,충청남도 천안시 동남구 구성동,경상사고,0,0,1,0,차대차 - 측면충돌,직진우회전진행방해,건조,맑음,교차로 - 교차로안,승용,여,54세,상해없음,이륜,남,16세,경상
2018040700100453,2018년 4월 7일 17시,토요일,충청남도 태안군 태안읍,중상사고,0,2,1,0,차대차 - 측면충돌,안전운전불이행,건조,맑음,단일로 - 기타,화물,남,49세,경상,승용,남,43세,중상
2018040700100506,2018년 4월 7일 18시,토요일,충청남도 홍성군 홍북읍,경상사고,0,0,1,0,차대차 - 추돌,안전운전불이행,건조,맑음,단일로 - 기타,승용,남,31세,상해없음,화물,남,42세,경상
2018040700100540,2018년 4월 7일 19시,토요일,충청남도 예산군 고덕면,경상사고,0,0,2,0,차대차 - 추돌,안전운전불이행,건조,맑음,교차로 - 교차로안,승용,남,61세,상해없음,승용,여,50세,경상
2018040700100609,2018년 4월 7일 21시,토요일,충청남도 당진시 읍내리,중상사고,0,1,0,0,차대사람 - 차도통행중,안전운전불이행,건조,맑음,단일로 - 기타,승용,남,27세,상해없음,보행자,남,44세,중상
2018040700100635,2018년 4월 7일 22시,토요일,충청남도 천안시 동남구 구성동,중상사고,0,1,1,0,차대사람 - 기타,안전운전불이행,건조,맑음,단일로 - 기타,승용,남,34세,상해없음,보행자,남,52세,중상
2018040800100076,2018년 4월 8일 05시,일요일,충청남도 천안시 서북구 두정동,경상사고,0,0,1,0,차대차 - 측면충돌,안전운전불이행,건조,맑음,교차로 - 교차로안,승용,남,72세,상해없음,승용,남,72세,경상
2018040800100143,2018년 4월 8일 10시,일요일,충청남도 태안군 남면,중상사고,0,1,0,0,차대차 - 측면충돌,교차로운행방법위반,건조,맑음,교차로 - 교차로안,자전거,남,90세 이상,중상,승합,남,71세,상해없음
2018040800100184,2018년 4월 8일 12시,일요일,충청남도 보령시 궁촌동,경상사고,0,0,1,0,차대차 - 기타,안전운전불이행,건조,맑음,단일로 - 기타,승용,여,66세,상해없음,승용,남,49세,상해없음
2018040800100185,2018년 4월 8일 12시,일요일,충청남도 당진시 송악읍,경상사고,0,0,2,0,차대차 - 추돌,안전운전불이행,건조,맑음,단일로 - 기타,승용,여,33세,상해없음,승용,남,33세,경상
2018040800100270,2018년 4월 8일 15시,일요일,충청남도 보령시 대천동,경상사고,0,0,1,0,차대차 - 기타,안전운전불이행,건조,맑음,단일로 - 기타,이륜,남,70세,경상,승용,여,34세,기타불명
2018040800100271,2018년 4월 8일 15시,일요일,충청남도 당진시 채운동,중상사고,0,1,4,0,차대차 - 추돌,안전운전불이행,건조,맑음,교차로 - 교차로부근,승용,여,31세,상해없음,승용,여,37세,경상
2018040800100310,2018년 4월 8일 16시,일요일,충청남도 보령시 청라면,중상사고,0,1,0,0,차대차 - 측면충돌,안전운전불이행,건조,흐림,교차로 - 교차로부근,승용,남,48세,상해없음,자전거,남,10세,중상
2018040800100343,2018년 4월 8일 17시,일요일,충청남도 천안시 서북구 두정동,경상사고,0,0,1,0,차대사람 - 기타,안전운전불이행,건조,맑음,단일로 - 기타,승용,여,45세,상해없음,보행자,여,20세,경상
2018040800100380,2018년 4월 8일 18시,일요일,충청남도 아산시 온천동,중상사고,0,1,0,0,차대사람 - 횡단중,보행자보호의무위반,건조,맑음,교차로 - 교차로부근,승합,남,49세,상해없음,보행자,남,59세,중상
2018040800100381,2018년 4월 8일 18시,일요일,충청남도 천안시 동남구 목천읍,경상사고,0,0,2,0,차대차 - 측면충돌,신호위반,건조,맑음,교차로 - 교차로안,승용,여,68세,상해없음,승용,남,73세,경상
2018040800100416,2018년 4월 8일 19시,일요일,충청남도 아산시 음봉면,경상사고,0,0,2,0,차대차 - 추돌,안전운전불이행,건조,맑음,단일로 - 기타,승용,남,53세,상해없음,승용,남,61세,경상
2018040800100417,2018년 4월 8일 19시,일요일,충청남도 천안시 동남구 광덕면,중상사고,0,1,1,0,차대차 - 기타,안전운전불이행,건조,맑음,단일로 - 기타,승용,남,49세,기타불명,승용,남,65세,경상
2018040800100444,2018년 4월 8일 20시,일요일,충청남도 천안시 동남구 북면,중상사고,0,1,0,0,차대사람 - 기타,안전운전불이행,건조,맑음,교차로 - 교차로부근,기타불명,기타불명,미분류,기타불명,보행자,남,18세,중상
2018040900100021,2018년 4월 9일 01시,월요일,충청남도 천안시 서북구 불당동,중상사고,0,2,0,0,차대차 - 정면충돌,신호위반,건조,맑음,교차로 - 교차로안,승용,남,24세,상해없음,승용,남,63세,중상
2018040900100022,2018년 4월 9일 01시,월요일,충청남도 천안시 서북구 두정동,경상사고,0,0,1,0,차대차 - 측면충돌,교차로운행방법위반,건조,맑음,교차로 - 교차로안,승용,남,62세,상해없음,화물,남,59세,상해없음
2018040900100027,2018년 4월 9일 02시,월요일,충청남도 천안시 서북구 두정동,경상사고,0,0,1,0,차대차 - 측면충돌,교차로운행방법위반,건조,맑음,교차로 - 교차로안,승용,남,63세,상해없음,승용,남,27세,상해없음
2018040900100028,2018년 4월 9일 02시,월요일,충청남도 청양군 대치면,경상사고,0,0,1,0,차량단독 - 공작물충돌,안전운전불이행,건조,맑음,단일로 - 기타,승용,여,19세,경상,,,,
2018040900100043,2018년 4월 9일 05시,월요일,충청남도 천안시 동남구 원성동,중상사고,0,1,0,0,차대차 - 측면충돌,안전운전불이행,건조,맑음,교차로 - 교차로안,화물,남,60세,상해없음,이륜,남,55세,중상
2018040900100056,2018년 4월 9일 06시,월요일,충청남도 천안시 서북구 성정동,경상사고,0,0,3,0,차대차 - 정면충돌,신호위반,건조,맑음,교차로 - 교차로안,승용,여,42세,상해없음,화물,남,59세,경상
2018040900100105,2018년 4월 9일 08시,월요일,충청남도 공주시 의당면,부상신고사고,0,0,0,1,차량단독 - 기타,기타,건조,맑음,단일로 - 기타,승합,남,59세,상해없음,,,,
2018040900100107,2018년 4월 9일 08시,월요일,충청남도 예산군 삽교읍,경상사고,0,0,1,0,차대차 - 추돌,안전거리미확보,건조,맑음,단일로 - 기타,화물,남,74세,상해없음,승용,여,41세,경상
2018040900100108,2018년 4월 9일 08시,월요일,충청남도 천안시 동남구 구룡동,경상사고,0,0,2,0,차대차 - 추돌,안전거리미확보,건조,맑음,기타 - 기타,화물,남,27세,경상,승용,남,52세,경상
2018040900100148,2018년 4월 9일 09시,월요일,충청남도 부여군 부여읍,중상사고,0,1,1,0,차대차 - 측면충돌,교차로운행방법위반,건조,맑음,교차로 - 교차로안,화물,남,44세,상해없음,승용,남,70세,경상
2018040900100182,2018년 4월 9일 10시,월요일,충청남도 아산시 배방읍,경상사고,0,0,1,0,차대차 - 측면충돌,교차로운행방법위반,건조,맑음,교차로 - 교차로안,승용,여,34세,상해없음,승용,여,42세,경상
2018040900100183,2018년 4월 9일 10시,월요일,충청남도 공주시 옥룡동,경상사고,0,0,1,0,차대차 - 측면충돌,안전운전불이행,건조,맑음,기타 - 기타,화물,남,64세,상해없음,승용,여,54세,경상
2018040900100217,2018년 4월 9일 11시,월요일,충청남도 천안시 동남구 광덕면,중상사고,0,2,3,0,차대차 - 추돌,안전거리미확보,건조,맑음,기타 - 기타,승합,남,57세,상해없음,특수,남,61세,상해없음
2018040900100298,2018년 4월 9일 13시,월요일,충청남도 공주시 반포면,경상사고,0,0,1,0,차대사람 - 차도통행중,안전운전불이행,건조,맑음,기타 - 기타,승용,남,78세,상해없음,보행자,여,56세,경상
2018040900100327,2018년 4월 9일 14시,월요일,충청남도 공주시 반포면,경상사고,0,0,3,0,차대차 - 측면충돌,중앙선침범,건조,맑음,단일로 - 기타,승용,남,68세,상해없음,화물,남,31세,경상
2018040900100329,2018년 4월 9일 14시,월요일,충청남도 부여군 부여읍,사망사고,1,0,0,0,차대사람 - 횡단중,안전운전불이행,건조,맑음,교차로 - 교차로안,승용,남,28세,상해없음,보행자,여,74세,사망
2018040900100330,2018년 4월 9일 14시,월요일,충청남도 천안시 동남구 신부동,경상사고,0,0,1,0,차대차 - 기타,안전운전불이행,건조,맑음,단일로 - 기타,화물,남,59세,상해없음,승용,남,41세,경상
2018040900100366,2018년 4월 9일 15시,월요일,충청남도 천안시 서북구 두정동,경상사고,0,0,2,0,차대차 - 추돌,안전운전불이행,건조,맑음,교차로 - 교차로부근,승용,여,42세,상해없음,승용,여,31세,경상
2018040900100367,2018년 4월 9일 15시,월요일,충청남도 천안시 서북구 성정동,경상사고,0,0,3,0,차대차 - 추돌,안전운전불이행,건조,맑음,단일로 - 기타,승용,여,51세,경상,승용,여,32세,경상
2018040900100404,2018년 4월 9일 16시,월요일,충청남도 보령시 신흑동,중상사고,0,1,0,0,차대차 - 측면충돌,직진우회전진행방해,건조,맑음,교차로 - 교차로안,원동기,남,51세,중상,승용,여,47세,상해없음
2018040900100405,2018년 4월 9일 16시,월요일,충청남도 예산군 삽교읍,경상사고,0,0,1,0,차량단독 - 전도전복 - 전도,안전운전불이행,건조,맑음,단일로 - 기타,이륜,남,67세,경상,미분류,미분류,미분류,미분류
2018040900100447,2018년 4월 9일 17시,월요일,충청남도 금산군 추부면,사망사고,1,0,0,0,차대사람 - 횡단중,신호위반,건조,맑음,교차로 - 교차로안,승용,남,78세,상해없음,보행자,여,70세,사망
2018040900100492,2018년 4월 9일 18시,월요일,충청남도 아산시 남동,경상사고,0,0,1,0,차대차 - 측면충돌,안전운전불이행,건조,맑음,교차로 - 교차로안,승용,여,55세,기타불명,승용,여,51세,경상
2018040900100535,2018년 4월 9일 19시,월요일,충청남도 보령시 화산동,경상사고,0,0,2,0,차대차 - 추돌,안전운전불이행,건조,맑음,교차로 - 교차로부근,승용,여,57세,기타불명,화물,남,51세,경상
2018040900100536,2018년 4월 9일 19시,월요일,충청남도 예산군 고덕면,중상사고,0,1,0,0,차대사람 - 차도통행중,안전운전불이행,건조,맑음,단일로 - 기타,승용,남,68세,상해없음,보행자,남,60세,중상
2018040900100574,2018년 4월 9일 20시,월요일,충청남도 예산군 예산읍,경상사고,0,0,1,0,차대차 - 측면충돌,교차로운행방법위반,건조,맑음,교차로 - 교차로부근,승용,여,33세,상해없음,승용,여,29세,경상
2018040900100609,2018년 4월 9일 21시,월요일,충청남도 당진시 읍내리,경상사고,0,0,1,0,차대사람 - 횡단중,안전운전불이행,건조,맑음,교차로 - 교차로안,화물,남,42세,상해없음,보행자,여,51세,경상
2018040900100637,2018년 4월 9일 22시,월요일,충청남도 서산시 대산읍,경상사고,0,0,3,0,차대차 - 측면충돌,안전운전불이행,건조,맑음,교차로 - 교차로부근,화물,남,57세,경상,승용,남,63세,경상
2018041000100022,2018년 4월 10일 01시,화요일,충청남도 예산군 봉산면,중상사고,0,1,0,0,차량단독 - 도로외이탈 - 기타,안전운전불이행,건조,맑음,단일로 - 기타,승용,남,60세,중상,,,,
2018041000100082,2018년 4월 10일 07시,화요일,충청남도 예산군 대술면,중상사고,0,1,0,0,차대차 - 추돌,안전운전불이행,건조,맑음,단일로 - 터널,승용,남,67세,중상,건설기계,남,59세,상해없음
2018041000100156,2018년 4월 10일 09시,화요일,충청남도 서산시 대산읍,경상사고,0,0,1,0,차대차 - 측면충돌,안전거리미확보,건조,맑음,단일로 - 기타,화물,남,42세,상해없음,승용,남,33세,경상
2018041000100226,2018년 4월 10일 11시,화요일,충청남도 천안시 서북구 성정동,경상사고,0,0,1,0,차대차 - 추돌,안전거리미확보,건조,맑음,교차로 - 교차로부근,승용,남,58세,상해없음,승용,남,28세,경상
2018041000100255,2018년 4월 10일 12시,화요일,충청남도 천안시 동남구 목천읍,중상사고,0,1,2,0,차대차 - 추돌,안전운전불이행,건조,맑음,기타 - 기타,화물,여,36세,상해없음,승용,남,25세,중상
2018041000100279,2018년 4월 10일 13시,화요일,충청남도 서천군 장항읍,경상사고,0,0,7,0,차대차 - 측면충돌,신호위반,건조,맑음,교차로 - 교차로안,승용,여,47세,상해없음,승합,남,57세,상해없음
2018041000100280,2018년 4월 10일 13시,화요일,충청남도 공주시 반포면,경상사고,0,0,1,0,차대차 - 측면충돌,중앙선침범,건조,맑음,단일로 - 기타,승용,여,49세,기타불명,승용,남,59세,경상
2018041000100282,2018년 4월 10일 13시,화요일,충청남도 금산군 금산읍,경상사고,0,0,1,0,차대차 - 측면충돌,안전운전불이행,건조,맑음,교차로 - 교차로부근,화물,남,17세,상해없음,이륜,남,77세,경상
2018041000100283,2018년 4월 10일 13시,화요일,충청남도 태안군 태안읍,중상사고,0,1,0,0,차대차 - 측면충돌,안전운전불이행,건조,맑음,기타 - 기타,승용,남,77세,상해없음,이륜,남,73세,중상
2018041000100344,2018년 4월 10일 15시,화요일,충청남도 서산시 대산읍,중상사고,0,1,0,0,차대사람 - 횡단중,안전운전불이행,건조,맑음,단일로 - 기타,승용,여,55세,상해없음,보행자,여,9세,중상
2018041000100408,2018년 4월 10일 17시,화요일,충청남도 천안시 서북구 성정동,중상사고,0,1,0,0,차대차 - 추돌,안전거리미확보,건조,맑음,단일로 - 기타,승합,남,60세,상해없음,승용,남,35세,중상
2018041000100409,2018년 4월 10일 17시,화요일,충청남도 서천군 기산면,부상신고사고,0,0,0,1,차량단독 - 전도전복 - 전도,안전운전불이행,건조,맑음,단일로 - 기타,원동기,남,59세,부상신고,미분류,미분류,미분류,미분류
2018041000100411,2018년 4월 10일 17시,화요일,충청남도 예산군 예산읍,경상사고,0,0,1,0,차대사람 - 기타,안전운전불이행,건조,맑음,단일로 - 기타,승용,여,74세,상해없음,보행자,남,62세,경상
2018041000100412,2018년 4월 10일 17시,화요일,충청남도 천안시 동남구 신부동,경상사고,0,0,1,1,차대차 - 측면충돌,안전거리미확보,건조,맑음,단일로 - 기타,승용,여,39세,부상신고,화물,남,47세,경상
2018041000100462,2018년 4월 10일 18시,화요일,충청남도 천안시 서북구 직산읍,중상사고,0,1,1,0,차대차 - 측면충돌,신호위반,건조,맑음,교차로 - 교차로안,화물,남,62세,상해없음,승용,남,34세,경상
2018041000100494,2018년 4월 10일 19시,화요일,충청남도 천안시 동남구 안서동,경상사고,0,0,1,0,차대사람 - 횡단중,보행자보호의무위반,건조,맑음,교차로 - 교차로안,승용,여,53세,상해없음,보행자,여,29세,경상
2018041000100529,2018년 4월 10일 20시,화요일,충청남도 서산시 읍내동,중상사고,0,1,1,0,차대차 - 측면충돌,신호위반,건조,맑음,교차로 - 교차로안,승용,남,23세,경상,이륜,남,16세,중상
2018041000100530,2018년 4월 10일 20시,화요일,충청남도 서산시 석남동,경상사고,0,0,1,0,차대차 - 기타,중앙선침범,건조,맑음,단일로 - 기타,기타불명,기타불명,미분류,기타불명,이륜,남,17세,경상
2018041000100576,2018년 4월 10일 21시,화요일,충청남도 당진시 합덕읍,중상사고,0,1,0,0,차대사람 - 횡단중,안전운전불이행,젖음/습기,비,교차로 - 교차로부근,승용,남,47세,상해없음,보행자,남,68세,중상
2018041000100618,2018년 4월 10일 22시,화요일,충청남도 천안시 서북구 두정동,중상사고,0,2,0,0,차대차 - 정면충돌,신호위반,젖음/습기,비,교차로 - 교차로안,승용,남,25세,상해없음,승용,남,34세,중상
2018041000100619,2018년 4월 10일 22시,화요일,충청남도 천안시 서북구 쌍용동,사망사고,1,0,0,0,차대차 - 측면충돌,교차로운행방법위반,젖음/습기,비,교차로 - 교차로안,승용,남,40세,상해없음,이륜,남,49세,사망
2018041000100620,2018년 4월 10일 22시,화요일,충청남도 천안시 동남구 북면,경상사고,0,0,1,0,차대차 - 추돌,안전운전불이행,건조,맑음,단일로 - 기타,승용,남,50세,상해없음,승용,남,49세,기타불명
2018041000100649,2018년 4월 10일 23시,화요일,충청남도 서산시 동문동,부상신고사고,0,0,0,3,차대차 - 측면충돌,신호위반,젖음/습기,비,교차로 - 교차로안,승용,여,55세,부상신고,승용,남,25세,부상신고
2018041000100650,2018년 4월 10일 23시,화요일,충청남도 서산시 예천동,부상신고사고,0,0,0,2,차대차 - 추돌,안전운전불이행,젖음/습기,흐림,단일로 - 기타,승용,남,44세,상해없음,승용,남,46세,부상신고
2018041000100651,2018년 4월 10일 23시,화요일,충청남도 천안시 동남구 다가동,경상사고,0,0,1,0,차대사람 - 기타,안전운전불이행,젖음/습기,비,단일로 - 기타,화물,남,62세,상해없음,보행자,남,53세,경상
2018041000100652,2018년 4월 10일 23시,화요일,충청남도 천안시 동남구 안서동,경상사고,0,0,1,0,차대사람 - 기타,안전운전불이행,건조,맑음,교차로 - 교차로안,원동기,남,18세,상해없음,보행자,남,19세,경상
2018041100100047,2018년 4월 11일 04시,수요일,충청남도 당진시 읍내리,중상사고,0,1,0,0,차대차 - 측면충돌,신호위반,건조,맑음,교차로 - 교차로안,승합,남,42세,상해없음,승용,남,57세,중상
2018041100100156,2018년 4월 11일 09시,수요일,충청남도 천안시 서북구 백석동,경상사고,0,0,1,0,차대차 - 측면충돌,안전거리미확보,건조,맑음,단일로 - 기타,승용,남,70세,상해없음,화물,남,40세,상해없음
2018041100100157,2018년 4월 11일 09시,수요일,충청남도 공주시 신관동,중상사고,0,1,0,0,차량단독 - 공작물충돌,안전운전불이행,건조,맑음,교차로 - 교차로안,승용,남,57세,상해없음,,,,
2018041100100205,2018년 4월 11일 11시,수요일,충청남도 아산시 모종동,경상사고,0,0,1,0,차대사람 - 횡단중,보행자보호의무위반,건조,맑음,교차로 - 교차로횡단보도내,승용,여,38세,상해없음,보행자,여,65세,경상
2018041100100206,2018년 4월 11일 11시,수요일,충청남도 청양군 대치면,경상사고,0,0,2,0,차대차 - 후진중충돌,안전운전불이행,건조,맑음,교차로 - 교차로안,승용,여,49세,상해없음,화물,여,51세,경상
2018041100100233,2018년 4월 11일 12시,수요일,충청남도 천안시 동남구 북면,경상사고,0,0,3,0,차대차 - 측면충돌,중앙선침범,건조,맑음,단일로 - 기타,화물,남,26세,상해없음,승용,남,57세,경상
2018041100100293,2018년 4월 11일 14시,수요일,충청남도 당진시 채운동,중상사고,0,1,0,0,차대차 - 측면충돌,안전운전불이행,건조,맑음,단일로 - 기타,승용,남,44세,상해없음,이륜,남,85세,중상
2018041100100332,2018년 4월 11일 15시,수요일,충청남도 논산시 취암동,중상사고,0,1,0,0,차대차 - 추돌,과속,건조,맑음,단일로 - 기타,이륜,남,46세,중상,승용,남,19세,상해없음
2018041100100366,2018년 4월 11일 16시,수요일,충청남도 서산시 예천동,중상사고,0,1,0,0,차대차 - 후진중충돌,안전운전불이행,건조,맑음,주차장 - 주차장,승용,여,37세,상해없음,승용,남,38세,중상
2018041100100367,2018년 4월 11일 16시,수요일,충청남도 당진시 채운동,경상사고,0,0,1,0,차대사람 - 횡단중,보행자보호의무위반,건조,맑음,단일로 - 기타,승용,남,54세,상해없음,보행자,남,56세,경상
2018041100100368,2018년 4월 11일 16시,수요일,충청남도 천안시 동남구 원성동,경상사고,0,0,1,0,차대차 - 추돌,안전운전불이행,건조,맑음,단일로 - 기타,화물,남,45세,상해없음,승용,남,38세,경상
2018041100100369,2018년 4월 11일 16시,수요일,충청남도 천안시 동남구 원성동,경상사고,0,0,1,0,차대차 - 측면충돌,안전운전불이행,건조,맑음,단일로 - 기타,이륜,남,29세,경상,승용,여,31세,상해없음
2018041100100420,2018년 4월 11일 17시,수요일,충청남도 천안시 서북구 두정동,경상사고,0,0,1,0,차대차 - 기타,안전운전불이행,건조,맑음,단일로 - 기타,승용,남,26세,상해없음,자전거,남,39세,경상
2018041100100421,2018년 4월 11일 17시,수요일,충청남도 천안시 서북구 직산읍,경상사고,0,0,2,0,차대차 - 추돌,안전거리미확보,건조,맑음,단일로 - 기타,승용,남,28세,상해없음,승용,남,36세,경상
2018041100100422,2018년 4월 11일 17시,수요일,충청남도 공주시 신관동,경상사고,0,0,1,0,차대사람 - 차도통행중,안전운전불이행,건조,맑음,단일로 - 기타,승용,남,76세,상해없음,보행자,여,23세,경상