사고번호,사고일시,요일,시군구,사고내용,사망자수,중상자수,경상자수,부상신고자수,사고유형,법규위반,노면상태,기상상태,도로형태,가해운전자 차종,가해운전자 성별,가해운전자 연령,가해운전자 상해정도,피해운전자 차종,피해운전자 성별,피해운전자 연령,피해운전자 상해정도
2018041100100423,2018년 4월 11일 17시,수요일,충청남도 천안시 동남구 신부동,경상사고,0,0,3,0,차대차 - 추돌,안전운전불이행,건조,맑음,단일로 - 기타,승용,여,19세,기타불명,승용,남,55세,경상
2018041100100474,2018년 4월 11일 18시,수요일,충청남도 서천군 기산면,중상사고,0,1,0,0,차대차 - 측면충돌,중앙선침범,건조,맑음,교차로 - 교차로안,승용,남,77세,상해없음,이륜,남,66세,중상
2018041100100475,2018년 4월 11일 18시,수요일,충청남도 천안시 동남구 병천면,중상사고,0,1,0,0,차대차 - 측면충돌,교차로운행방법위반,건조,맑음,교차로 - 교차로안,승용,남,46세,상해없음,자전거,남,50세,중상
2018041100100512,2018년 4월 11일 19시,수요일,충청남도 서산시 석림동,경상사고,0,0,2,0,차대차 - 측면충돌,직진우회전진행방해,건조,맑음,교차로 - 교차로안,화물,남,32세,경상,승용,여,37세,경상
2018041100100543,2018년 4월 11일 20시,수요일,충청남도 부여군 부여읍,중상사고,0,1,0,0,차대사람 - 횡단중,안전운전불이행,건조,맑음,교차로 - 교차로안,승용,남,22세,상해없음,보행자,남,59세,중상
2018041100100587,2018년 4월 11일 22시,수요일,충청남도 공주시 반포면,경상사고,0,0,1,0,차대사람 - 길가장자리구역통행중,안전운전불이행,건조,맑음,기타 - 기타,승용,여,63세,상해없음,보행자,남,60세,경상
2018041100100612,2018년 4월 11일 23시,수요일,충청남도 천안시 서북구 두정동,경상사고,0,0,1,0,차대사람 - 길가장자리구역통행중,안전운전불이행,건조,맑음,단일로 - 기타,승용,남,25세,상해없음,보행자,남,28세,경상
2018041200100056,2018년 4월 12일 05시,목요일,충청남도 천안시 서북구 성정동,경상사고,0,0,2,0,차대차 - 정면충돌,안전운전불이행,건조,맑음,단일로 - 기타,승용,여,25세,상해없음,승합,남,57세,기타불명
2018041200100083,2018년 4월 12일 07시,목요일,충청남도 금산군 금산읍,중상사고,0,1,0,0,차대사람 - 차도통행중,안전운전불이행,건조,맑음,단일로 - 기타,화물,여,72세,상해없음,보행자,여,69세,중상
2018041200100122,2018년 4월 12일 08시,목요일,충청남도 당진시 읍내리,경상사고,0,0,1,0,차대차 - 측면충돌,직진우회전진행방해,건조,맑음,단일로 - 기타,승용,여,63세,상해없음,자전거,남,10세,경상
2018041200100123,2018년 4월 12일 08시,목요일,충청남도 천안시 동남구 다가동,경상사고,0,0,1,0,차량단독 - 기타,안전운전불이행,건조,맑음,단일로 - 기타,승합,남,46세,상해없음,,,,
2018041200100152,2018년 4월 12일 09시,목요일,충청남도 보령시 천북면,중상사고,0,1,0,0,차대사람 - 기타,안전운전불이행,기타,맑음,기타 - 기타,승용,남,73세,상해없음,보행자,여,75세,중상
2018041200100182,2018년 4월 12일 10시,목요일,충청남도 공주시 신관동,경상사고,0,0,2,0,차대차 - 추돌,안전운전불이행,건조,맑음,교차로 - 교차로안,승용,남,63세,상해없음,승용,남,29세,경상
2018041200100218,2018년 4월 12일 11시,목요일,충청남도 서산시 성연면,중상사고,0,1,0,0,차대차 - 측면충돌,신호위반,건조,맑음,교차로 - 교차로안,화물,남,56세,상해없음,승용,여,62세,중상
2018041200100280,2018년 4월 12일 13시,목요일,충청남도 서산시 대산읍,중상사고,0,1,1,0,차대차 - 추돌,안전운전불이행,건조,맑음,교차로 - 교차로부근,승용,남,90세 이상,중상,화물,남,66세,경상
2018041200100281,2018년 4월 12일 13시,목요일,충청남도 청양군 대치면,중상사고,0,2,1,0,차량단독 - 도로외이탈 - 추락,안전운전불이행,건조,맑음,단일로 - 기타,승용,남,62세,경상,,,,
2018041200100316,2018년 4월 12일 14시,목요일,충청남도 서산시 해미면,경상사고,0,0,1,0,차대차 - 측면충돌,신호위반,건조,맑음,교차로 - 교차로안,승합,남,51세,상해없음,승용,남,39세,경상
2018041200100351,2018년 4월 12일 15시,목요일,충청남도 천안시 서북구 쌍용동,중상사고,0,1,0,0,차대차 - 측면충돌,신호위반,건조,맑음,교차로 - 교차로안,승용,남,69세,상해없음,승용,남,27세,중상
2018041200100352,2018년 4월 12일 15시,목요일,충청남도 공주시 정안면,경상사고,0,0,3,0,차대차 - 기타,기타,건조,맑음,단일로 - 기타,화물,남,85세,상해없음,승용,남,51세,상해없음
2018041200100353,2018년 4월 12일 15시,목요일,충청남도 당진시 원당리,부상신고사고,0,0,0,1,차대사람 - 보도통행중,보행자보호의무위반,건조,맑음,교차로 - 교차로횡단보도내,기타불명,기타불명,미분류,기타불명,보행자,여,11세,부상신고
2018041200100391,2018년 4월 12일 16시,목요일,충청남도 공주시 정안면,중상사고,0,1,0,0,차량단독 - 기타,안전운전불이행,건조,맑음,기타 - 기타,이륜,남,86세,상해없음,,,,
2018041200100423,2018년 4월 12일 17시,목요일,충청남도 서산시 대산읍,경상사고,0,0,2,0,차대차 - 추돌,안전운전불이행,건조,맑음,단일로 - 기타,승합,남,51세,상해없음,승용,남,50세,경상
2018041200100424,2018년 4월 12일 17시,목요일,충청남도 천안시 서북구 성환읍,경상사고,0,0,1,0,차대사람 - 차도통행중,안전운전불이행,건조,맑음,교차로 - 교차로안,승용,여,40세,상해없음,보행자,여,90세 이상,경상
2018041200100425,2018년 4월 12일 17시,목요일,충청남도 논산시 연무읍,경상사고,0,0,1,0,차대사람 - 횡단중,안전운전불이행,건조,맑음,단일로 - 기타,승용,여,54세,상해없음,보행자,여,10세,경상
2018041200100426,2018년 4월 12일 17시,목요일,충청남도 논산시 연산면,중상사고,0,1,0,0,차대사람 - 횡단중,안전운전불이행,건조,맑음,교차로 - 교차로안,승용,남,49세,상해없음,보행자,남,64세,중상
2018041200100427,2018년 4월 12일 17시,목요일,충청남도 아산시 배미동,중상사고,0,1,0,0,차대차 - 측면충돌,안전운전불이행,건조,맑음,교차로 - 교차로안,이륜,남,90세 이상,중상,승용,여,52세,상해없음
2018041200100428,2018년 4월 12일 17시,목요일,충청남도 금산군 금산읍,중상사고,0,1,0,0,차량단독 - 전도전복 - 전도,안전운전불이행,건조,맑음,단일로 - 기타,사륜오토바이(ATV),남,68세,중상,미분류,미분류,미분류,미분류
2018041200100475,2018년 4월 12일 18시,목요일,충청남도 계룡시 신도안면,사망사고,1,0,0,0,차대사람 - 횡단중,안전운전불이행,건조,맑음,교차로 - 교차로안,승용,여,43세,상해없음,보행자,여,77세,사망
2018041200100476,2018년 4월 12일 18시,목요일,충청남도 예산군 덕산면,중상사고,0,1,0,0,차대차 - 기타,중앙선침범,건조,맑음,단일로 - 기타,화물,남,62세,상해없음,이륜,남,70세,중상
2018041200100477,2018년 4월 12일 18시,목요일,충청남도 당진시 원당리,부상신고사고,0,0,0,2,차대사람 - 횡단중,보행자보호의무위반,건조,맑음,교차로 - 교차로횡단보도내,기타불명,기타불명,미분류,기타불명,보행자,여,14세,부상신고
2018041200100554,2018년 4월 12일 20시,목요일,충청남도 천안시 서북구 직산읍,중상사고,0,1,0,0,차대차 - 측면충돌,안전운전불이행,건조,맑음,단일로 - 기타,승용,남,49세,상해없음,승용,남,56세,중상
2018041200100555,2018년 4월 12일 20시,목요일,충청남도 논산시 내동,경상사고,0,0,1,0,차대차 - 추돌,안전운전불이행,건조,맑음,교차로 - 교차로부근,승용,남,40세,상해없음,승용,남,75세,경상
2018041200100556,2018년 4월 12일 20시,목요일,충청남도 아산시 탕정면,경상사고,0,0,1,0,차대차 - 측면충돌,안전운전불이행,건조,맑음,교차로 - 교차로안,승용,남,58세,상해없음,승용,여,43세,경상
2018041200100598,2018년 4월 12일 21시,목요일,충청남도 천안시 서북구 성성동,중상사고,0,1,0,0,차대차 - 측면충돌,신호위반,건조,맑음,교차로 - 교차로안,자전거,남,36세,중상,승용,남,47세,상해없음
2018041300100085,2018년 4월 13일 07시,금요일,충청남도 천안시 서북구 백석동,경상사고,0,0,1,0,차대차 - 측면충돌,안전운전불이행,건조,맑음,단일로 - 기타,승용,여,53세,상해없음,승용,여,29세,경상
2018041300100086,2018년 4월 13일 07시,금요일,충청남도 서천군 종천면,경상사고,0,0,1,0,차대차 - 측면충돌,신호위반,건조,맑음,교차로 - 교차로안,화물,남,52세,상해없음,승용,여,22세,경상
2018041300100121,2018년 4월 13일 08시,금요일,충청남도 서산시 지곡면,중상사고,0,1,0,0,차대차 - 측면충돌,안전운전불이행,건조,맑음,단일로 - 기타,승용,남,55세,상해없음,승용,여,35세,중상
2018041300100122,2018년 4월 13일 08시,금요일,충청남도 아산시 배방읍,경상사고,0,0,2,0,차대차 - 측면충돌,안전운전불이행,건조,맑음,단일로 - 기타,승용,여,33세,상해없음,승용,여,29세,경상
2018041300100123,2018년 4월 13일 08시,금요일,충청남도 공주시 신관동,경상사고,0,0,1,0,차대사람 - 횡단중,보행자보호의무위반,건조,맑음,교차로 - 교차로횡단보도내,승용,여,42세,상해없음,보행자,남,67세,경상
2018041300100167,2018년 4월 13일 09시,금요일,충청남도 서산시 읍내동,중상사고,0,2,2,0,차대차 - 추돌,안전운전불이행,건조,맑음,교차로 - 교차로부근,승용,남,77세,중상,승용,남,72세,경상
2018041300100199,2018년 4월 13일 10시,금요일,충청남도 천안시 서북구 불당동,경상사고,0,0,1,0,차대차 - 측면충돌,안전운전불이행,건조,맑음,교차로 - 교차로안,승합,여,42세,상해없음,승용,여,39세,경상
2018041300100200,2018년 4월 13일 10시,금요일,충청남도 논산시 연산면,경상사고,0,0,1,0,차대차 - 추돌,안전운전불이행,건조,맑음,교차로 - 교차로부근,승합,남,63세,상해없음,승용,남,61세,경상
2018041300100231,2018년 4월 13일 11시,금요일,충청남도 천안시 서북구 입장면,중상사고,0,1,2,0,차대차 - 측면충돌,직진우회전진행방해,건조,맑음,교차로 - 교차로부근,특수,남,50세,상해없음,승용,남,57세,경상
2018041300100256,2018년 4월 13일 12시,금요일,충청남도 서산시 음암면,중상사고,0,1,0,0,차대차 - 기타,차로위반,건조,맑음,단일로 - 기타,승용,남,22세,상해없음,승용,여,62세,중상
2018041300100282,2018년 4월 13일 13시,금요일,충청남도 예산군 오가면,경상사고,0,0,3,0,차대차 - 추돌,안전거리미확보,건조,맑음,기타 - 기타,화물,남,58세,상해없음,승용,여,43세,경상
2018041300100342,2018년 4월 13일 15시,금요일,충청남도 천안시 서북구 성정동,중상사고,0,1,1,0,차대사람 - 횡단중,신호위반,건조,맑음,교차로 - 교차로안,승용,남,53세,상해없음,보행자,여,44세,경상
2018041300100343,2018년 4월 13일 15시,금요일,충청남도 천안시 동남구 신부동,중상사고,0,1,0,0,차대사람 - 기타,안전운전불이행,건조,맑음,단일로 - 기타,승용,남,43세,상해없음,보행자,여,47세,중상
2018041300100389,2018년 4월 13일 16시,금요일,충청남도 서산시 해미면,경상사고,0,0,1,0,차대사람 - 기타,안전운전불이행,건조,맑음,단일로 - 기타,승용,여,27세,상해없음,보행자,남,15세,경상
2018041300100390,2018년 4월 13일 16시,금요일,충청남도 예산군 예산읍,경상사고,0,0,1,0,차대사람 - 기타,안전운전불이행,건조,맑음,교차로 - 교차로안,화물,남,43세,상해없음,보행자,남,29세,경상
2018041300100469,2018년 4월 13일 18시,금요일,충청남도 천안시 서북구 불당동,경상사고,0,0,1,0,차대차 - 추돌,안전운전불이행,건조,맑음,교차로 - 교차로안,화물,남,26세,상해없음,승용,여,41세,경상
2018041300100470,2018년 4월 13일 18시,금요일,충청남도 천안시 서북구 직산읍,경상사고,0,0,1,0,차대차 - 추돌,안전운전불이행,건조,맑음,교차로 - 교차로부근,화물,남,36세,상해없음,승용,남,48세,경상
2018041300100471,2018년 4월 13일 18시,금요일,충청남도 공주시 신관동,중상사고,0,2,6,3,차대차 - 측면충돌,신호위반,건조,맑음,교차로 - 교차로안,승용,남,29세,경상,승합,남,62세,기타불명
2018041300100499,2018년 4월 13일 19시,금요일,충청남도 공주시 신관동,경상사고,0,0,1,0,차대차 - 측면충돌,안전운전불이행,건조,맑음,교차로 - 교차로안,승용,여,63세,상해없음,이륜,남,18세,경상
2018041300100542,2018년 4월 13일 20시,금요일,충청남도 공주시 정안면,중상사고,0,1,0,1,차대차 - 추돌,안전운전불이행,건조,맑음,단일로 - 기타,이륜,남,55세,부상신고,승용,남,27세,상해없음
2018041300100543,2018년 4월 13일 20시,금요일,충청남도 태안군 이원면,중상사고,0,1,0,0,차대사람 - 차도통행중,안전운전불이행,건조,흐림,단일로 - 기타,승용,남,68세,상해없음,보행자,남,79세,중상
2018041300100652,2018년 4월 13일 23시,금요일,충청남도 천안시 동남구 다가동,경상사고,0,0,1,0,차대차 - 측면충돌,신호위반,건조,맑음,교차로 - 교차로안,이륜,남,18세,상해없음,자전거,남,51세,경상
2018041400100007,2018년 4월 14일 00시,토요일,충청남도 천안시 서북구 와촌동,경상사고,0,0,2,0,차대차 - 측면충돌,교차로운행방법위반,건조,맑음,교차로 - 교차로안,승용,남,43세,상해없음,승용,여,26세,경상
2018041400100044,2018년 4월 14일 02시,토요일,충청남도 당진시 송악읍,경상사고,0,0,1,0,차대차 - 측면충돌,신호위반,건조,맑음,교차로 - 교차로안,승용,남,28세,상해없음,화물,남,48세,경상
2018041400100072,2018년 4월 14일 03시,토요일,충청남도 천안시 서북구 불당동,경상사고,0,0,1,0,차대차 - 기타,안전운전불이행,건조,맑음,단일로 - 기타,승용,남,25세,상해없음,승용,남,35세,경상
2018041400100085,2018년 4월 14일 04시,토요일,충청남도 천안시 동남구 신방동,경상사고,0,0,1,0,차대차 - 측면충돌,안전운전불이행,건조,맑음,교차로 - 교차로안,승용,남,27세,상해없음,승용,남,48세,경상
2018041400100103,2018년 4월 14일 05시,토요일,충청남도 서산시 성연면,경상사고,0,0,1,0,차대차 - 추돌,안전운전불이행,젖음/습기,비,교차로 - 교차로부근,승용,남,27세,상해없음,승용,여,52세,경상
2018041400100104,2018년 4월 14일 05시,토요일,충청남도 예산군 삽교읍,사망사고,1,0,0,0,차량단독 - 공작물충돌,안전운전불이행,젖음/습기,비,기타 - 기타,화물,남,59세,사망,,,,
2018041400100117,2018년 4월 14일 06시,토요일,충청남도 천안시 서북구 성정동,경상사고,0,0,1,0,차대차 - 기타,안전운전불이행,젖음/습기,비,교차로 - 교차로부근,승용,남,42세,상해없음,승용,남,53세,경상
2018041400100119,2018년 4월 14일 06시,토요일,충청남도 천안시 동남구 목천읍,경상사고,0,0,1,0,차대차 - 추돌,안전운전불이행,젖음/습기,비,교차로 - 교차로부근,화물,남,40세,상해없음,승용,남,45세,경상
2018041400100136,2018년 4월 14일 07시,토요일,충청남도 천안시 서북구 두정동,경상사고,0,0,5,0,차대차 - 기타,안전운전불이행,젖음/습기,비,단일로 - 기타,승합,남,37세,상해없음,승용,남,22세,상해없음
2018041400100137,2018년 4월 14일 07시,토요일,충청남도 공주시 의당면,중상사고,0,1,0,0,차량단독 - 공작물충돌,안전운전불이행,젖음/습기,비,단일로 - 기타,승용,남,60세,중상,,,,
2018041400100151,2018년 4월 14일 08시,토요일,충청남도 천안시 동남구 쌍용동,경상사고,0,0,1,0,차대차 - 기타,차로위반,건조,맑음,단일로 - 기타,승용,남,72세,상해없음,승용,남,38세,경상
2018041400100176,2018년 4월 14일 09시,토요일,충청남도 예산군 예산읍,경상사고,0,0,3,0,차대차 - 측면충돌,교차로운행방법위반,젖음/습기,비,교차로 - 교차로안,승용,여,64세,상해없음,승용,여,22세,경상
2018041400100177,2018년 4월 14일 09시,토요일,충청남도 천안시 동남구 신부동,중상사고,0,1,0,0,차대사람 - 기타,기타,건조,맑음,단일로 - 기타,승합,남,53세,상해없음,보행자,여,62세,중상
2018041400100178,2018년 4월 14일 09시,토요일,충청남도 공주시 의당면,중상사고,0,1,7,0,차대차 - 추돌,안전운전불이행,젖음/습기,비,단일로 - 기타,승용,남,50세,상해없음,승합,남,41세,경상
2018041400100229,2018년 4월 14일 11시,토요일,충청남도 아산시 권곡동,경상사고,0,0,1,0,차대차 - 후진중충돌,안전운전불이행,젖음/습기,흐림,단일로 - 기타,승용,여,39세,상해없음,승용,남,42세,경상
2018041400100230,2018년 4월 14일 11시,토요일,충청남도 보령시 화산동,경상사고,0,0,1,0,차대차 - 측면충돌,안전거리미확보,젖음/습기,비,교차로 - 교차로부근,승용,여,60세,상해없음,승용,남,45세,경상
2018041400100302,2018년 4월 14일 13시,토요일,충청남도 천안시 서북구 성정동,부상신고사고,0,0,0,1,차대차 - 정면충돌,신호위반,젖음/습기,흐림,교차로 - 교차로부근,자전거,남,52세,부상신고,승합,남,21세,기타불명
2018041400100303,2018년 4월 14일 13시,토요일,충청남도 예산군 광시면,사망사고,3,0,2,0,차대차 - 측면충돌,중앙선침범,젖음/습기,비,교차로 - 교차로부근,승용,여,60세,사망,승용,남,46세,경상
2018041400100336,2018년 4월 14일 14시,토요일,충청남도 공주시 탄천면,중상사고,0,1,3,0,차대차 - 측면충돌,신호위반,젖음/습기,흐림,교차로 - 교차로안,승합,남,55세,상해없음,승합,남,49세,중상
2018041400100337,2018년 4월 14일 14시,토요일,충청남도 천안시 동남구 성남면,경상사고,0,0,1,0,차대차 - 측면충돌,신호위반,젖음/습기,흐림,교차로 - 교차로안,승용,여,55세,상해없음,승용,남,60세,경상
2018041400100368,2018년 4월 14일 15시,토요일,충청남도 공주시 금성동,경상사고,0,0,3,0,차대차 - 측면충돌,신호위반,젖음/습기,흐림,교차로 - 교차로안,승용,남,74세,경상,화물,남,24세,경상
2018041400100370,2018년 4월 14일 15시,토요일,충청남도 천안시 동남구 신부동,경상사고,0,0,1,0,차대사람 - 기타,안전운전불이행,건조,맑음,단일로 - 기타,승용,남,58세,상해없음,보행자,남,46세,경상
2018041400100400,2018년 4월 14일 16시,토요일,충청남도 태안군 근흥면,경상사고,0,0,1,0,차대사람 - 횡단중,안전운전불이행,젖음/습기,흐림,단일로 - 기타,승용,여,24세,상해없음,보행자,여,79세,경상
2018041400100430,2018년 4월 14일 17시,토요일,충청남도 당진시 송악읍,경상사고,0,0,1,0,차대차 - 측면충돌,안전운전불이행,건조,맑음,단일로 - 기타,승용,남,59세,경상,승용,남,61세,상해없음
2018041400100452,2018년 4월 14일 18시,토요일,충청남도 천안시 동남구 원성동,경상사고,0,0,1,0,차대사람 - 횡단중,보행자보호의무위반,건조,맑음,단일로 - 기타,승용,여,53세,상해없음,보행자,여,20세,경상
2018041400100476,2018년 4월 14일 19시,토요일,충청남도 공주시 신관동,경상사고,0,0,1,0,차대사람 - 횡단중,안전운전불이행,건조,맑음,교차로 - 교차로안,승용,남,59세,상해없음,보행자,남,64세,경상
2018041400100477,2018년 4월 14일 19시,토요일,충청남도 당진시 순성면,경상사고,0,0,1,0,차대차 - 추돌,안전운전불이행,건조,흐림,단일로 - 기타,승용,여,43세,경상,승합,여,56세,상해없음
2018041400100478,2018년 4월 14일 19시,토요일,충청남도 천안시 동남구 영성동,경상사고,0,0,2,0,차대차 - 측면충돌,중앙선침범,건조,맑음,단일로 - 기타,승용,여,53세,상해없음,승용,여,27세,경상
2018041400100479,2018년 4월 14일 19시,토요일,충청남도 천안시 동남구 구성동,경상사고,0,0,1,0,차대차 - 추돌,안전운전불이행,건조,맑음,단일로 - 기타,승용,남,45세,상해없음,이륜,남,47세,경상
2018041400100504,2018년 4월 14일 20시,토요일,충청남도 천안시 서북구 성성동,경상사고,0,0,3,0,차대차 - 기타,안전거리미확보,건조,맑음,단일로 - 기타,화물,남,38세,상해없음,승용,남,41세,경상
2018041400100548,2018년 4월 14일 22시,토요일,충청남도 예산군 삽교읍,경상사고,0,0,1,0,차대차 - 추돌,안전운전불이행,건조,맑음,단일로 - 기타,승용,남,34세,상해없음,승용,남,62세,경상
2018041500100009,2018년 4월 15일 00시,일요일,충청남도 천안시 서북구 성거읍,중상사고,0,1,0,0,차량단독 - 기타,안전운전불이행,건조,맑음,단일로 - 기타,승용,남,22세,중상,,,,
2018041500100010,2018년 4월 15일 00시,일요일,충청남도 보령시 남포면,중상사고,0,2,1,0,차량단독 - 도로외이탈 - 추락,안전운전불이행,건조,맑음,교차로 - 교차로부근,승용,남,28세,경상,,,,
2018041500100011,2018년 4월 15일 00시,일요일,충청남도 당진시 송산면,중상사고,0,1,0,0,차량단독 - 공작물충돌,안전운전불이행,건조,흐림,단일로 - 기타,승용,여,39세,중상,,,,
2018041500100032,2018년 4월 15일 02시,일요일,충청남도 금산군 금성면,중상사고,0,1,0,0,차량단독 - 공작물충돌,안전운전불이행,젖음/습기,비,교차로 - 교차로안,승용,남,55세,중상,,,,
2018041500100089,2018년 4월 15일 08시,일요일,충청남도 천안시 동남구 신부동,경상사고,0,0,3,0,차대차 - 측면충돌,안전운전불이행,건조,맑음,단일로 - 기타,승용,남,45세,상해없음,화물,남,38세,경상
2018041500100103,2018년 4월 15일 09시,일요일,충청남도 천안시 서북구 불당동,중상사고,0,1,0,0,차대사람 - 횡단중,보행자보호의무위반,건조,맑음,교차로 - 교차로횡단보도내,승합,남,50세,상해없음,보행자,여,15세,중상
2018041500100104,2018년 4월 15일 09시,일요일,충청남도 천안시 서북구 성정동,경상사고,0,0,1,0,차대차 - 측면충돌,교차로운행방법위반,건조,맑음,교차로 - 교차로안,승용,남,25세,상해없음,승용,남,40세,경상
2018041500100105,2018년 4월 15일 09시,일요일,충청남도 서천군 서천읍,부상신고사고,0,0,0,1,차량단독 - 도로외이탈 - 추락,안전운전불이행,건조,맑음,주차장 - 주차장,승용,남,80세,부상신고,,,,
2018041500100106,2018년 4월 15일 09시,일요일,충청남도 서천군 서천읍,부상신고사고,0,0,0,1,차대차 - 측면충돌,직진우회전진행방해,건조,맑음,교차로 - 교차로안,원동기,남,86세,부상신고,승용,남,68세,상해없음
2018041500100107,2018년 4월 15일 09시,일요일,충청남도 공주시 사곡면,중상사고,0,1,0,0,차대차 - 측면충돌,안전운전불이행,건조,맑음,교차로 - 교차로안,이륜,남,76세,중상,승용,남,66세,상해없음
2018041500100150,2018년 4월 15일 11시,일요일,충청남도 논산시 강경읍,중상사고,0,1,0,0,차대사람 - 횡단중,안전운전불이행,건조,맑음,단일로 - 기타,승용,남,39세,상해없음,보행자,여,2세,중상
2018041500100203,2018년 4월 15일 13시,일요일,충청남도 서산시 동문동,중상사고,0,1,0,0,차대차 - 측면충돌,교차로운행방법위반,건조,맑음,교차로 - 교차로안,승용,남,26세,상해없음,승용,여,56세,중상
2018041500100204,2018년 4월 15일 13시,일요일,충청남도 아산시 용화동,사망사고,1,0,0,0,차량단독 - 기타,안전운전불이행,건조,맑음,단일로 - 기타,자전거,남,74세,사망,,,,
2018041500100205,2018년 4월 15일 13시,일요일,충청남도 보령시 웅천읍,경상사고,0,0,3,0,차대차 - 측면충돌,안전운전불이행,건조,맑음,교차로 - 교차로안,화물,남,56세,상해없음,승용,남,37세,경상
2018041500100206,2018년 4월 15일 13시,일요일,충청남도 천안시 동남구 병천면,중상사고,0,1,0,0,차량단독 - 전도전복 - 전도,안전운전불이행,건조,맑음,교차로 - 교차로안,원동기,남,22세,상해없음,미분류,미분류,미분류,미분류
2018041500100207,2018년 4월 15일 13시,일요일,충청남도 천안시 동남구 신부동,경상사고,0,0,1,0,차대차 - 기타,차로위반,건조,맑음,교차로 - 교차로부근,승용,여,53세,상해없음,승용,남,37세,상해없음
2018041500100274,2018년 4월 15일 15시,일요일,충청남도 천안시 서북구 불당동,경상사고,0,0,1,0,차대차 - 측면충돌,안전운전불이행,건조,맑음,단일로 - 기타,승용,여,56세,상해없음,이륜,남,21세,경상
2018041500100275,2018년 4월 15일 15시,일요일,충청남도 당진시 송산면,중상사고,0,1,1,0,차대차 - 기타,안전운전불이행,건조,맑음,단일로 - 기타,승용,남,46세,상해없음,승용,여,65세,중상
2018041500100330,2018년 4월 15일 17시,일요일,충청남도 천안시 서북구 성정동,경상사고,0,0,4,0,차대차 - 추돌,안전운전불이행,건조,맑음,단일로 - 기타,승용,남,25세,상해없음,승용,남,41세,경상
2018041500100331,2018년 4월 15일 17시,일요일,충청남도 아산시 염치읍,경상사고,0,0,3,0,차대차 - 추돌,안전운전불이행,건조,맑음,교차로 - 교차로부근,승용,남,43세,상해없음,승용,여,28세,경상
2018041500100332,2018년 4월 15일 17시,일요일,충청남도 보령시 대천동,중상사고,0,1,0,0,차대차 - 측면충돌,안전운전불이행,건조,맑음,교차로 - 교차로부근,특수,남,25세,상해없음,자전거,남,83세,중상
2018041500100334,2018년 4월 15일 17시,일요일,충청남도 당진시 송악읍,중상사고,0,1,0,0,차대사람 - 기타,안전운전불이행,건조,맑음,단일로 - 기타,승용,남,76세,상해없음,보행자,남,71세,중상
2018041500100335,2018년 4월 15일 17시,일요일,충청남도 당진시 정미면,경상사고,0,0,1,0,차대차 - 기타,중앙선침범,건조,맑음,단일로 - 기타,화물,남,69세,상해없음,승용,남,41세,경상
2018041500100336,2018년 4월 15일 17시,일요일,충청남도 천안시 동남구 구성동,경상사고,0,0,1,0,차대차 - 측면충돌,안전운전불이행,건조,맑음,단일로 - 기타,승용,남,24세,상해없음,화물,남,71세,경상
2018041500100371,2018년 4월 15일 18시,일요일,충청남도 서산시 인지면,중상사고,0,1,0,0,차대차 - 측면충돌,안전운전불이행,건조,맑음,단일로 - 기타,승용,여,44세,중상,승용,남,47세,상해없음
2018041500100372,2018년 4월 15일 18시,일요일,충청남도 공주시 반포면,경상사고,0,0,3,0,차대차 - 추돌,안전운전불이행,건조,흐림,단일로 - 기타,승용,남,48세,상해없음,승용,여,61세,경상
2018041500100373,2018년 4월 15일 18시,일요일,충청남도 천안시 동남구 원성동,경상사고,0,0,1,0,차대사람 - 횡단중,안전운전불이행,건조,맑음,교차로 - 교차로안,승용,여,58세,상해없음,보행자,남,27세,경상
2018041500100374,2018년 4월 15일 18시,일요일,충청남도 천안시 동남구 영성동,중상사고,0,1,0,0,차대차 - 정면충돌,안전운전불이행,건조,맑음,단일로 - 기타,자전거,남,16세,상해없음,자전거,남,12세,중상
2018041500100399,2018년 4월 15일 19시,일요일,충청남도 천안시 서북구 성성동,중상사고,0,1,0,0,차량단독 - 전도전복 - 전복,안전운전불이행,건조,맑음,단일로 - 기타,승용,남,46세,중상,미분류,미분류,미분류,미분류
2018041500100423,2018년 4월 15일 20시,일요일,충청남도 아산시 읍내동,경상사고,0,0,1,0,차대사람 - 기타,안전운전불이행,건조,맑음,단일로 - 기타,승용,여,55세,상해없음,보행자,남,24세,경상
2018041500100424,2018년 4월 15일 20시,일요일,충청남도 당진시 시곡리,경상사고,0,0,1,0,차대차 - 기타,안전운전불이행,건조,맑음,단일로 - 기타,화물,남,57세,상해없음,승용,남,39세,상해없음
2018041500100457,2018년 4월 15일 21시,일요일,충청남도 공주시 금학동,경상사고,0,0,1,0,차대차 - 정면충돌,안전운전불이행,건조,흐림,단일로 - 기타,승용,남,54세,상해없음,이륜,남,49세,경상
2018041500100488,2018년 4월 15일 22시,일요일,충청남도 홍성군 홍성읍,사망사고,1,0,0,0,차량단독 - 공작물충돌,안전운전불이행,건조,맑음,단일로 - 기타,승용,여,61세,사망,,,,
2018041600100004,2018년 4월 16일 00시,월요일,충청남도 아산시 온천동,경상사고,0,0,1,0,차대차 - 기타,안전운전불이행,건조,맑음,교차로 - 교차로안,기타불명,기타불명,미분류,기타불명,이륜,남,16세,경상
2018041600100030,2018년 4월 16일 04시,월요일,충청남도 천안시 서북구 백석동,경상사고,0,0,4,0,차대차 - 추돌,안전운전불이행,건조,기타,교차로 - 교차로부근,승용,남,36세,상해없음,승용,남,56세,경상