사고번호,사고일시,요일,시군구,사고내용,사망자수,중상자수,경상자수,부상신고자수,사고유형,법규위반,노면상태,기상상태,도로형태,가해운전자 차종,가해운전자 성별,가해운전자 연령,가해운전자 상해정도,피해운전자 차종,피해운전자 성별,피해운전자 연령,피해운전자 상해정도
2018041600100040,2018년 4월 16일 05시,월요일,충청남도 당진시 사기소리,사망사고,1,0,0,0,차량단독 - 기타,안전운전불이행,건조,맑음,기타 - 기타,특수,남,48세,사망,,,,
2018041600100084,2018년 4월 16일 07시,월요일,충청남도 당진시 채운동,중상사고,0,1,1,0,차대차 - 기타,신호위반,건조,맑음,교차로 - 교차로안,화물,남,59세,상해없음,승용,여,31세,경상
2018041600100126,2018년 4월 16일 08시,월요일,충청남도 홍성군 구항면,경상사고,0,0,1,0,차대차 - 추돌,안전운전불이행,건조,맑음,단일로 - 기타,승용,여,43세,상해없음,승용,여,42세,경상
2018041600100127,2018년 4월 16일 08시,월요일,충청남도 태안군 원북면,중상사고,0,1,0,0,차대차 - 추돌,안전거리미확보,건조,맑음,단일로 - 기타,이륜,남,74세,중상,승용,남,42세,상해없음
2018041600100225,2018년 4월 16일 11시,월요일,충청남도 아산시 둔포면,경상사고,0,0,1,0,차대사람 - 기타,안전운전불이행,건조,맑음,교차로 - 교차로안,승용,남,38세,상해없음,보행자,여,79세,경상
2018041600100253,2018년 4월 16일 12시,월요일,충청남도 홍성군 홍북읍,경상사고,0,0,1,0,차대차 - 기타,신호위반,건조,맑음,교차로 - 교차로안,승용,남,28세,상해없음,승용,남,21세,경상
2018041600100254,2018년 4월 16일 12시,월요일,충청남도 서천군 마서면,경상사고,0,0,1,0,차대차 - 측면충돌,중앙선침범,건조,맑음,단일로 - 기타,화물,남,61세,상해없음,승용,남,82세,경상
2018041600100255,2018년 4월 16일 12시,월요일,충청남도 공주시 금학동,경상사고,0,0,1,0,차대사람 - 차도통행중,안전운전불이행,건조,맑음,교차로 - 교차로안,화물,남,40세,상해없음,보행자,남,90세 이상,경상
2018041600100256,2018년 4월 16일 12시,월요일,충청남도 태안군 태안읍,경상사고,0,0,1,0,차대차 - 기타,안전거리미확보,건조,맑음,단일로 - 기타,화물,남,45세,상해없음,승용,여,42세,경상
2018041600100317,2018년 4월 16일 14시,월요일,충청남도 서산시 동문동,경상사고,0,0,1,0,차대사람 - 보도통행중,보행자보호의무위반,건조,맑음,교차로 - 교차로안,승용,남,54세,기타불명,보행자,여,33세,경상
2018041600100318,2018년 4월 16일 14시,월요일,충청남도 당진시 대덕리,경상사고,0,0,1,0,차대사람 - 보도통행중,안전운전불이행,건조,맑음,단일로 - 기타,승합,여,41세,상해없음,보행자,남,83세,경상
2018041600100376,2018년 4월 16일 16시,월요일,충청남도 서산시 동문동,경상사고,0,0,1,0,차대사람 - 차도통행중,안전운전불이행,건조,맑음,교차로 - 교차로안,화물,남,79세,상해없음,보행자,여,57세,경상
2018041600100377,2018년 4월 16일 16시,월요일,충청남도 금산군 제원면,중상사고,0,1,0,0,차대차 - 측면충돌,교차로운행방법위반,건조,맑음,교차로 - 교차로안,건설기계,남,73세,상해없음,이륜,남,88세,중상
2018041600100378,2018년 4월 16일 16시,월요일,충청남도 천안시 동남구 봉명동,경상사고,0,0,3,0,차대차 - 측면충돌,안전운전불이행,건조,맑음,교차로 - 교차로안,승용,여,27세,경상,승용,남,62세,상해없음
2018041600100422,2018년 4월 16일 17시,월요일,충청남도 천안시 서북구 직산읍,경상사고,0,0,2,0,차대차 - 측면충돌,교차로운행방법위반,건조,맑음,교차로 - 교차로안,승용,남,72세,경상,승용,남,30세,경상
2018041600100423,2018년 4월 16일 17시,월요일,충청남도 천안시 서북구 성성동,경상사고,0,0,2,0,차대차 - 기타,안전운전불이행,건조,맑음,단일로 - 기타,승용,남,25세,기타불명,승합,남,43세,경상
2018041600100424,2018년 4월 16일 17시,월요일,충청남도 아산시 온천동,경상사고,0,0,1,0,차대사람 - 기타,안전운전불이행,건조,맑음,단일로 - 기타,화물,남,61세,상해없음,보행자,남,46세,경상
2018041600100464,2018년 4월 16일 18시,월요일,충청남도 천안시 서북구 성정동,경상사고,0,0,1,0,차대차 - 측면충돌,직진우회전진행방해,건조,맑음,교차로 - 교차로안,승용,남,66세,상해없음,승용,남,40세,경상
2018041600100465,2018년 4월 16일 18시,월요일,충청남도 금산군 금산읍,경상사고,0,0,1,0,차대차 - 측면충돌,안전운전불이행,건조,맑음,단일로 - 기타,자전거,여,70세,경상,승용,여,44세,상해없음
2018041600100504,2018년 4월 16일 19시,월요일,충청남도 태안군 태안읍,중상사고,0,1,0,0,차량단독 - 공작물충돌,안전운전불이행,건조,맑음,교차로 - 교차로부근,승용,남,46세,중상,,,,
2018041600100529,2018년 4월 16일 20시,월요일,충청남도 서산시 석남동,경상사고,0,0,1,0,차대차 - 측면충돌,안전운전불이행,건조,맑음,단일로 - 기타,자전거,남,13세,경상,승용,여,25세,상해없음
2018041600100530,2018년 4월 16일 20시,월요일,충청남도 천안시 서북구 직산읍,경상사고,0,0,1,0,차대차 - 측면충돌,차로위반,건조,맑음,교차로 - 교차로부근,승용,남,36세,상해없음,이륜,남,17세,경상
2018041600100531,2018년 4월 16일 20시,월요일,충청남도 천안시 서북구 불당동,경상사고,0,0,2,0,차대차 - 기타,안전운전불이행,건조,맑음,교차로 - 교차로안,승용,남,34세,상해없음,승용,남,40세,경상
2018041600100532,2018년 4월 16일 20시,월요일,충청남도 논산시 강경읍,중상사고,0,1,2,0,차대차 - 기타,중앙선침범,건조,맑음,교차로 - 교차로부근,승용,남,52세,상해없음,승용,여,45세,경상
2018041600100562,2018년 4월 16일 21시,월요일,충청남도 부여군 양화면,경상사고,0,0,2,0,차대차 - 측면충돌,안전운전불이행,건조,맑음,단일로 - 기타,승용,남,42세,경상,승용,여,20세,경상
2018041700100079,2018년 4월 17일 07시,화요일,충청남도 서산시 대산읍,중상사고,0,1,0,0,차대차 - 측면충돌,중앙선침범,건조,맑음,단일로 - 기타,화물,남,51세,상해없음,승용,남,68세,중상
2018041700100114,2018년 4월 17일 08시,화요일,충청남도 천안시 동남구 봉명동,경상사고,0,0,1,0,차대차 - 측면충돌,안전운전불이행,건조,맑음,교차로 - 교차로안,승용,여,55세,상해없음,승용,남,23세,경상
2018041700100145,2018년 4월 17일 09시,화요일,충청남도 서산시 지곡면,경상사고,0,0,2,0,차대차 - 측면충돌,신호위반,건조,맑음,교차로 - 교차로안,건설기계,남,58세,경상,승용,남,46세,경상
2018041700100146,2018년 4월 17일 09시,화요일,충청남도 보령시 오천면,중상사고,0,1,0,0,차대차 - 측면충돌,중앙선침범,건조,맑음,단일로 - 기타,승용,남,31세,상해없음,승용,남,44세,중상
2018041700100179,2018년 4월 17일 10시,화요일,충청남도 서산시 인지면,중상사고,0,2,0,0,차대차 - 측면충돌,과속,건조,맑음,교차로 - 교차로안,건설기계,남,47세,중상,건설기계,남,63세,중상
2018041700100180,2018년 4월 17일 10시,화요일,충청남도 아산시 온천동,부상신고사고,0,0,0,1,차대사람 - 횡단중,보행자보호의무위반,건조,맑음,교차로 - 교차로안,승합,여,45세,상해없음,보행자,남,69세,부상신고
2018041700100181,2018년 4월 17일 10시,화요일,충청남도 당진시 송산면,경상사고,0,0,3,0,차대차 - 측면충돌,직진우회전진행방해,건조,맑음,교차로 - 교차로안,승용,여,35세,경상,승용,여,59세,경상
2018041700100246,2018년 4월 17일 12시,화요일,충청남도 논산시 내동,중상사고,0,1,0,0,차량단독 - 기타,안전운전불이행,건조,맑음,교차로 - 교차로안,승용,남,59세,상해없음,,,,
2018041700100275,2018년 4월 17일 13시,화요일,충청남도 아산시 둔포면,경상사고,0,0,2,0,차대차 - 기타,안전운전불이행,건조,맑음,단일로 - 기타,화물,남,71세,상해없음,승용,남,22세,상해없음
2018041700100276,2018년 4월 17일 13시,화요일,충청남도 서천군 판교면,경상사고,0,0,1,0,차대차 - 측면충돌,불법유턴,건조,맑음,단일로 - 기타,승용,남,90세 이상,상해없음,승용,여,59세,상해없음
2018041700100305,2018년 4월 17일 14시,화요일,충청남도 천안시 동남구 용곡동,경상사고,0,0,1,0,차대차 - 기타,안전운전불이행,건조,맑음,단일로 - 기타,자전거,여,31세,경상,특수,남,50세,상해없음
2018041700100375,2018년 4월 17일 16시,화요일,충청남도 논산시 반월동,중상사고,0,1,1,0,차대차 - 측면충돌,중앙선침범,건조,맑음,교차로 - 교차로안,자전거,여,58세,중상,원동기,남,32세,경상
2018041700100376,2018년 4월 17일 16시,화요일,충청남도 천안시 동남구 신방동,경상사고,0,0,2,0,차대차 - 기타,안전거리미확보,건조,맑음,단일로 - 기타,승용,남,28세,상해없음,승용,여,63세,경상
2018041700100377,2018년 4월 17일 16시,화요일,충청남도 천안시 동남구 용곡동,경상사고,0,0,1,0,차대차 - 기타,기타,건조,맑음,단일로 - 기타,승용,남,51세,상해없음,이륜,남,36세,경상
2018041700100427,2018년 4월 17일 17시,화요일,충청남도 아산시 배방읍,중상사고,0,1,0,0,차대차 - 측면충돌,안전운전불이행,건조,맑음,단일로 - 기타,화물,남,66세,상해없음,자전거,남,45세,중상
2018041700100462,2018년 4월 17일 18시,화요일,충청남도 예산군 삽교읍,중상사고,0,1,0,1,차대차 - 추돌,안전운전불이행,건조,맑음,교차로 - 교차로부근,승용,남,55세,상해없음,승용,남,45세,중상
2018041700100493,2018년 4월 17일 19시,화요일,충청남도 서산시 읍내동,경상사고,0,0,1,0,차대차 - 측면충돌,안전운전불이행,건조,맑음,단일로 - 기타,승용,남,36세,상해없음,이륜,남,31세,경상
2018041700100494,2018년 4월 17일 19시,화요일,충청남도 천안시 서북구 성거읍,경상사고,0,0,1,0,차대사람 - 횡단중,안전운전불이행,건조,맑음,단일로 - 기타,승용,남,53세,상해없음,보행자,남,75세,경상
2018041700100495,2018년 4월 17일 19시,화요일,충청남도 홍성군 홍성읍,경상사고,0,0,1,0,차대차 - 측면충돌,안전운전불이행,건조,맑음,기타 - 기타,승용,여,49세,상해없음,승용,여,33세,경상
2018041700100525,2018년 4월 17일 20시,화요일,충청남도 천안시 서북구 쌍용동,경상사고,0,0,2,0,차대차 - 측면충돌,안전운전불이행,건조,맑음,교차로 - 교차로안,승용,여,40세,상해없음,승용,남,35세,경상
2018041700100557,2018년 4월 17일 21시,화요일,충청남도 천안시 서북구 백석동,경상사고,0,0,2,0,차대차 - 측면충돌,안전거리미확보,건조,맑음,교차로 - 교차로안,승용,남,56세,상해없음,승용,남,23세,상해없음
2018041700100558,2018년 4월 17일 21시,화요일,충청남도 아산시 탕정면,경상사고,0,0,1,0,차대사람 - 횡단중,보행자보호의무위반,건조,맑음,교차로 - 교차로안,승용,여,45세,상해없음,보행자,남,26세,경상
2018041700100559,2018년 4월 17일 21시,화요일,충청남도 부여군 석성면,중상사고,0,1,0,0,차대사람 - 차도통행중,안전운전불이행,건조,맑음,단일로 - 기타,승용,여,42세,상해없음,보행자,남,54세,중상
2018041700100583,2018년 4월 17일 22시,화요일,충청남도 천안시 서북구 성정동,경상사고,0,0,1,0,차대차 - 측면충돌,안전운전불이행,건조,맑음,단일로 - 기타,승용,남,46세,상해없음,승용,남,33세,경상
2018041700100601,2018년 4월 17일 23시,화요일,충청남도 천안시 서북구 쌍용동,경상사고,0,0,1,0,차대차 - 측면충돌,신호위반,건조,맑음,교차로 - 교차로안,승용,여,31세,상해없음,승용,여,39세,경상
2018041800100025,2018년 4월 18일 01시,수요일,충청남도 부여군 부여읍,경상사고,0,0,1,0,차대차 - 측면충돌,교차로운행방법위반,건조,맑음,교차로 - 교차로안,화물,남,44세,상해없음,승용,남,52세,경상
2018041800100077,2018년 4월 18일 07시,수요일,충청남도 천안시 서북구 백석동,경상사고,0,0,1,0,차대차 - 측면충돌,교차로운행방법위반,건조,맑음,교차로 - 교차로안,승용,남,54세,상해없음,자전거,남,66세,경상
2018041800100078,2018년 4월 18일 07시,수요일,충청남도 천안시 서북구 백석동,경상사고,0,0,1,0,차대차 - 측면충돌,안전운전불이행,건조,맑음,교차로 - 교차로안,승용,남,27세,상해없음,승용,남,33세,경상
2018041800100079,2018년 4월 18일 07시,수요일,충청남도 논산시 연무읍,경상사고,0,0,1,0,차대차 - 기타,중앙선침범,건조,맑음,단일로 - 기타,승용,남,55세,상해없음,승용,남,27세,경상
2018041800100080,2018년 4월 18일 07시,수요일,충청남도 아산시 인주면,경상사고,0,0,1,0,차대차 - 측면충돌,안전운전불이행,건조,맑음,단일로 - 기타,승용,여,45세,상해없음,화물,남,52세,경상
2018041800100129,2018년 4월 18일 08시,수요일,충청남도 천안시 서북구 차암동,부상신고사고,0,0,0,1,차대차 - 측면충돌,기타,건조,맑음,교차로 - 교차로안,승용,남,27세,부상신고,승용,남,64세,상해없음
2018041800100130,2018년 4월 18일 08시,수요일,충청남도 공주시 정안면,중상사고,0,1,0,0,차대차 - 측면충돌,중앙선침범,건조,맑음,교차로 - 교차로안,승용,여,52세,상해없음,승용,여,69세,중상
2018041800100168,2018년 4월 18일 09시,수요일,충청남도 공주시 계룡면,중상사고,0,2,2,0,차대차 - 측면충돌,과속,건조,맑음,교차로 - 교차로안,화물,남,42세,중상,승용,남,50세,경상
2018041800100199,2018년 4월 18일 10시,수요일,충청남도 서천군 마서면,경상사고,0,0,1,0,차대차 - 측면충돌,기타,건조,맑음,교차로 - 교차로안,화물,여,59세,상해없음,농기계,남,63세,상해없음
2018041800100200,2018년 4월 18일 10시,수요일,충청남도 당진시 송악읍,경상사고,0,0,1,1,차대차 - 추돌,안전운전불이행,건조,맑음,교차로 - 교차로안,건설기계,남,43세,부상신고,화물,남,58세,경상
2018041800100250,2018년 4월 18일 12시,수요일,충청남도 예산군 예산읍,중상사고,0,1,0,0,차대차 - 기타,안전운전불이행,건조,맑음,교차로 - 교차로안,승용,남,23세,상해없음,이륜,남,54세,중상
2018041800100251,2018년 4월 18일 12시,수요일,충청남도 천안시 동남구 신부동,중상사고,0,1,0,0,차대차 - 기타,안전운전불이행,건조,맑음,단일로 - 기타,이륜,남,79세,중상,화물,남,69세,상해없음
2018041800100309,2018년 4월 18일 14시,수요일,충청남도 천안시 서북구 불당동,경상사고,0,0,1,0,차대차 - 측면충돌,안전운전불이행,건조,맑음,교차로 - 교차로안,승용,남,27세,상해없음,승용,여,47세,경상
2018041800100338,2018년 4월 18일 15시,수요일,충청남도 공주시 신관동,부상신고사고,0,0,0,1,차대차 - 기타,안전운전불이행,건조,맑음,교차로 - 교차로안,이륜,남,77세,부상신고,화물,남,40세,상해없음
2018041800100340,2018년 4월 18일 15시,수요일,충청남도 청양군 화성면,경상사고,0,0,1,0,차대차 - 측면충돌,직진우회전진행방해,건조,맑음,교차로 - 교차로안,화물,남,45세,상해없음,승용,여,51세,경상
2018041800100379,2018년 4월 18일 16시,수요일,충청남도 천안시 서북구 성환읍,경상사고,0,0,1,0,차대차 - 기타,안전운전불이행,건조,맑음,교차로 - 교차로안,승용,여,51세,상해없음,승용,남,34세,경상
2018041800100380,2018년 4월 18일 16시,수요일,충청남도 청양군 청양읍,중상사고,0,1,0,0,차대차 - 측면충돌,기타,건조,맑음,교차로 - 교차로안,승용,여,56세,상해없음,이륜,남,75세,중상
2018041800100424,2018년 4월 18일 17시,수요일,충청남도 홍성군 금마면,경상사고,0,0,2,0,차대차 - 측면충돌,교차로운행방법위반,건조,맑음,교차로 - 교차로안,승용,남,57세,상해없음,승용,남,30세,경상
2018041800100425,2018년 4월 18일 17시,수요일,충청남도 서천군 장항읍,경상사고,0,0,1,0,차대차 - 측면충돌,불법유턴,건조,맑음,교차로 - 교차로안,승용,남,52세,상해없음,승용,남,59세,경상
2018041800100426,2018년 4월 18일 17시,수요일,충청남도 공주시 월송동,경상사고,0,0,1,0,차대사람 - 차도통행중,안전운전불이행,건조,맑음,교차로 - 교차로안,승용,남,61세,상해없음,보행자,여,27세,경상
2018041800100471,2018년 4월 18일 18시,수요일,충청남도 천안시 동남구 신방동,경상사고,0,0,3,0,차대차 - 측면충돌,차로위반,건조,맑음,교차로 - 교차로부근,승용,남,34세,경상,승용,남,58세,경상
2018041800100503,2018년 4월 18일 19시,수요일,충청남도 천안시 동남구 구성동,경상사고,0,0,2,0,차대차 - 측면충돌,안전운전불이행,건조,맑음,단일로 - 기타,승용,남,71세,경상,승용,남,48세,경상
2018041800100504,2018년 4월 18일 19시,수요일,충청남도 천안시 동남구 목천읍,경상사고,0,0,2,0,차대차 - 추돌,안전거리미확보,건조,맑음,교차로 - 교차로안,승합,남,34세,상해없음,승용,남,73세,경상
2018041800100600,2018년 4월 18일 22시,수요일,충청남도 천안시 서북구 직산읍,경상사고,0,0,1,0,차대차 - 추돌,안전운전불이행,건조,맑음,단일로 - 기타,승용,남,33세,상해없음,승용,남,35세,경상
2018041800100621,2018년 4월 18일 23시,수요일,충청남도 당진시 송산면,중상사고,0,2,0,0,차대차 - 측면충돌,안전운전불이행,건조,맑음,단일로 - 기타,화물,남,58세,중상,승용,기타불명,미분류,기타불명
2018041900100040,2018년 4월 19일 02시,목요일,충청남도 천안시 서북구 두정동,경상사고,0,0,2,1,차대차 - 측면충돌,중앙선침범,건조,맑음,교차로 - 교차로부근,이륜,남,39세,부상신고,승용,남,54세,경상
2018041900100046,2018년 4월 19일 03시,목요일,충청남도 천안시 서북구 백석동,중상사고,0,1,0,0,차대차 - 추돌,안전운전불이행,건조,맑음,교차로 - 교차로부근,승용,남,47세,상해없음,승용,여,44세,중상
2018041900100049,2018년 4월 19일 04시,목요일,충청남도 천안시 서북구 성정동,경상사고,0,0,1,0,차대차 - 측면충돌,안전운전불이행,건조,맑음,단일로 - 기타,승용,남,49세,상해없음,승용,남,32세,경상
2018041900100066,2018년 4월 19일 06시,목요일,충청남도 천안시 동남구 신방동,경상사고,0,0,1,0,차대차 - 기타,교차로운행방법위반,건조,맑음,교차로 - 교차로안,승용,남,22세,상해없음,승용,남,27세,경상
2018041900100083,2018년 4월 19일 07시,목요일,충청남도 천안시 서북구 두정동,중상사고,0,1,0,0,차대차 - 측면충돌,직진우회전진행방해,건조,맑음,교차로 - 교차로안,승용,남,30세,상해없음,자전거,남,20세,중상
2018041900100084,2018년 4월 19일 07시,목요일,충청남도 아산시 음봉면,경상사고,0,0,1,0,차대차 - 추돌,안전운전불이행,건조,맑음,교차로 - 교차로부근,승용,남,37세,상해없음,승용,남,58세,경상
2018041900100085,2018년 4월 19일 07시,목요일,충청남도 금산군 추부면,중상사고,0,1,1,0,차대차 - 측면충돌,신호위반,건조,맑음,교차로 - 교차로안,화물,남,46세,상해없음,화물,남,38세,경상
2018041900100129,2018년 4월 19일 08시,목요일,충청남도 청양군 운곡면,중상사고,0,1,2,0,차대차 - 기타,중앙선침범,건조,맑음,단일로 - 기타,농기계,남,75세,상해없음,승합,남,53세,상해없음
2018041900100154,2018년 4월 19일 09시,목요일,충청남도 홍성군 홍성읍,경상사고,0,0,1,0,차대사람 - 기타,안전운전불이행,건조,맑음,단일로 - 기타,승용,여,62세,상해없음,보행자,남,58세,경상
2018041900100177,2018년 4월 19일 10시,목요일,충청남도 서천군 서천읍,경상사고,0,0,1,0,차대차 - 측면충돌,안전운전불이행,건조,맑음,교차로 - 교차로부근,화물,남,73세,상해없음,자전거,여,87세,경상
2018041900100178,2018년 4월 19일 10시,목요일,충청남도 공주시 반포면,경상사고,0,0,5,0,차대차 - 측면충돌,안전운전불이행,건조,맑음,단일로 - 기타,승용,남,82세,상해없음,자전거,남,41세,경상
2018041900100179,2018년 4월 19일 10시,목요일,충청남도 당진시 읍내리,경상사고,0,0,2,0,차대차 - 추돌,안전거리미확보,건조,맑음,단일로 - 기타,화물,남,52세,상해없음,승용,남,42세,경상
2018041900100214,2018년 4월 19일 11시,목요일,충청남도 천안시 서북구 성정동,경상사고,0,0,2,0,차대차 - 추돌,안전운전불이행,건조,맑음,단일로 - 고가도로위,승용,여,21세,상해없음,승용,남,27세,경상
2018041900100215,2018년 4월 19일 11시,목요일,충청남도 예산군 오가면,경상사고,0,0,2,0,차대차 - 추돌,안전운전불이행,건조,맑음,기타 - 기타,건설기계,남,45세,상해없음,화물,남,52세,경상
2018041900100216,2018년 4월 19일 11시,목요일,충청남도 태안군 근흥면,중상사고,0,1,0,0,차대차 - 측면충돌,교차로운행방법위반,건조,맑음,기타 - 기타,승용,남,32세,상해없음,승용,남,56세,중상
2018041900100235,2018년 4월 19일 12시,목요일,충청남도 천안시 동남구 원성동,중상사고,0,1,0,0,차대차 - 기타,안전운전불이행,건조,맑음,단일로 - 기타,승용,남,57세,상해없음,승용,남,30세,상해없음
2018041900100265,2018년 4월 19일 13시,목요일,충청남도 서산시 해미면,중상사고,0,1,0,0,차대차 - 측면충돌,직진우회전진행방해,건조,맑음,교차로 - 교차로안,승용,남,46세,중상,화물,여,58세,상해없음
2018041900100266,2018년 4월 19일 13시,목요일,충청남도 홍성군 장곡면,경상사고,0,0,1,0,차대차 - 추돌,안전운전불이행,건조,맑음,단일로 - 기타,화물,남,62세,상해없음,화물,남,63세,경상
2018041900100267,2018년 4월 19일 13시,목요일,충청남도 아산시 염치읍,경상사고,0,0,1,0,차대사람 - 기타,안전운전불이행,건조,맑음,단일로 - 기타,승합,남,44세,상해없음,보행자,여,57세,경상
2018041900100300,2018년 4월 19일 14시,목요일,충청남도 서산시 팔봉면,경상사고,0,0,1,0,차대차 - 정면충돌,중앙선침범,건조,맑음,교차로 - 교차로부근,건설기계,남,63세,상해없음,승용,남,57세,경상
2018041900100301,2018년 4월 19일 14시,목요일,충청남도 공주시 반죽동,중상사고,0,1,0,0,차량단독 - 전도전복 - 전도,안전운전불이행,건조,맑음,단일로 - 기타,자전거,여,63세,중상,미분류,미분류,미분류,미분류
2018041900100382,2018년 4월 19일 16시,목요일,충청남도 서산시 해미면,사망사고,1,0,0,0,차대차 - 측면충돌,신호위반,건조,맑음,교차로 - 교차로안,자전거,남,77세,사망,화물,남,59세,상해없음
2018041900100383,2018년 4월 19일 16시,목요일,충청남도 홍성군 홍성읍,중상사고,0,1,0,0,차대사람 - 기타,안전운전불이행,건조,맑음,단일로 - 기타,승합,남,62세,상해없음,보행자,여,80세,중상
2018041900100425,2018년 4월 19일 17시,목요일,충청남도 공주시 신관동,경상사고,0,0,3,0,차대차 - 측면충돌,안전운전불이행,건조,맑음,교차로 - 교차로안,승용,남,26세,상해없음,승용,남,58세,경상
2018041900100469,2018년 4월 19일 18시,목요일,충청남도 천안시 서북구 쌍용동,경상사고,0,0,1,0,차대사람 - 횡단중,안전운전불이행,건조,맑음,단일로 - 기타,화물,남,54세,상해없음,보행자,여,7세,경상
2018041900100508,2018년 4월 19일 19시,목요일,충청남도 천안시 서북구 성환읍,중상사고,0,1,2,0,차대차 - 기타,안전운전불이행,건조,맑음,단일로 - 기타,승용,여,29세,중상,승용,남,32세,경상
2018042000100083,2018년 4월 20일 07시,금요일,충청남도 당진시 송악읍,경상사고,0,0,3,0,차대차 - 측면충돌,안전운전불이행,건조,맑음,단일로 - 기타,승용,남,43세,상해없음,승용,남,29세,경상
2018042000100109,2018년 4월 20일 08시,금요일,충청남도 천안시 동남구 대흥동,사망사고,1,0,0,0,차대사람 - 기타,안전운전불이행,건조,맑음,단일로 - 기타,승용,남,34세,상해없음,보행자,여,72세,사망
2018042000100212,2018년 4월 20일 11시,금요일,충청남도 당진시 수청리,중상사고,0,2,0,0,차대차 - 측면충돌,신호위반,건조,맑음,교차로 - 교차로안,승용,여,40세,상해없음,승용,여,52세,중상
2018042000100213,2018년 4월 20일 11시,금요일,충청남도 태안군 원북면,중상사고,0,1,0,0,차대차 - 측면충돌,안전운전불이행,건조,맑음,단일로 - 기타,특수,남,53세,상해없음,농기계,남,79세,중상
2018042000100239,2018년 4월 20일 12시,금요일,충청남도 공주시 중동,경상사고,0,0,1,0,차대차 - 측면충돌,안전운전불이행,건조,맑음,교차로 - 교차로안,이륜,남,20세,경상,승용,남,34세,상해없음
2018042000100273,2018년 4월 20일 13시,금요일,충청남도 천안시 서북구 성환읍,경상사고,0,0,1,0,차대차 - 측면충돌,직진우회전진행방해,건조,맑음,교차로 - 교차로안,건설기계,남,54세,상해없음,이륜,남,83세,경상
2018042000100274,2018년 4월 20일 13시,금요일,충청남도 천안시 서북구 두정동,경상사고,0,0,1,0,차대사람 - 보도통행중,기타,건조,맑음,단일로 - 기타,화물,남,20세,상해없음,보행자,여,7세,경상
2018042000100303,2018년 4월 20일 14시,금요일,충청남도 공주시 금학동,경상사고,0,0,1,0,차대사람 - 기타,안전운전불이행,건조,맑음,단일로 - 기타,승용,남,36세,상해없음,보행자,여,71세,경상
2018042000100332,2018년 4월 20일 15시,금요일,충청남도 공주시 신관동,경상사고,0,0,1,0,차대사람 - 기타,안전운전불이행,건조,맑음,단일로 - 기타,승용,남,69세,상해없음,보행자,남,22세,경상
2018042000100379,2018년 4월 20일 16시,금요일,충청남도 서천군 장항읍,경상사고,0,0,1,0,차대차 - 측면충돌,안전거리미확보,건조,맑음,교차로 - 교차로안,원동기,남,19세,상해없음,원동기,남,19세,경상
2018042000100489,2018년 4월 20일 18시,금요일,충청남도 천안시 서북구 백석동,중상사고,0,1,0,0,차대차 - 측면충돌,안전거리미확보,건조,맑음,교차로 - 교차로부근,승용,여,51세,상해없음,승용,남,33세,상해없음
2018042000100490,2018년 4월 20일 18시,금요일,충청남도 천안시 서북구 입장면,중상사고,0,1,0,0,차대차 - 정면충돌,교차로운행방법위반,건조,맑음,교차로 - 교차로안,승용,여,34세,상해없음,이륜,남,40세,중상
2018042000100491,2018년 4월 20일 18시,금요일,충청남도 아산시 온천동,중상사고,0,1,0,0,차대사람 - 횡단중,안전운전불이행,건조,맑음,단일로 - 기타,기타불명,기타불명,미분류,기타불명,보행자,남,56세,중상
2018042000100492,2018년 4월 20일 18시,금요일,충청남도 천안시 동남구 신부동,중상사고,0,1,0,0,차대차 - 기타,안전거리미확보,건조,맑음,교차로 - 교차로안,승용,여,19세,상해없음,이륜,남,19세,중상
2018042000100531,2018년 4월 20일 19시,금요일,충청남도 서산시 지곡면,중상사고,0,1,0,0,차대사람 - 횡단중,보행자보호의무위반,건조,맑음,교차로 - 교차로횡단보도내,승용,남,68세,상해없음,보행자,남,35세,중상
2018042000100532,2018년 4월 20일 19시,금요일,충청남도 서산시 대산읍,경상사고,0,0,1,0,차대사람 - 횡단중,안전운전불이행,건조,맑음,단일로 - 기타,승용,남,45세,상해없음,보행자,여,13세,경상
2018042000100533,2018년 4월 20일 19시,금요일,충청남도 아산시 온천동,중상사고,0,1,0,0,차대사람 - 횡단중,보행자보호의무위반,건조,맑음,교차로 - 교차로횡단보도내,승용,남,37세,기타불명,보행자,여,23세,중상
2018042000100534,2018년 4월 20일 19시,금요일,충청남도 금산군 추부면,중상사고,0,1,0,0,차대차 - 추돌,안전운전불이행,건조,맑음,단일로 - 교량,승용,남,59세,상해없음,농기계,남,64세,중상
2018042000100535,2018년 4월 20일 19시,금요일,충청남도 천안시 동남구 신부동,경상사고,0,0,1,0,차대차 - 측면충돌,신호위반,건조,맑음,교차로 - 교차로안,승용,남,24세,상해없음,이륜,남,64세,경상
2018042000100576,2018년 4월 20일 20시,금요일,충청남도 서산시 잠홍동,중상사고,0,1,1,0,차대차 - 추돌,안전운전불이행,건조,맑음,교차로 - 교차로부근,승용,여,52세,상해없음,승용,여,51세,중상
2018042000100577,2018년 4월 20일 20시,금요일,충청남도 논산시 내동,중상사고,0,2,0,0,차대차 - 기타,교차로운행방법위반,건조,맑음,교차로 - 교차로안,승용,여,19세,상해없음,승용,남,36세,상해없음