사고번호,사고일시,요일,시군구,사고내용,사망자수,중상자수,경상자수,부상신고자수,사고유형,법규위반,노면상태,기상상태,도로형태,가해운전자 차종,가해운전자 성별,가해운전자 연령,가해운전자 상해정도,피해운전자 차종,피해운전자 성별,피해운전자 연령,피해운전자 상해정도
2018042500100606,2018년 4월 25일 23시,수요일,충청남도 홍성군 홍성읍,경상사고,0,0,1,0,차대차 - 측면충돌,안전운전불이행,건조,맑음,교차로 - 교차로안,승용,남,47세,상해없음,승용,여,29세,경상
2018042500100607,2018년 4월 25일 23시,수요일,충청남도 공주시 신관동,경상사고,0,0,1,0,차대사람 - 차도통행중,안전운전불이행,건조,맑음,단일로 - 기타,승합,남,47세,상해없음,보행자,남,48세,경상
2018042600100007,2018년 4월 26일 00시,목요일,충청남도 천안시 동남구 신방동,경상사고,0,0,2,0,차대사람 - 횡단중,신호위반,건조,맑음,교차로 - 교차로부근,승용,남,44세,상해없음,보행자,남,50세,경상
2018042600100053,2018년 4월 26일 05시,목요일,충청남도 천안시 동남구 목천읍,경상사고,0,0,1,0,차대차 - 추돌,안전운전불이행,건조,맑음,단일로 - 기타,승용,남,31세,상해없음,승합,남,34세,경상
2018042600100106,2018년 4월 26일 08시,목요일,충청남도 공주시 금흥동,경상사고,0,0,1,0,차대차 - 정면충돌,중앙선침범,건조,맑음,단일로 - 기타,승용,여,25세,상해없음,승합,남,48세,경상
2018042600100107,2018년 4월 26일 08시,목요일,충청남도 예산군 오가면,경상사고,0,0,1,0,차대차 - 측면충돌,안전운전불이행,건조,맑음,단일로 - 기타,승용,여,78세,상해없음,승용,남,45세,경상
2018042600100173,2018년 4월 26일 10시,목요일,충청남도 아산시 용화동,경상사고,0,0,1,0,차대차 - 추돌,안전운전불이행,건조,맑음,교차로 - 교차로부근,승용,남,36세,상해없음,승용,남,52세,경상
2018042600100197,2018년 4월 26일 11시,목요일,충청남도 천안시 서북구 쌍용동,경상사고,0,0,1,0,차대차 - 추돌,안전거리미확보,건조,맑음,교차로 - 교차로안,화물,남,44세,상해없음,승용,남,44세,경상
2018042600100198,2018년 4월 26일 11시,목요일,충청남도 서천군 장항읍,중상사고,0,1,0,0,차대사람 - 차도통행중,안전운전불이행,건조,맑음,교차로 - 교차로안,화물,남,36세,상해없음,보행자,여,36세,중상
2018042600100237,2018년 4월 26일 12시,목요일,충청남도 금산군 남이면,경상사고,0,0,6,0,차대차 - 정면충돌,중앙선침범,건조,맑음,단일로 - 기타,승용,남,66세,상해없음,승용,남,71세,경상
2018042600100294,2018년 4월 26일 14시,목요일,충청남도 당진시 순성면,사망사고,1,0,0,0,차대사람 - 횡단중,과속,건조,맑음,단일로 - 기타,승용,여,52세,상해없음,보행자,남,84세,사망
2018042600100336,2018년 4월 26일 15시,목요일,충청남도 천안시 동남구 유량동,경상사고,0,0,1,0,차대차 - 기타,안전운전불이행,건조,맑음,단일로 - 기타,승용,남,49세,상해없음,자전거,남,52세,경상
2018042600100368,2018년 4월 26일 16시,목요일,충청남도 서천군 서면,부상신고사고,0,0,0,1,차대차 - 측면충돌,안전운전불이행,건조,맑음,교차로 - 교차로안,화물,남,67세,부상신고,화물,남,58세,상해없음
2018042600100398,2018년 4월 26일 17시,목요일,충청남도 천안시 서북구 두정동,경상사고,0,0,1,0,차대차 - 기타,안전운전불이행,건조,맑음,교차로 - 교차로부근,승용,남,56세,상해없음,이륜,남,36세,경상
2018042600100443,2018년 4월 26일 18시,목요일,충청남도 서천군 장항읍,경상사고,0,0,1,0,차대차 - 측면충돌,안전운전불이행,건조,맑음,교차로 - 교차로횡단보도내,승용,여,40세,상해없음,자전거,남,85세,경상
2018042600100444,2018년 4월 26일 18시,목요일,충청남도 당진시 면천면,경상사고,0,0,1,0,차대차 - 측면충돌,교차로운행방법위반,건조,맑음,교차로 - 교차로안,승용,남,49세,상해없음,화물,남,65세,경상
2018042600100445,2018년 4월 26일 18시,목요일,충청남도 천안시 동남구 안서동,경상사고,0,0,1,0,차대차 - 기타,안전거리미확보,건조,맑음,교차로 - 교차로부근,이륜,남,61세,경상,승합,남,45세,상해없음
2018042600100446,2018년 4월 26일 18시,목요일,충청남도 태안군 태안읍,중상사고,0,1,2,0,차대차 - 측면충돌,신호위반,건조,맑음,교차로 - 교차로안,화물,남,60세,중상,승용,남,47세,경상
2018042600100492,2018년 4월 26일 20시,목요일,충청남도 천안시 서북구 성환읍,경상사고,0,0,3,0,차대차 - 기타,안전운전불이행,건조,맑음,단일로 - 기타,승용,남,49세,상해없음,자전거,남,14세,경상
2018042600100495,2018년 4월 26일 20시,목요일,충청남도 천안시 동남구 신방동,경상사고,0,0,3,0,차대차 - 측면충돌,안전운전불이행,건조,맑음,교차로 - 교차로안,승용,여,53세,상해없음,승용,남,31세,경상
2018042600100531,2018년 4월 26일 21시,목요일,충청남도 천안시 동남구 구성동,경상사고,0,0,1,0,차대차 - 측면충돌,안전운전불이행,건조,맑음,교차로 - 교차로안,승용,여,46세,상해없음,이륜,남,18세,경상
2018042600100556,2018년 4월 26일 22시,목요일,충청남도 천안시 서북구 두정동,경상사고,0,0,1,0,차대차 - 기타,안전운전불이행,건조,맑음,교차로 - 교차로안,승용,남,62세,상해없음,원동기,남,52세,경상
2018042600100558,2018년 4월 26일 22시,목요일,충청남도 당진시 송악읍,경상사고,0,0,1,0,차대차 - 측면충돌,안전운전불이행,건조,맑음,단일로 - 기타,승용,남,36세,상해없음,승용,남,45세,경상
2018042700100022,2018년 4월 27일 01시,금요일,충청남도 서산시 예천동,경상사고,0,0,1,0,차대차 - 측면충돌,안전운전불이행,건조,맑음,주차장 - 주차장,승용,남,31세,경상,승용,남,55세,기타불명
2018042700100066,2018년 4월 27일 06시,금요일,충청남도 당진시 읍내리,중상사고,0,1,0,0,차대차 - 측면충돌,교차로운행방법위반,건조,맑음,교차로 - 교차로안,승용,여,53세,상해없음,이륜,남,47세,중상
2018042700100081,2018년 4월 27일 07시,금요일,충청남도 아산시 배방읍,경상사고,0,0,1,0,차량단독 - 전도전복 - 전도,안전운전불이행,기타,맑음,단일로 - 기타,사륜오토바이(ATV),여,48세,경상,미분류,미분류,미분류,미분류
2018042700100150,2018년 4월 27일 09시,금요일,충청남도 부여군 부여읍,중상사고,0,1,0,0,차대사람 - 차도통행중,안전운전불이행,건조,맑음,교차로 - 교차로부근,승용,여,63세,상해없음,보행자,남,84세,중상
2018042700100182,2018년 4월 27일 10시,금요일,충청남도 아산시 온천동,경상사고,0,0,1,0,차대사람 - 기타,안전운전불이행,건조,맑음,교차로 - 교차로안,승용,여,38세,상해없음,보행자,여,77세,경상
2018042700100183,2018년 4월 27일 10시,금요일,충청남도 공주시 금성동,경상사고,0,0,2,0,차대차 - 측면충돌,신호위반,건조,맑음,교차로 - 교차로안,승용,남,49세,경상,승합,남,52세,상해없음
2018042700100184,2018년 4월 27일 10시,금요일,충청남도 공주시 신관동,경상사고,0,0,1,0,차대차 - 기타,안전운전불이행,건조,맑음,기타 - 기타,화물,남,35세,상해없음,자전거,남,53세,경상
2018042700100185,2018년 4월 27일 10시,금요일,충청남도 예산군 예산읍,중상사고,0,1,0,0,차대차 - 추돌,안전운전불이행,건조,맑음,교차로 - 교차로안,승용,여,61세,상해없음,이륜,남,79세,중상
2018042700100186,2018년 4월 27일 10시,금요일,충청남도 부여군 초촌면,중상사고,0,1,0,0,차대사람 - 기타,안전운전불이행,건조,맑음,기타 - 기타,승용,남,48세,상해없음,보행자,여,81세,중상
2018042700100207,2018년 4월 27일 11시,금요일,충청남도 아산시 온천동,경상사고,0,0,2,0,차대차 - 기타,안전운전불이행,건조,맑음,교차로 - 교차로안,기타불명,기타불명,미분류,기타불명,승용,기타불명,기타불명,기타불명
2018042700100209,2018년 4월 27일 11시,금요일,충청남도 천안시 동남구 풍세면,중상사고,0,1,0,0,차량단독 - 전도전복 - 전도,안전운전불이행,건조,맑음,단일로 - 기타,이륜,남,77세,중상,미분류,미분류,미분류,미분류
2018042700100290,2018년 4월 27일 14시,금요일,충청남도 당진시 송악읍,경상사고,0,0,1,0,차대차 - 추돌,안전운전불이행,건조,맑음,단일로 - 기타,화물,남,42세,상해없음,승용,남,35세,경상
2018042700100291,2018년 4월 27일 14시,금요일,충청남도 천안시 동남구 안서동,경상사고,0,0,1,0,차대사람 - 횡단중,안전운전불이행,건조,맑음,교차로 - 교차로부근,승용,여,21세,상해없음,보행자,여,19세,경상
2018042700100292,2018년 4월 27일 14시,금요일,충청남도 천안시 동남구 원성동,경상사고,0,0,2,0,차대차 - 추돌,안전운전불이행,건조,맑음,교차로 - 교차로부근,화물,남,46세,상해없음,승용,남,34세,경상
2018042700100330,2018년 4월 27일 15시,금요일,충청남도 서천군 서천읍,경상사고,0,0,1,0,차대사람 - 길가장자리구역통행중,안전운전불이행,건조,맑음,교차로 - 교차로부근,승용,남,75세,상해없음,보행자,여,52세,경상
2018042700100378,2018년 4월 27일 16시,금요일,충청남도 예산군 예산읍,경상사고,0,0,1,0,차대차 - 추돌,안전거리미확보,건조,맑음,단일로 - 기타,화물,남,57세,상해없음,승용,남,46세,경상
2018042700100379,2018년 4월 27일 16시,금요일,충청남도 청양군 청양읍,중상사고,0,1,0,0,차대차 - 측면충돌,교차로운행방법위반,건조,맑음,교차로 - 교차로안,승용,여,30세,상해없음,이륜,여,71세,중상
2018042700100419,2018년 4월 27일 17시,금요일,충청남도 당진시 행정리,중상사고,0,1,0,0,차량단독 - 공작물충돌,안전운전불이행,건조,맑음,단일로 - 기타,승용,남,56세,중상,,,,
2018042700100420,2018년 4월 27일 17시,금요일,충청남도 천안시 동남구 신부동,경상사고,0,0,1,0,차대차 - 기타,안전운전불이행,건조,맑음,단일로 - 기타,승용,남,55세,상해없음,승용,여,24세,경상
2018042700100467,2018년 4월 27일 18시,금요일,충청남도 서산시 읍내동,경상사고,0,0,1,0,차대차 - 추돌,안전거리미확보,건조,맑음,단일로 - 기타,자전거,남,17세,경상,특수,남,27세,상해없음
2018042700100468,2018년 4월 27일 18시,금요일,충청남도 공주시 옥룡동,경상사고,0,0,1,0,차대차 - 측면충돌,교차로운행방법위반,건조,맑음,교차로 - 교차로안,승합,남,36세,상해없음,승용,남,23세,경상
2018042700100509,2018년 4월 27일 19시,금요일,충청남도 서산시 석남동,경상사고,0,0,2,0,차대차 - 측면충돌,안전거리미확보,건조,맑음,단일로 - 기타,화물,남,52세,상해없음,승용,남,57세,경상
2018042700100510,2018년 4월 27일 19시,금요일,충청남도 계룡시 엄사면,중상사고,0,1,0,0,차대사람 - 기타,안전운전불이행,건조,맑음,단일로 - 기타,승용,여,47세,상해없음,보행자,여,81세,중상
2018042700100511,2018년 4월 27일 19시,금요일,충청남도 공주시 유구읍,경상사고,0,0,1,0,차량단독 - 기타,안전운전불이행,기타,맑음,단일로 - 기타,자전거,남,69세,경상,,,,
2018042700100513,2018년 4월 27일 19시,금요일,충청남도 예산군 신양면,경상사고,0,0,2,0,차대차 - 정면충돌,직진우회전진행방해,건조,맑음,교차로 - 교차로안,화물,남,76세,경상,승용,여,61세,경상
2018042700100514,2018년 4월 27일 19시,금요일,충청남도 당진시 송산면,중상사고,0,1,1,0,차대차 - 추돌,안전운전불이행,건조,맑음,단일로 - 기타,승용,남,33세,상해없음,승용,여,34세,중상
2018042700100547,2018년 4월 27일 20시,금요일,충청남도 서산시 석림동,경상사고,0,0,1,0,차대차 - 측면충돌,신호위반,건조,맑음,단일로 - 기타,이륜,남,69세,경상,승용,남,34세,상해없음
2018042700100580,2018년 4월 27일 21시,금요일,충청남도 논산시 강산동,중상사고,0,1,0,0,차대차 - 추돌,안전운전불이행,건조,맑음,교차로 - 교차로부근,화물,남,54세,상해없음,승용,여,29세,중상
2018042700100581,2018년 4월 27일 21시,금요일,충청남도 보령시 동대동,경상사고,0,0,1,0,차대사람 - 차도통행중,안전운전불이행,건조,맑음,단일로 - 기타,승용,남,21세,상해없음,보행자,남,51세,경상
2018042700100582,2018년 4월 27일 21시,금요일,충청남도 부여군 홍산면,중상사고,0,1,0,0,차대차 - 정면충돌,안전운전불이행,건조,맑음,단일로 - 기타,이륜,남,56세,중상,승용,남,60세,상해없음
2018042800100007,2018년 4월 28일 00시,토요일,충청남도 천안시 서북구 백석동,중상사고,0,1,4,0,차대차 - 측면충돌,신호위반,건조,맑음,교차로 - 교차로안,승합,남,48세,경상,승용,남,52세,경상
2018042800100150,2018년 4월 28일 08시,토요일,충청남도 보령시 화산동,중상사고,0,1,0,0,차대차 - 측면충돌,불법유턴,건조,맑음,교차로 - 교차로부근,건설기계,남,57세,상해없음,화물,남,44세,중상
2018042800100151,2018년 4월 28일 08시,토요일,충청남도 당진시 원당리,중상사고,0,1,0,0,차대차 - 측면충돌,안전운전불이행,건조,맑음,단일로 - 기타,승합,남,63세,상해없음,이륜,남,77세,중상
2018042800100180,2018년 4월 28일 09시,토요일,충청남도 홍성군 갈산면,경상사고,0,0,1,0,차대차 - 기타,안전운전불이행,건조,맑음,교차로 - 교차로안,화물,남,28세,경상,화물,남,48세,상해없음
2018042800100181,2018년 4월 28일 09시,토요일,충청남도 당진시 석문면,중상사고,0,1,0,0,차대차 - 측면충돌,교차로운행방법위반,건조,맑음,교차로 - 교차로안,승용,남,48세,중상,건설기계,남,53세,상해없음
2018042800100258,2018년 4월 28일 11시,토요일,충청남도 천안시 동남구 목천읍,경상사고,0,0,1,0,차대차 - 측면충돌,불법유턴,건조,맑음,교차로 - 교차로부근,이륜,남,78세,경상,승용,남,23세,상해없음
2018042800100339,2018년 4월 28일 13시,토요일,충청남도 논산시 내동,중상사고,0,1,3,0,차대차 - 기타,중앙선침범,건조,맑음,교차로 - 교차로부근,승용,여,40세,상해없음,승용,남,40세,경상
2018042800100374,2018년 4월 28일 14시,토요일,충청남도 아산시 염치읍,경상사고,0,0,1,0,차대차 - 기타,안전운전불이행,기타,맑음,단일로 - 기타,승용,남,33세,상해없음,건설기계,남,51세,경상
2018042800100412,2018년 4월 28일 15시,토요일,충청남도 천안시 동남구 풍세면,경상사고,0,0,1,0,차대차 - 측면충돌,안전운전불이행,건조,맑음,단일로 - 기타,승용,남,78세,상해없음,이륜,남,37세,경상
2018042800100451,2018년 4월 28일 16시,토요일,충청남도 서산시 대산읍,중상사고,0,1,1,0,차대차 - 측면충돌,중앙선침범,건조,맑음,교차로 - 교차로안,승용,남,37세,상해없음,승용,남,41세,경상
2018042800100452,2018년 4월 28일 16시,토요일,충청남도 논산시 부적면,경상사고,0,0,1,0,차대차 - 추돌,안전운전불이행,건조,맑음,단일로 - 기타,승용,남,62세,상해없음,화물,남,38세,경상
2018042800100486,2018년 4월 28일 17시,토요일,충청남도 금산군 제원면,사망사고,1,0,0,0,차대차 - 측면충돌,교차로운행방법위반,건조,맑음,교차로 - 교차로안,화물,남,49세,상해없음,이륜,여,65세,사망
2018042800100523,2018년 4월 28일 18시,토요일,충청남도 천안시 서북구 성성동,경상사고,0,0,1,0,차대차 - 정면충돌,안전운전불이행,건조,맑음,교차로 - 교차로부근,승용,여,52세,상해없음,승용,남,34세,경상
2018042800100524,2018년 4월 28일 18시,토요일,충청남도 예산군 광시면,중상사고,0,1,1,0,차대차 - 추돌,안전운전불이행,건조,맑음,교차로 - 교차로부근,승용,여,59세,경상,화물,남,49세,중상
2018042800100551,2018년 4월 28일 19시,토요일,충청남도 서산시 잠홍동,경상사고,0,0,2,0,차대차 - 측면충돌,신호위반,건조,맑음,교차로 - 교차로안,승용,남,65세,상해없음,승용,남,40세,경상
2018042800100552,2018년 4월 28일 19시,토요일,충청남도 천안시 동남구 삼룡동,사망사고,2,1,1,0,차대차 - 측면충돌,신호위반,건조,맑음,교차로 - 교차로안,승합,여,36세,중상,승용,남,49세,경상
2018042800100553,2018년 4월 28일 19시,토요일,충청남도 천안시 동남구 병천면,경상사고,0,0,3,0,차대차 - 측면충돌,안전운전불이행,건조,맑음,기타 - 기타,승용,여,47세,상해없음,승합,남,69세,경상
2018042800100585,2018년 4월 28일 20시,토요일,충청남도 아산시 방축동,경상사고,0,0,1,0,차대차 - 기타,안전운전불이행,기타,맑음,단일로 - 기타,승용,남,32세,상해없음,승용,남,67세,경상
2018042800100586,2018년 4월 28일 20시,토요일,충청남도 예산군 덕산면,중상사고,0,1,1,0,차대차 - 추돌,안전운전불이행,건조,맑음,단일로 - 기타,화물,남,58세,중상,화물,남,56세,경상
2018042800100612,2018년 4월 28일 21시,토요일,충청남도 서산시 대산읍,경상사고,0,0,3,0,차대차 - 측면충돌,신호위반,건조,맑음,교차로 - 교차로부근,승용,남,49세,상해없음,승용,남,30세,경상
2018042800100614,2018년 4월 28일 21시,토요일,충청남도 당진시 송악읍,사망사고,1,0,0,0,차대사람 - 기타,안전운전불이행,건조,맑음,단일로 - 기타,승용,여,50세,상해없음,보행자,남,66세,사망
2018042800100615,2018년 4월 28일 21시,토요일,충청남도 당진시 석문면,경상사고,0,0,1,0,차대사람 - 차도통행중,안전운전불이행,건조,맑음,단일로 - 기타,승용,남,44세,상해없음,보행자,여,49세,경상
2018042800100639,2018년 4월 28일 22시,토요일,충청남도 공주시 반포면,중상사고,0,1,2,0,차량단독 - 공작물충돌,안전운전불이행,건조,맑음,기타 - 기타,승용,남,57세,경상,,,,
2018042800100664,2018년 4월 28일 23시,토요일,충청남도 예산군 오가면,경상사고,0,0,2,0,차대차 - 추돌,안전운전불이행,건조,맑음,교차로 - 교차로부근,화물,남,58세,상해없음,승용,여,37세,경상
2018042900100009,2018년 4월 29일 00시,일요일,충청남도 천안시 서북구 두정동,경상사고,0,0,2,0,차대차 - 기타,신호위반,건조,맑음,교차로 - 교차로안,승용,남,33세,상해없음,승용,남,47세,경상
2018042900100038,2018년 4월 29일 02시,일요일,충청남도 서산시 인지면,경상사고,0,0,1,0,차량단독 - 공작물충돌,안전운전불이행,건조,맑음,단일로 - 기타,승용,남,24세,상해없음,,,,
2018042900100061,2018년 4월 29일 04시,일요일,충청남도 천안시 서북구 백석동,경상사고,0,0,1,0,차대차 - 추돌,안전운전불이행,건조,맑음,교차로 - 교차로부근,승용,남,26세,기타불명,화물,남,54세,경상
2018042900100062,2018년 4월 29일 04시,일요일,충청남도 홍성군 홍성읍,중상사고,0,1,0,0,차대사람 - 기타,안전운전불이행,건조,맑음,단일로 - 기타,승용,남,38세,상해없음,보행자,남,22세,중상
2018042900100063,2018년 4월 29일 04시,일요일,충청남도 당진시 송악읍,중상사고,0,3,1,0,차대차 - 추돌,안전운전불이행,건조,맑음,단일로 - 기타,화물,남,59세,중상,승용,남,71세,중상
2018042900100109,2018년 4월 29일 08시,일요일,충청남도 당진시 송악읍,중상사고,0,1,0,0,차대차 - 측면충돌,안전운전불이행,건조,맑음,교차로 - 교차로안,승합,남,31세,상해없음,자전거,남,47세,중상
2018042900100151,2018년 4월 29일 10시,일요일,충청남도 서산시 석림동,부상신고사고,0,0,0,1,차대사람 - 횡단중,안전운전불이행,건조,맑음,단일로 - 기타,승용,여,35세,상해없음,보행자,남,7세,부상신고
2018042900100152,2018년 4월 29일 10시,일요일,충청남도 공주시 정안면,경상사고,0,0,1,0,차대차 - 후진중충돌,안전운전불이행,건조,맑음,기타 - 기타,화물,남,78세,상해없음,승용,여,66세,경상
2018042900100153,2018년 4월 29일 10시,일요일,충청남도 부여군 임천면,중상사고,0,1,0,0,차대차 - 측면충돌,중앙선침범,건조,맑음,단일로 - 기타,화물,남,39세,상해없음,이륜,남,53세,중상
2018042900100172,2018년 4월 29일 11시,일요일,충청남도 예산군 봉산면,사망사고,1,0,0,0,차대차 - 추돌,안전운전불이행,건조,맑음,단일로 - 기타,이륜,남,69세,사망,승용,남,33세,상해없음
2018042900100241,2018년 4월 29일 13시,일요일,충청남도 천안시 서북구 직산읍,중상사고,0,1,1,0,차대차 - 기타,안전운전불이행,건조,맑음,주차장 - 주차장,승용,남,35세,상해없음,이륜,남,15세,경상
2018042900100268,2018년 4월 29일 14시,일요일,충청남도 서산시 동문동,경상사고,0,0,1,0,차대사람 - 차도통행중,안전운전불이행,건조,맑음,단일로 - 기타,승용,여,69세,상해없음,보행자,여,31세,경상
2018042900100304,2018년 4월 29일 15시,일요일,충청남도 천안시 서북구 불당동,경상사고,0,0,1,0,차대차 - 측면충돌,차로위반,건조,맑음,단일로 - 기타,승용,남,66세,상해없음,이륜,남,28세,경상
2018042900100305,2018년 4월 29일 15시,일요일,충청남도 홍성군 광천읍,경상사고,0,0,1,0,차량단독 - 전도전복 - 전도,안전운전불이행,건조,맑음,기타 - 기타,이륜,남,79세,경상,미분류,미분류,미분류,미분류
2018042900100306,2018년 4월 29일 15시,일요일,충청남도 아산시 음봉면,경상사고,0,0,3,0,차대차 - 측면충돌,안전운전불이행,건조,맑음,단일로 - 기타,승용,남,30세,상해없음,승용,남,54세,경상
2018042900100308,2018년 4월 29일 15시,일요일,충청남도 당진시 정미면,경상사고,0,0,2,0,차대차 - 측면충돌,안전운전불이행,건조,맑음,단일로 - 기타,승용,남,69세,상해없음,승용,남,25세,경상
2018042900100309,2018년 4월 29일 15시,일요일,충청남도 태안군 안면읍,경상사고,0,0,5,0,차대차 - 추돌,안전운전불이행,건조,맑음,기타 - 기타,승용,남,35세,상해없음,승용,남,26세,경상
2018042900100345,2018년 4월 29일 16시,일요일,충청남도 논산시 내동,중상사고,0,2,1,0,차대차 - 측면충돌,안전거리미확보,건조,맑음,교차로 - 교차로부근,승용,남,57세,기타불명,승용,남,48세,중상
2018042900100346,2018년 4월 29일 16시,일요일,충청남도 천안시 동남구 수신면,경상사고,0,0,9,0,차대차 - 추돌,안전운전불이행,건조,맑음,단일로 - 기타,화물,남,58세,상해없음,승합,남,44세,경상
2018042900100388,2018년 4월 29일 17시,일요일,충청남도 서산시 읍내동,경상사고,0,0,1,0,차대사람 - 횡단중,안전운전불이행,건조,맑음,단일로 - 기타,화물,남,39세,상해없음,보행자,남,24세,경상
2018042900100389,2018년 4월 29일 17시,일요일,충청남도 공주시 반포면,경상사고,0,0,1,0,차대차 - 추돌,안전운전불이행,건조,맑음,교차로 - 교차로부근,승용,남,39세,상해없음,승용,여,48세,경상
2018042900100391,2018년 4월 29일 17시,일요일,충청남도 태안군 태안읍,부상신고사고,0,0,0,1,차대차 - 기타,중앙선침범,건조,맑음,기타 - 기타,승용,남,28세,상해없음,승용,남,63세,상해없음
2018042900100419,2018년 4월 29일 18시,일요일,충청남도 태안군 원북면,경상사고,0,0,1,0,차대차 - 추돌,안전운전불이행,건조,맑음,단일로 - 기타,화물,남,50세,상해없음,승용,여,38세,경상
2018042900100453,2018년 4월 29일 19시,일요일,충청남도 예산군 덕산면,경상사고,0,0,1,0,차대차 - 측면충돌,교차로운행방법위반,건조,맑음,교차로 - 교차로안,승용,여,18세,상해없음,자전거,남,15세,경상
2018042900100454,2018년 4월 29일 19시,일요일,충청남도 천안시 동남구 수신면,중상사고,0,1,0,0,차대사람 - 횡단중,안전운전불이행,건조,맑음,단일로 - 기타,승용,여,42세,상해없음,보행자,남,53세,중상
2018042900100484,2018년 4월 29일 20시,일요일,충청남도 서산시 성연면,경상사고,0,0,1,0,차대차 - 측면충돌,신호위반,건조,맑음,교차로 - 교차로안,승용,남,37세,상해없음,승용,남,27세,경상
2018042900100485,2018년 4월 29일 20시,일요일,충청남도 서산시 음암면,중상사고,0,2,1,1,차대차 - 측면충돌,안전운전불이행,건조,맑음,단일로 - 기타,승용,여,30세,부상신고,승용,남,56세,중상
2018042900100486,2018년 4월 29일 20시,일요일,충청남도 계룡시 두마면,경상사고,0,0,1,0,차대차 - 정면충돌,교차로운행방법위반,건조,맑음,교차로 - 교차로안,승용,남,61세,상해없음,이륜,남,58세,경상
2018042900100513,2018년 4월 29일 21시,일요일,충청남도 천안시 서북구 백석동,경상사고,0,0,1,0,차대차 - 측면충돌,안전운전불이행,건조,맑음,단일로 - 기타,승용,남,25세,상해없음,특수,남,45세,경상
2018042900100532,2018년 4월 29일 22시,일요일,충청남도 홍성군 홍북읍,경상사고,0,0,1,0,차대사람 - 횡단중,안전운전불이행,건조,맑음,교차로 - 교차로횡단보도내,승용,여,50세,상해없음,보행자,남,23세,경상
2018043000100078,2018년 4월 30일 07시,월요일,충청남도 천안시 서북구 불당동,부상신고사고,0,0,0,1,차대차 - 기타,안전운전불이행,건조,맑음,교차로 - 교차로안,건설기계,남,45세,상해없음,자전거,남,80세,부상신고
2018043000100079,2018년 4월 30일 07시,월요일,충청남도 서천군 종천면,중상사고,0,1,0,0,차대사람 - 기타,안전운전불이행,건조,맑음,교차로 - 교차로부근,화물,남,63세,상해없음,보행자,여,79세,중상
2018043000100080,2018년 4월 30일 07시,월요일,충청남도 청양군 정산면,경상사고,0,0,1,0,차대차 - 기타,차로위반,건조,맑음,기타 - 기타,승용,남,61세,상해없음,승용,남,53세,경상
2018043000100112,2018년 4월 30일 08시,월요일,충청남도 서산시 석림동,경상사고,0,0,1,0,차대차 - 측면충돌,안전운전불이행,건조,맑음,단일로 - 기타,자전거,남,89세,경상,화물,남,61세,상해없음
2018043000100113,2018년 4월 30일 08시,월요일,충청남도 천안시 서북구 백석동,중상사고,0,1,0,0,차대차 - 기타,불법유턴,건조,맑음,기타 - 기타,원동기,남,36세,중상,승용,여,47세,상해없음
2018043000100114,2018년 4월 30일 08시,월요일,충청남도 천안시 서북구 불당동,중상사고,0,2,0,0,차대차 - 기타,안전거리미확보,건조,맑음,교차로 - 교차로안,화물,남,42세,상해없음,승용,여,56세,중상
2018043000100115,2018년 4월 30일 08시,월요일,충청남도 천안시 서북구 쌍용동,경상사고,0,0,1,0,차대차 - 기타,교차로운행방법위반,건조,맑음,교차로 - 교차로안,승용,여,52세,상해없음,승용,여,47세,경상
2018043000100116,2018년 4월 30일 08시,월요일,충청남도 천안시 서북구 성정동,경상사고,0,0,2,0,차대차 - 기타,직진우회전진행방해,건조,맑음,교차로 - 교차로안,승합,남,36세,상해없음,승용,남,45세,경상
2018043000100117,2018년 4월 30일 08시,월요일,충청남도 계룡시 엄사면,경상사고,0,0,2,0,차대차 - 추돌,안전운전불이행,건조,맑음,교차로 - 교차로부근,화물,남,73세,경상,승용,남,46세,경상
2018043000100147,2018년 4월 30일 09시,월요일,충청남도 천안시 동남구 북면,중상사고,0,1,0,0,차대차 - 추돌,안전운전불이행,건조,맑음,단일로 - 기타,승용,남,64세,상해없음,농기계,남,77세,중상
2018043000100224,2018년 4월 30일 11시,월요일,충청남도 천안시 동남구 대흥동,경상사고,0,0,1,0,차대사람 - 기타,안전운전불이행,건조,맑음,단일로 - 기타,승용,남,51세,상해없음,보행자,남,87세,경상
2018043000100254,2018년 4월 30일 12시,월요일,충청남도 천안시 서북구 백석동,경상사고,0,0,5,0,차대차 - 추돌,안전운전불이행,건조,맑음,단일로 - 기타,화물,남,66세,경상,승용,남,58세,경상
2018043000100255,2018년 4월 30일 12시,월요일,충청남도 논산시 반월동,사망사고,1,1,0,0,차대사람 - 기타,안전운전불이행,건조,맑음,단일로 - 기타,승용,남,64세,중상,보행자,여,80세,사망
2018043000100256,2018년 4월 30일 12시,월요일,충청남도 논산시 부적면,중상사고,0,1,3,0,차대차 - 추돌,안전운전불이행,건조,맑음,교차로 - 교차로부근,승용,남,75세,기타불명,승용,남,47세,경상
2018043000100257,2018년 4월 30일 12시,월요일,충청남도 태안군 안면읍,경상사고,0,0,1,0,차대차 - 측면충돌,안전운전불이행,건조,맑음,단일로 - 기타,화물,남,50세,상해없음,승용,남,36세,경상