사고번호,사고일시,요일,시군구,사고내용,사망자수,중상자수,경상자수,부상신고자수,사고유형,법규위반,노면상태,기상상태,도로형태,가해운전자 차종,가해운전자 성별,가해운전자 연령,가해운전자 상해정도,피해운전자 차종,피해운전자 성별,피해운전자 연령,피해운전자 상해정도
2018043000100292,2018년 4월 30일 13시,월요일,충청남도 서산시 석림동,경상사고,0,0,1,0,차대차 - 측면충돌,교차로운행방법위반,건조,맑음,교차로 - 교차로안,승용,여,26세,상해없음,승용,여,43세,경상
2018043000100293,2018년 4월 30일 13시,월요일,충청남도 당진시 원당리,중상사고,0,1,0,0,차대차 - 추돌,안전운전불이행,건조,맑음,단일로 - 기타,건설기계,남,52세,상해없음,승용,여,50세,중상
2018043000100322,2018년 4월 30일 14시,월요일,충청남도 서산시 고북면,경상사고,0,0,1,0,차대차 - 후진중충돌,안전운전불이행,건조,맑음,교차로 - 교차로안,승용,여,63세,경상,화물,남,78세,상해없음
2018043000100323,2018년 4월 30일 14시,월요일,충청남도 공주시 우성면,중상사고,0,1,0,1,차량단독 - 공작물충돌,안전운전불이행,건조,맑음,교차로 - 교차로안,화물,남,46세,부상신고,,,,
2018043000100324,2018년 4월 30일 14시,월요일,충청남도 예산군 예산읍,중상사고,0,1,0,0,차대차 - 측면충돌,안전운전불이행,건조,맑음,교차로 - 교차로안,화물,남,77세,상해없음,승용,남,53세,중상
2018043000100325,2018년 4월 30일 14시,월요일,충청남도 부여군 부여읍,경상사고,0,0,1,0,차대차 - 기타,중앙선침범,건조,맑음,단일로 - 기타,기타불명,기타불명,미분류,기타불명,승용,여,48세,경상
2018043000100364,2018년 4월 30일 15시,월요일,충청남도 서산시 동문동,경상사고,0,0,1,0,차대차 - 기타,교차로운행방법위반,건조,맑음,교차로 - 교차로안,승용,남,75세,상해없음,승합,남,34세,상해없음
2018043000100365,2018년 4월 30일 15시,월요일,충청남도 아산시 온천동,경상사고,0,0,1,0,차대차 - 측면충돌,안전운전불이행,건조,맑음,교차로 - 교차로안,자전거,남,68세,경상,승용,남,37세,상해없음
2018043000100366,2018년 4월 30일 15시,월요일,충청남도 아산시 권곡동,경상사고,0,0,1,0,차대사람 - 횡단중,안전운전불이행,건조,맑음,교차로 - 교차로횡단보도내,승용,여,36세,상해없음,보행자,여,7세,경상
2018043000100397,2018년 4월 30일 16시,월요일,충청남도 홍성군 홍성읍,중상사고,0,1,0,0,차대차 - 측면충돌,중앙선침범,건조,맑음,단일로 - 기타,이륜,남,65세,상해없음,승용,여,40세,상해없음
2018043000100398,2018년 4월 30일 16시,월요일,충청남도 공주시 의당면,중상사고,0,1,4,0,차대차 - 측면충돌,중앙선침범,건조,맑음,단일로 - 기타,화물,남,75세,상해없음,승용,여,20세,중상
2018043000100399,2018년 4월 30일 16시,월요일,충청남도 당진시 송악읍,중상사고,0,2,0,0,차대차 - 추돌,안전운전불이행,건조,맑음,교차로 - 교차로안,화물,남,60세,상해없음,승용,여,55세,중상
2018043000100486,2018년 4월 30일 18시,월요일,충청남도 서산시 수석동,중상사고,0,2,1,0,차대차 - 정면충돌,과속,건조,맑음,교차로 - 교차로안,승용,남,30세,경상,화물,남,77세,상해없음
2018043000100487,2018년 4월 30일 18시,월요일,충청남도 홍성군 은하면,경상사고,0,0,1,0,차대차 - 측면충돌,안전운전불이행,건조,맑음,단일로 - 기타,화물,남,29세,상해없음,화물,남,37세,상해없음
2018043000100488,2018년 4월 30일 18시,월요일,충청남도 예산군 예산읍,중상사고,0,1,0,0,차대차 - 측면충돌,안전운전불이행,건조,맑음,교차로 - 교차로부근,승용,남,60세,상해없음,승용,남,52세,중상
2018043000100489,2018년 4월 30일 18시,월요일,충청남도 당진시 석문면,경상사고,0,0,1,0,차대차 - 추돌,안전운전불이행,건조,맑음,단일로 - 기타,승용,여,43세,상해없음,승용,여,38세,경상
2018043000100560,2018년 4월 30일 20시,월요일,충청남도 천안시 서북구 성거읍,경상사고,0,0,1,0,차대차 - 측면충돌,안전운전불이행,건조,맑음,단일로 - 기타,승용,남,57세,상해없음,승용,남,30세,경상
2018043000100561,2018년 4월 30일 20시,월요일,충청남도 홍성군 홍성읍,경상사고,0,0,1,0,차대차 - 추돌,기타,건조,맑음,교차로 - 교차로부근,승용,남,51세,상해없음,승용,남,61세,경상
2018043000100616,2018년 4월 30일 22시,월요일,충청남도 아산시 배방읍,부상신고사고,0,0,0,1,차대차 - 기타,안전운전불이행,건조,맑음,단일로 - 기타,기타불명,기타불명,미분류,기타불명,자전거,남,57세,부상신고
2018043000100617,2018년 4월 30일 22시,월요일,충청남도 아산시 용화동,경상사고,0,0,1,0,차대차 - 측면충돌,중앙선침범,건조,맑음,단일로 - 기타,승용,여,45세,상해없음,이륜,남,17세,경상
2018043000100642,2018년 4월 30일 23시,월요일,충청남도 천안시 동남구 신부동,중상사고,0,1,0,0,차대차 - 추돌,안전운전불이행,건조,맑음,단일로 - 기타,이륜,남,22세,중상,승용,남,47세,기타불명
2018050100100009,2018년 5월 1일 00시,화요일,충청남도 청양군 청양읍,경상사고,0,0,1,0,차대차 - 측면충돌,직진우회전진행방해,건조,맑음,교차로 - 교차로안,승용,남,24세,상해없음,승용,여,52세,경상
2018050100100026,2018년 5월 1일 01시,화요일,충청남도 천안시 서북구 성정동,경상사고,0,0,1,0,차대차 - 측면충돌,안전운전불이행,건조,맑음,교차로 - 교차로안,승용,남,26세,상해없음,승용,남,48세,경상
2018050100100040,2018년 5월 1일 02시,화요일,충청남도 논산시 채운면,중상사고,0,1,0,0,차대사람 - 차도통행중,안전운전불이행,건조,맑음,단일로 - 기타,화물,남,42세,상해없음,보행자,남,76세,중상
2018050100100118,2018년 5월 1일 08시,화요일,충청남도 금산군 남일면,사망사고,1,0,1,0,차대차 - 측면충돌,안전운전불이행,건조,맑음,교차로 - 교차로부근,자전거,남,75세,경상,이륜,남,57세,사망
2018050100100170,2018년 5월 1일 10시,화요일,충청남도 서천군 한산면,경상사고,0,0,1,0,차대사람 - 차도통행중,안전운전불이행,건조,맑음,단일로 - 기타,화물,여,39세,상해없음,보행자,여,63세,경상
2018050100100171,2018년 5월 1일 10시,화요일,충청남도 금산군 제원면,중상사고,0,1,1,0,차대차 - 정면충돌,중앙선침범,건조,맑음,단일로 - 기타,승용,여,49세,경상,승용,여,51세,중상
2018050100100172,2018년 5월 1일 10시,화요일,충청남도 천안시 동남구 성남면,경상사고,0,0,4,0,차대차 - 추돌,안전운전불이행,건조,맑음,단일로 - 기타,승용,여,27세,상해없음,승용,남,41세,경상
2018050100100189,2018년 5월 1일 11시,화요일,충청남도 홍성군 홍성읍,중상사고,0,1,0,0,차대차 - 측면충돌,안전운전불이행,건조,맑음,교차로 - 교차로안,화물,남,45세,상해없음,자전거,남,83세,중상
2018050100100190,2018년 5월 1일 11시,화요일,충청남도 아산시 배방읍,중상사고,0,1,2,0,차대차 - 기타,안전운전불이행,기타,흐림,단일로 - 기타,승용,남,65세,상해없음,승용,남,55세,중상
2018050100100216,2018년 5월 1일 12시,화요일,충청남도 공주시 신관동,경상사고,0,0,1,0,차대차 - 추돌,안전운전불이행,건조,맑음,단일로 - 기타,승용,남,67세,상해없음,승용,남,31세,경상
2018050100100217,2018년 5월 1일 12시,화요일,충청남도 천안시 동남구 봉명동,중상사고,0,1,0,0,차대사람 - 기타,안전운전불이행,건조,맑음,단일로 - 기타,승용,남,62세,상해없음,보행자,여,78세,중상
2018050100100250,2018년 5월 1일 13시,화요일,충청남도 아산시 둔포면,중상사고,0,2,0,0,차대차 - 추돌,안전운전불이행,건조,맑음,단일로 - 기타,승용,남,71세,중상,화물,남,61세,중상
2018050100100251,2018년 5월 1일 13시,화요일,충청남도 부여군 은산면,중상사고,0,1,1,0,차대차 - 측면충돌,중앙선침범,건조,흐림,교차로 - 교차로부근,승용,여,49세,상해없음,승용,남,42세,중상
2018050100100280,2018년 5월 1일 14시,화요일,충청남도 공주시 우성면,경상사고,0,0,4,0,차대차 - 측면충돌,안전운전불이행,건조,맑음,교차로 - 교차로안,화물,남,65세,경상,승용,여,41세,경상
2018050100100316,2018년 5월 1일 15시,화요일,충청남도 당진시 석문면,중상사고,0,2,0,0,차대차 - 측면충돌,직진우회전진행방해,건조,맑음,교차로 - 교차로안,승용,여,58세,상해없음,화물,남,62세,중상
2018050100100317,2018년 5월 1일 15시,화요일,충청남도 태안군 안면읍,경상사고,0,0,1,0,차대차 - 측면충돌,안전운전불이행,건조,맑음,교차로 - 교차로안,승용,남,52세,상해없음,이륜,남,78세,경상
2018050100100348,2018년 5월 1일 16시,화요일,충청남도 천안시 동남구 대흥동,중상사고,0,1,0,0,차대사람 - 기타,안전운전불이행,건조,맑음,단일로 - 기타,승용,남,61세,상해없음,보행자,남,45세,중상
2018050100100426,2018년 5월 1일 19시,화요일,충청남도 홍성군 금마면,중상사고,0,2,0,0,차대차 - 추돌,안전운전불이행,건조,맑음,단일로 - 기타,승용,남,56세,상해없음,농기계,남,74세,중상
2018050100100427,2018년 5월 1일 19시,화요일,충청남도 아산시 음봉면,부상신고사고,0,0,0,1,차대차 - 추돌,안전운전불이행,건조,맑음,단일로 - 기타,승용,남,32세,상해없음,승용,남,65세,부상신고
2018050100100460,2018년 5월 1일 20시,화요일,충청남도 천안시 서북구 백석동,중상사고,0,1,0,0,차대사람 - 횡단중,보행자보호의무위반,건조,맑음,교차로 - 교차로안,승용,남,33세,상해없음,보행자,여,12세,중상
2018050100100461,2018년 5월 1일 20시,화요일,충청남도 당진시 우강면,경상사고,0,0,2,0,차대차 - 측면충돌,중앙선침범,건조,흐림,기타 - 기타,화물,여,58세,상해없음,승용,남,50세,경상
2018050100100489,2018년 5월 1일 21시,화요일,충청남도 천안시 서북구 성거읍,부상신고사고,0,0,0,1,차대사람 - 횡단중,보행자보호의무위반,건조,맑음,교차로 - 교차로안,승용,남,57세,상해없음,보행자,여,29세,부상신고
2018050200100072,2018년 5월 2일 06시,수요일,충청남도 천안시 서북구 성성동,중상사고,0,1,0,0,차대차 - 측면충돌,신호위반,젖음/습기,비,교차로 - 교차로안,승용,남,51세,상해없음,승용,남,51세,중상
2018050200100073,2018년 5월 2일 06시,수요일,충청남도 공주시 송선동,중상사고,0,1,5,0,차량단독 - 공작물충돌,안전운전불이행,젖음/습기,비,단일로 - 기타,승용,남,60세,경상,,,,
2018050200100093,2018년 5월 2일 07시,수요일,충청남도 천안시 서북구 성거읍,경상사고,0,0,1,0,차대차 - 기타,교차로운행방법위반,건조,흐림,교차로 - 교차로안,승용,남,43세,경상,화물,남,45세,상해없음
2018050200100094,2018년 5월 2일 07시,수요일,충청남도 천안시 서북구 성환읍,중상사고,0,2,0,0,차대차 - 기타,신호위반,건조,맑음,교차로 - 교차로안,승용,여,62세,상해없음,화물,남,19세,중상
2018050200100130,2018년 5월 2일 08시,수요일,충청남도 천안시 서북구 입장면,경상사고,0,0,1,0,차대차 - 기타,안전거리미확보,건조,맑음,교차로 - 교차로부근,화물,남,50세,상해없음,승용,남,26세,경상
2018050200100131,2018년 5월 2일 08시,수요일,충청남도 아산시 풍기동,경상사고,0,0,1,0,차대사람 - 기타,안전운전불이행,건조,맑음,단일로 - 기타,승용,남,51세,상해없음,보행자,여,31세,경상
2018050200100133,2018년 5월 2일 08시,수요일,충청남도 당진시 석문면,중상사고,0,1,2,0,차대차 - 측면충돌,안전거리미확보,젖음/습기,흐림,교차로 - 교차로부근,승용,여,24세,상해없음,승합,남,52세,상해없음
2018050200100134,2018년 5월 2일 08시,수요일,충청남도 천안시 서북구 성정동,중상사고,0,1,0,0,차대차 - 측면충돌,안전운전불이행,건조,맑음,교차로 - 교차로안,승용,남,28세,상해없음,자전거,여,25세,중상
2018050200100242,2018년 5월 2일 11시,수요일,충청남도 천안시 서북구 직산읍,경상사고,0,0,1,0,차대차 - 측면충돌,안전운전불이행,건조,맑음,교차로 - 교차로안,화물,남,70세,상해없음,화물,남,73세,경상
2018050200100243,2018년 5월 2일 11시,수요일,충청남도 공주시 유구읍,중상사고,0,1,1,0,차대차 - 기타,중앙선침범,건조,맑음,단일로 - 기타,이륜,남,75세,경상,화물,남,63세,상해없음
2018050200100272,2018년 5월 2일 12시,수요일,충청남도 부여군 부여읍,중상사고,0,1,0,0,차대차 - 기타,안전운전불이행,건조,맑음,교차로 - 교차로부근,승용,남,73세,상해없음,이륜,남,75세,중상
2018050200100335,2018년 5월 2일 14시,수요일,충청남도 서산시 읍내동,중상사고,0,1,0,0,차대사람 - 횡단중,안전운전불이행,젖음/습기,비,교차로 - 교차로안,승용,여,37세,상해없음,보행자,여,75세,중상
2018050200100336,2018년 5월 2일 14시,수요일,충청남도 천안시 서북구 쌍용동,경상사고,0,0,1,0,차대차 - 추돌,안전운전불이행,건조,맑음,단일로 - 기타,승용,남,52세,상해없음,화물,남,35세,경상
2018050200100368,2018년 5월 2일 15시,수요일,충청남도 서산시 부석면,중상사고,0,2,0,0,차대차 - 정면충돌,중앙선침범,건조,맑음,단일로 - 기타,승용,여,69세,중상,승용,여,53세,중상
2018050200100369,2018년 5월 2일 15시,수요일,충청남도 서천군 마서면,경상사고,0,0,1,0,차대차 - 추돌,안전거리미확보,젖음/습기,비,교차로 - 교차로부근,승용,남,66세,상해없음,이륜,남,75세,경상
2018050200100370,2018년 5월 2일 15시,수요일,충청남도 천안시 동남구 풍세면,중상사고,0,2,0,0,차대차 - 정면충돌,안전운전불이행,건조,맑음,교차로 - 교차로안,화물,남,49세,상해없음,승용,여,63세,중상
2018050200100407,2018년 5월 2일 16시,수요일,충청남도 홍성군 홍성읍,경상사고,0,0,1,0,차대사람 - 횡단중,안전운전불이행,건조,맑음,단일로 - 기타,승용,여,48세,상해없음,보행자,남,3세,경상
2018050200100440,2018년 5월 2일 17시,수요일,충청남도 천안시 서북구 직산읍,경상사고,0,0,1,0,차대사람 - 차도통행중,안전운전불이행,건조,맑음,단일로 - 기타,승용,여,48세,상해없음,보행자,남,37세,경상
2018050200100441,2018년 5월 2일 17시,수요일,충청남도 아산시 권곡동,중상사고,0,1,0,0,차대차 - 측면충돌,안전운전불이행,건조,맑음,교차로 - 교차로안,승용,남,55세,상해없음,승용,남,35세,중상
2018050200100471,2018년 5월 2일 18시,수요일,충청남도 천안시 서북구 불당동,경상사고,0,0,2,0,차대차 - 기타,안전거리미확보,건조,맑음,단일로 - 기타,승합,남,59세,상해없음,승합,남,58세,경상
2018050200100472,2018년 5월 2일 18시,수요일,충청남도 천안시 동남구 신방동,경상사고,0,0,1,0,차대차 - 측면충돌,신호위반,건조,맑음,교차로 - 교차로안,승용,남,61세,상해없음,승용,남,36세,경상
2018050200100506,2018년 5월 2일 19시,수요일,충청남도 천안시 서북구 성정동,경상사고,0,0,2,0,차대차 - 추돌,안전운전불이행,젖음/습기,비,단일로 - 기타,화물,남,49세,상해없음,승합,여,44세,경상
2018050200100507,2018년 5월 2일 19시,수요일,충청남도 천안시 서북구 불당동,중상사고,0,3,9,0,차대차 - 기타,신호위반,건조,맑음,교차로 - 교차로안,승용,남,57세,상해없음,승합,남,58세,중상
2018050200100509,2018년 5월 2일 19시,수요일,충청남도 당진시 읍내리,경상사고,0,0,2,1,차대차 - 측면충돌,교차로운행방법위반,건조,맑음,교차로 - 교차로안,승용,남,49세,부상신고,승용,여,38세,경상
2018050200100542,2018년 5월 2일 20시,수요일,충청남도 천안시 서북구 성환읍,중상사고,0,2,2,0,차대차 - 기타,기타,건조,맑음,단일로 - 기타,화물,남,59세,상해없음,승용,남,37세,경상
2018050200100575,2018년 5월 2일 21시,수요일,충청남도 당진시 채운동,중상사고,0,1,2,0,차대차 - 추돌,안전운전불이행,건조,맑음,교차로 - 교차로부근,승용,남,46세,상해없음,승용,남,32세,경상
2018050200100576,2018년 5월 2일 21시,수요일,충청남도 천안시 동남구 신부동,경상사고,0,0,1,0,차대사람 - 횡단중,보행자보호의무위반,건조,맑음,교차로 - 교차로부근,승용,여,65세,상해없음,보행자,남,44세,경상
2018050200100577,2018년 5월 2일 21시,수요일,충청남도 천안시 동남구 신부동,경상사고,0,0,1,0,차대차 - 측면충돌,안전운전불이행,건조,맑음,단일로 - 기타,승용,남,64세,상해없음,이륜,남,32세,경상
2018050200100625,2018년 5월 2일 23시,수요일,충청남도 보령시 신흑동,경상사고,0,0,3,0,차대차 - 추돌,안전운전불이행,건조,맑음,교차로 - 교차로안,화물,남,62세,상해없음,승용,여,21세,경상
2018050300100014,2018년 5월 3일 00시,목요일,충청남도 서산시 읍내동,중상사고,0,4,1,0,차대차 - 측면충돌,중앙선침범,건조,맑음,단일로 - 기타,승용,남,33세,상해없음,승용,남,50세,상해없음
2018050300100015,2018년 5월 3일 00시,목요일,충청남도 아산시 온천동,경상사고,0,0,2,0,차대차 - 추돌,안전운전불이행,건조,맑음,단일로 - 기타,승용,남,26세,상해없음,승용,남,45세,경상
2018050300100033,2018년 5월 3일 01시,목요일,충청남도 천안시 서북구 성정동,경상사고,0,0,1,0,차대사람 - 기타,보행자보호의무위반,건조,맑음,교차로 - 교차로횡단보도내,화물,남,81세,상해없음,보행자,남,28세,경상
2018050300100064,2018년 5월 3일 05시,목요일,충청남도 공주시 금성동,중상사고,0,1,1,0,차대차 - 측면충돌,안전운전불이행,건조,맑음,교차로 - 교차로부근,승용,여,54세,경상,이륜,남,68세,중상
2018050300100096,2018년 5월 3일 07시,목요일,충청남도 천안시 서북구 두정동,경상사고,0,0,1,0,차대차 - 기타,신호위반,건조,맑음,교차로 - 교차로안,승합,남,64세,상해없음,승용,남,55세,경상
2018050300100098,2018년 5월 3일 07시,목요일,충청남도 천안시 서북구 성성동,경상사고,0,0,1,0,차대차 - 추돌,안전운전불이행,건조,맑음,교차로 - 교차로부근,승용,남,62세,상해없음,승용,남,38세,경상
2018050300100099,2018년 5월 3일 07시,목요일,충청남도 천안시 서북구 두정동,경상사고,0,0,1,0,차대차 - 추돌,안전거리미확보,건조,맑음,단일로 - 기타,승용,남,18세,상해없음,승용,남,25세,경상
2018050300100100,2018년 5월 3일 07시,목요일,충청남도 천안시 동남구 병천면,경상사고,0,0,1,0,차대차 - 기타,안전운전불이행,건조,맑음,교차로 - 교차로안,이륜,남,63세,상해없음,화물,남,63세,경상
2018050300100137,2018년 5월 3일 08시,목요일,충청남도 공주시 반포면,중상사고,0,1,0,0,차대차 - 추돌,안전운전불이행,건조,맑음,교차로 - 교차로부근,승용,여,40세,기타불명,승용,여,37세,중상
2018050300100139,2018년 5월 3일 08시,목요일,충청남도 예산군 예산읍,경상사고,0,0,1,0,차대사람 - 횡단중,보행자보호의무위반,건조,맑음,단일로 - 기타,승용,남,62세,상해없음,보행자,여,6세,경상
2018050300100203,2018년 5월 3일 10시,목요일,충청남도 서산시 읍내동,중상사고,0,1,0,0,차대차 - 측면충돌,교차로운행방법위반,건조,맑음,교차로 - 교차로안,자전거,남,67세,중상,승용,여,48세,상해없음
2018050300100230,2018년 5월 3일 11시,목요일,충청남도 천안시 동남구 사직동,부상신고사고,0,0,0,1,차대차 - 기타,안전운전불이행,건조,맑음,단일로 - 기타,승용,남,72세,상해없음,승용,여,45세,부상신고
2018050300100292,2018년 5월 3일 13시,목요일,충청남도 천안시 서북구 백석동,경상사고,0,0,1,0,차대사람 - 횡단중,보행자보호의무위반,건조,맑음,교차로 - 교차로안,승용,남,48세,상해없음,보행자,여,57세,경상
2018050300100323,2018년 5월 3일 14시,목요일,충청남도 당진시 읍내리,중상사고,0,1,0,0,차대차 - 측면충돌,안전운전불이행,건조,맑음,단일로 - 기타,화물,남,74세,상해없음,화물,여,49세,중상
2018050300100360,2018년 5월 3일 15시,목요일,충청남도 천안시 동남구 봉명동,중상사고,0,1,0,0,차대사람 - 횡단중,보행자보호의무위반,건조,맑음,단일로 - 기타,화물,남,62세,상해없음,보행자,여,66세,중상
2018050300100409,2018년 5월 3일 16시,목요일,충청남도 천안시 서북구 불당동,경상사고,0,0,1,0,차대사람 - 횡단중,안전운전불이행,건조,맑음,단일로 - 기타,승용,남,41세,상해없음,보행자,남,8세,경상
2018050300100410,2018년 5월 3일 16시,목요일,충청남도 당진시 읍내리,중상사고,0,1,0,0,차대차 - 기타,안전운전불이행,건조,맑음,주차장 - 주차장,승용,여,53세,상해없음,화물,남,41세,중상
2018050300100450,2018년 5월 3일 17시,목요일,충청남도 아산시 신창면,중상사고,0,1,0,0,차대차 - 측면충돌,안전운전불이행,건조,맑음,교차로 - 교차로안,승용,여,38세,상해없음,승용,여,62세,중상
2018050300100451,2018년 5월 3일 17시,목요일,충청남도 당진시 면천면,중상사고,0,1,2,0,차대차 - 정면충돌,중앙선침범,건조,맑음,단일로 - 기타,승용,여,39세,상해없음,승용,남,68세,중상
2018050300100495,2018년 5월 3일 18시,목요일,충청남도 천안시 동남구 원성동,경상사고,0,0,1,0,차대차 - 측면충돌,안전운전불이행,건조,맑음,교차로 - 교차로안,승용,남,69세,상해없음,승용,남,51세,경상
2018050300100532,2018년 5월 3일 19시,목요일,충청남도 논산시 성동면,경상사고,0,0,2,0,차대차 - 측면충돌,안전운전불이행,건조,맑음,교차로 - 교차로부근,화물,남,64세,상해없음,승용,여,31세,경상
2018050300100533,2018년 5월 3일 19시,목요일,충청남도 공주시 신관동,경상사고,0,0,1,0,차대사람 - 횡단중,안전운전불이행,건조,맑음,기타 - 기타,승용,여,26세,상해없음,보행자,남,20세,경상
2018050300100535,2018년 5월 3일 19시,목요일,충청남도 당진시 채운동,중상사고,0,1,0,0,차대차 - 정면충돌,중앙선침범,건조,맑음,단일로 - 기타,승용,남,61세,상해없음,승용,남,48세,중상
2018050300100563,2018년 5월 3일 20시,목요일,충청남도 논산시 채운면,중상사고,0,1,0,0,차대차 - 추돌,안전거리미확보,건조,맑음,단일로 - 기타,기타불명,기타불명,미분류,기타불명,농기계,남,65세,중상
2018050300100564,2018년 5월 3일 20시,목요일,충청남도 아산시 권곡동,중상사고,0,2,0,0,차대사람 - 기타,안전운전불이행,건조,맑음,교차로 - 교차로안,이륜,남,24세,중상,보행자,남,49세,중상
2018050300100600,2018년 5월 3일 21시,목요일,충청남도 논산시 취암동,경상사고,0,0,2,0,차대차 - 측면충돌,안전운전불이행,건조,맑음,단일로 - 기타,승용,여,53세,상해없음,승용,남,25세,경상
2018050300100627,2018년 5월 3일 22시,목요일,충청남도 공주시 신관동,경상사고,0,0,2,0,차대차 - 기타,안전운전불이행,건조,흐림,단일로 - 기타,승용,남,39세,상해없음,승용,남,58세,경상
2018050400100029,2018년 5월 4일 01시,금요일,충청남도 아산시 실옥동,경상사고,0,0,2,0,차대차 - 추돌,안전운전불이행,건조,맑음,단일로 - 기타,승용,남,25세,상해없음,승용,남,29세,경상
2018050400100030,2018년 5월 4일 01시,금요일,충청남도 당진시 읍내리,경상사고,0,0,1,0,차대차 - 측면충돌,교차로운행방법위반,건조,맑음,교차로 - 교차로안,승용,남,20세,상해없음,승용,남,43세,상해없음
2018050400100042,2018년 5월 4일 03시,금요일,충청남도 서산시 성연면,중상사고,0,1,0,0,차량단독 - 공작물충돌,안전운전불이행,건조,맑음,단일로 - 기타,승용,남,24세,중상,,,,
2018050400100085,2018년 5월 4일 07시,금요일,충청남도 천안시 서북구 업성동,경상사고,0,0,1,0,차대차 - 후진중충돌,안전운전불이행,건조,맑음,주차장 - 주차장,건설기계,남,60세,상해없음,승용,남,27세,경상
2018050400100086,2018년 5월 4일 07시,금요일,충청남도 예산군 덕산면,중상사고,0,1,0,0,차대차 - 기타,직진우회전진행방해,건조,맑음,교차로 - 교차로안,승용,여,58세,상해없음,화물,남,64세,중상
2018050400100087,2018년 5월 4일 07시,금요일,충청남도 당진시 송악읍,중상사고,0,1,0,0,차대차 - 측면충돌,교차로운행방법위반,건조,맑음,교차로 - 교차로안,승용,남,22세,상해없음,승용,여,30세,중상
2018050400100088,2018년 5월 4일 07시,금요일,충청남도 천안시 동남구 풍세면,중상사고,0,1,0,0,차대차 - 측면충돌,교차로운행방법위반,건조,맑음,교차로 - 교차로안,화물,남,27세,상해없음,자전거,남,73세,중상
2018050400100118,2018년 5월 4일 08시,금요일,충청남도 천안시 서북구 불당동,경상사고,0,0,1,0,차대차 - 측면충돌,안전운전불이행,건조,맑음,교차로 - 교차로안,승용,남,31세,상해없음,자전거,남,14세,경상
2018050400100119,2018년 5월 4일 08시,금요일,충청남도 당진시 합덕읍,중상사고,0,1,0,0,차대차 - 측면충돌,교차로운행방법위반,건조,맑음,교차로 - 교차로안,승용,여,58세,상해없음,자전거,남,86세,중상
2018050400100151,2018년 5월 4일 09시,금요일,충청남도 천안시 동남구 용곡동,경상사고,0,0,2,0,차대차 - 측면충돌,신호위반,건조,맑음,교차로 - 교차로안,승용,남,61세,상해없음,승용,여,33세,경상
2018050400100152,2018년 5월 4일 09시,금요일,충청남도 천안시 동남구 광덕면,경상사고,0,0,2,0,차대차 - 기타,안전운전불이행,건조,맑음,단일로 - 터널,화물,남,50세,상해없음,승용,여,51세,경상
2018050400100221,2018년 5월 4일 11시,금요일,충청남도 당진시 읍내리,중상사고,0,1,0,0,차대차 - 측면충돌,안전운전불이행,건조,맑음,교차로 - 교차로부근,승용,남,73세,상해없음,자전거,남,82세,중상
2018050400100268,2018년 5월 4일 13시,금요일,충청남도 천안시 서북구 불당동,경상사고,0,0,1,0,차대차 - 측면충돌,교차로운행방법위반,건조,맑음,교차로 - 교차로안,화물,남,63세,상해없음,승용,남,49세,경상
2018050400100271,2018년 5월 4일 13시,금요일,충청남도 서천군 서천읍,경상사고,0,0,3,0,차대차 - 추돌,안전운전불이행,건조,맑음,단일로 - 기타,승용,남,70세,상해없음,승용,남,31세,경상
2018050400100324,2018년 5월 4일 14시,금요일,충청남도 천안시 서북구 백석동,부상신고사고,0,0,0,1,차대차 - 측면충돌,안전운전불이행,건조,맑음,교차로 - 교차로부근,승용,여,75세,상해없음,승용,여,41세,부상신고
2018050400100367,2018년 5월 4일 15시,금요일,충청남도 예산군 응봉면,경상사고,0,0,2,0,차대차 - 기타,안전운전불이행,건조,맑음,단일로 - 기타,화물,남,71세,경상,화물,남,40세,경상
2018050400100368,2018년 5월 4일 15시,금요일,충청남도 당진시 신평면,경상사고,0,0,1,0,차대차 - 추돌,안전거리미확보,건조,맑음,단일로 - 기타,승용,남,31세,상해없음,승용,남,43세,경상
2018050400100408,2018년 5월 4일 16시,금요일,충청남도 논산시 광석면,중상사고,0,1,0,0,차대사람 - 기타,안전운전불이행,건조,맑음,단일로 - 지하차도(도로)내,승합,남,58세,상해없음,보행자,남,81세,중상
2018050400100465,2018년 5월 4일 17시,금요일,충청남도 천안시 서북구 차암동,경상사고,0,0,1,0,차대차 - 측면충돌,차로위반,건조,맑음,교차로 - 교차로부근,승용,남,31세,상해없음,승용,여,32세,경상
2018050400100466,2018년 5월 4일 17시,금요일,충청남도 공주시 월송동,경상사고,0,0,2,0,차대차 - 측면충돌,안전운전불이행,건조,맑음,교차로 - 교차로안,승용,남,24세,상해없음,승용,남,30세,경상
2018050400100467,2018년 5월 4일 17시,금요일,충청남도 청양군 장평면,사망사고,1,0,0,0,차량단독 - 공작물충돌,안전운전불이행,건조,맑음,단일로 - 기타,승용,남,70세,상해없음,,,,
2018050400100468,2018년 5월 4일 17시,금요일,충청남도 공주시 정안면,경상사고,0,0,3,0,차대차 - 기타,안전운전불이행,건조,맑음,단일로 - 기타,승용,여,45세,상해없음,승용,여,46세,경상
2018050400100511,2018년 5월 4일 18시,금요일,충청남도 공주시 신관동,경상사고,0,0,1,0,차대사람 - 차도통행중,안전운전불이행,건조,맑음,교차로 - 교차로안,원동기,남,18세,기타불명,보행자,여,48세,경상
2018050400100512,2018년 5월 4일 18시,금요일,충청남도 천안시 동남구 성황동,경상사고,0,0,1,0,차대차 - 측면충돌,직진우회전진행방해,건조,맑음,교차로 - 교차로안,화물,남,63세,상해없음,자전거,남,42세,경상