사고번호,사고일시,요일,시군구,사고내용,사망자수,중상자수,경상자수,부상신고자수,사고유형,법규위반,노면상태,기상상태,도로형태,가해운전자 차종,가해운전자 성별,가해운전자 연령,가해운전자 상해정도,피해운전자 차종,피해운전자 성별,피해운전자 연령,피해운전자 상해정도
2018050400100553,2018년 5월 4일 19시,금요일,충청남도 홍성군 홍성읍,중상사고,0,1,0,0,차대차 - 기타,신호위반,건조,맑음,교차로 - 교차로안,승용,여,76세,상해없음,이륜,남,30세,중상
2018050400100554,2018년 5월 4일 19시,금요일,충청남도 보령시 주교면,경상사고,0,0,1,0,차대사람 - 기타,안전운전불이행,건조,맑음,단일로 - 기타,승합,남,59세,상해없음,보행자,여,17세,경상
2018050400100603,2018년 5월 4일 20시,금요일,충청남도 천안시 서북구 백석동,경상사고,0,0,1,0,차대차 - 측면충돌,교차로운행방법위반,건조,맑음,교차로 - 교차로안,승용,남,48세,상해없음,승용,남,23세,상해없음
2018050400100604,2018년 5월 4일 20시,금요일,충청남도 아산시 용화동,경상사고,0,0,2,0,차대차 - 측면충돌,중앙선침범,건조,맑음,교차로 - 교차로안,승용,남,55세,상해없음,승용,여,30세,경상
2018050400100605,2018년 5월 4일 20시,금요일,충청남도 공주시 사곡면,중상사고,0,1,1,0,차대차 - 추돌,안전운전불이행,건조,맑음,단일로 - 기타,승용,남,29세,상해없음,농기계,남,48세,중상
2018050400100633,2018년 5월 4일 21시,금요일,충청남도 천안시 서북구 성정동,경상사고,0,0,2,0,차대차 - 기타,직진우회전진행방해,건조,맑음,교차로 - 교차로안,승합,남,36세,상해없음,승용,여,36세,경상
2018050400100634,2018년 5월 4일 21시,금요일,충청남도 당진시 순성면,중상사고,0,1,0,0,차량단독 - 공작물충돌,안전운전불이행,건조,맑음,교차로 - 교차로부근,승용,남,67세,중상,,,,
2018050500100014,2018년 5월 5일 00시,토요일,충청남도 논산시 연산면,사망사고,1,0,0,0,차량단독 - 공작물충돌,안전운전불이행,건조,맑음,교차로 - 교차로부근,승용,남,35세,사망,,,,
2018050500100016,2018년 5월 5일 00시,토요일,충청남도 천안시 동남구 봉명동,경상사고,0,0,1,0,차대차 - 측면충돌,안전운전불이행,건조,맑음,단일로 - 기타,승용,남,32세,상해없음,승용,남,30세,경상
2018050500100039,2018년 5월 5일 01시,토요일,충청남도 공주시 반죽동,경상사고,0,0,1,0,차대차 - 측면충돌,신호위반,건조,맑음,교차로 - 교차로안,승용,남,44세,기타불명,승용,남,18세,경상
2018050500100128,2018년 5월 5일 07시,토요일,충청남도 서산시 대산읍,경상사고,0,0,1,0,차대차 - 추돌,안전운전불이행,건조,맑음,단일로 - 기타,승용,남,57세,상해없음,승용,남,46세,경상
2018050500100129,2018년 5월 5일 07시,토요일,충청남도 당진시 채운동,경상사고,0,0,1,0,차대차 - 측면충돌,직진우회전진행방해,건조,맑음,교차로 - 교차로안,승용,기타불명,미분류,기타불명,화물,남,57세,경상
2018050500100229,2018년 5월 5일 11시,토요일,충청남도 천안시 서북구 불당동,경상사고,0,0,1,0,차대차 - 기타,불법유턴,건조,맑음,단일로 - 기타,승용,남,37세,상해없음,자전거,여,45세,경상
2018050500100230,2018년 5월 5일 11시,토요일,충청남도 부여군 임천면,경상사고,0,0,1,0,차대차 - 정면충돌,중앙선침범,건조,맑음,단일로 - 기타,이륜,남,27세,경상,승용,여,62세,상해없음
2018050500100231,2018년 5월 5일 11시,토요일,충청남도 서천군 종천면,경상사고,0,0,4,0,차대차 - 추돌,안전운전불이행,건조,맑음,단일로 - 기타,승용,남,30세,상해없음,승용,남,26세,경상
2018050500100262,2018년 5월 5일 12시,토요일,충청남도 홍성군 장곡면,경상사고,0,0,3,0,차대차 - 정면충돌,중앙선침범,건조,맑음,기타 - 기타,승용,여,60세,상해없음,승용,여,20세,경상
2018050500100263,2018년 5월 5일 12시,토요일,충청남도 홍성군 갈산면,경상사고,0,0,6,0,차대차 - 측면충돌,안전운전불이행,건조,맑음,기타 - 기타,화물,남,65세,상해없음,승용,여,45세,경상
2018050500100294,2018년 5월 5일 13시,토요일,충청남도 공주시 신관동,경상사고,0,0,1,0,차대차 - 측면충돌,안전운전불이행,건조,맑음,주차장 - 주차장,이륜,남,82세,기타불명,승용,여,42세,상해없음
2018050500100328,2018년 5월 5일 14시,토요일,충청남도 서천군 마산면,경상사고,0,0,2,0,차대차 - 측면충돌,직진우회전진행방해,건조,맑음,교차로 - 교차로안,승용,남,30세,경상,화물,여,57세,경상
2018050500100329,2018년 5월 5일 14시,토요일,충청남도 천안시 동남구 신부동,경상사고,0,0,1,0,차대차 - 측면충돌,안전거리미확보,건조,맑음,단일로 - 기타,승용,남,57세,상해없음,이륜,남,54세,경상
2018050500100365,2018년 5월 5일 15시,토요일,충청남도 홍성군 홍북읍,경상사고,0,0,1,0,차대차 - 추돌,안전거리미확보,건조,맑음,교차로 - 교차로부근,승용,남,23세,상해없음,승용,남,55세,경상
2018050500100366,2018년 5월 5일 15시,토요일,충청남도 당진시 송산면,경상사고,0,0,1,0,차대차 - 기타,교차로운행방법위반,건조,맑음,교차로 - 교차로안,승용,남,34세,상해없음,승용,남,49세,경상
2018050500100367,2018년 5월 5일 15시,토요일,충청남도 천안시 동남구 원성동,중상사고,0,1,6,0,차대차 - 추돌,안전운전불이행,건조,맑음,단일로 - 기타,승용,남,56세,상해없음,승용,여,62세,경상
2018050500100407,2018년 5월 5일 16시,토요일,충청남도 공주시 옥룡동,중상사고,0,1,0,0,차대차 - 추돌,안전운전불이행,건조,맑음,단일로 - 기타,승용,여,46세,상해없음,자전거,여,71세,중상
2018050500100455,2018년 5월 5일 17시,토요일,충청남도 천안시 서북구 신당동,부상신고사고,0,0,0,1,차대차 - 측면충돌,안전거리미확보,건조,맑음,단일로 - 기타,승용,남,82세,상해없음,이륜,남,16세,부상신고
2018050500100456,2018년 5월 5일 17시,토요일,충청남도 천안시 서북구 두정동,경상사고,0,0,1,0,차대차 - 측면충돌,안전운전불이행,건조,맑음,교차로 - 교차로안,승용,남,78세,상해없음,화물,남,51세,경상
2018050500100457,2018년 5월 5일 17시,토요일,충청남도 아산시 득산동,경상사고,0,0,1,0,차대차 - 추돌,안전운전불이행,건조,맑음,단일로 - 기타,승용,남,64세,상해없음,승용,남,27세,경상
2018050500100458,2018년 5월 5일 17시,토요일,충청남도 공주시 정안면,경상사고,0,0,1,0,차대차 - 측면충돌,안전운전불이행,건조,맑음,단일로 - 기타,승합,남,35세,상해없음,승용,남,36세,경상
2018050500100493,2018년 5월 5일 18시,토요일,충청남도 천안시 서북구 성정동,경상사고,0,0,1,0,차대차 - 기타,직진우회전진행방해,건조,맑음,교차로 - 교차로안,이륜,남,36세,상해없음,승용,여,45세,경상
2018050500100554,2018년 5월 5일 20시,토요일,충청남도 서산시 석남동,중상사고,0,1,0,0,차대차 - 측면충돌,불법유턴,건조,맑음,교차로 - 교차로부근,승용,남,32세,상해없음,이륜,남,45세,중상
2018050500100555,2018년 5월 5일 20시,토요일,충청남도 논산시 취암동,중상사고,0,1,0,0,차대사람 - 횡단중,보행자보호의무위반,건조,맑음,단일로 - 기타,기타불명,기타불명,미분류,기타불명,보행자,남,28세,중상
2018050500100556,2018년 5월 5일 20시,토요일,충청남도 천안시 동남구 삼룡동,경상사고,0,0,2,0,차대차 - 추돌,안전운전불이행,건조,맑음,단일로 - 기타,승용,남,25세,상해없음,승용,남,49세,경상
2018050500100585,2018년 5월 5일 21시,토요일,충청남도 공주시 우성면,경상사고,0,0,3,0,차대차 - 측면충돌,안전운전불이행,건조,맑음,교차로 - 교차로부근,화물,남,52세,상해없음,화물,남,38세,경상
2018050500100586,2018년 5월 5일 21시,토요일,충청남도 예산군 덕산면,사망사고,1,0,0,0,차량단독 - 도로외이탈 - 추락,안전운전불이행,건조,흐림,단일로 - 기타,승용,남,25세,사망,,,,
2018050500100612,2018년 5월 5일 22시,토요일,충청남도 청양군 청남면,중상사고,0,2,1,0,차대차 - 정면충돌,중앙선침범,건조,맑음,교차로 - 교차로부근,화물,남,50세,상해없음,승용,여,29세,중상
2018050500100613,2018년 5월 5일 22시,토요일,충청남도 천안시 동남구 구룡동,경상사고,0,0,4,0,차대차 - 측면충돌,중앙선침범,건조,맑음,단일로 - 기타,승용,남,46세,상해없음,승용,남,35세,경상
2018050600100017,2018년 5월 6일 00시,일요일,충청남도 공주시 신관동,중상사고,0,2,2,0,차대차 - 측면충돌,신호위반,건조,흐림,교차로 - 교차로안,승용,남,58세,상해없음,승용,남,21세,경상
2018050600100033,2018년 5월 6일 01시,일요일,충청남도 공주시 신관동,경상사고,0,0,4,0,차대차 - 추돌,안전운전불이행,젖음/습기,비,교차로 - 교차로부근,승용,남,25세,기타불명,승용,남,55세,경상
2018050600100052,2018년 5월 6일 02시,일요일,충청남도 홍성군 은하면,경상사고,0,0,2,0,차대차 - 추돌,안전운전불이행,젖음/습기,비,단일로 - 기타,승용,남,58세,상해없음,승용,남,41세,경상
2018050600100082,2018년 5월 6일 04시,일요일,충청남도 천안시 서북구 직산읍,경상사고,0,0,6,0,차대차 - 추돌,안전운전불이행,젖음/습기,비,교차로 - 교차로횡단보도내,승용,남,21세,상해없음,화물,남,60세,경상
2018050600100149,2018년 5월 6일 10시,일요일,충청남도 서산시 석남동,경상사고,0,0,1,0,차대차 - 측면충돌,중앙선침범,젖음/습기,비,단일로 - 기타,승용,남,42세,상해없음,승합,남,60세,경상
2018050600100150,2018년 5월 6일 10시,일요일,충청남도 천안시 서북구 쌍용동,중상사고,0,1,0,0,차대차 - 측면충돌,안전운전불이행,젖음/습기,흐림,교차로 - 교차로안,승용,여,42세,상해없음,승용,남,46세,중상
2018050600100161,2018년 5월 6일 11시,일요일,충청남도 논산시 양촌면,중상사고,0,2,0,0,차대차 - 정면충돌,중앙선침범,젖음/습기,비,단일로 - 기타,승용,남,51세,중상,승용,남,76세,중상
2018050600100182,2018년 5월 6일 12시,일요일,충청남도 태안군 소원면,중상사고,0,1,5,0,차대차 - 측면충돌,교차로운행방법위반,젖음/습기,비,교차로 - 교차로안,승용,남,66세,경상,승용,남,47세,경상
2018050600100218,2018년 5월 6일 13시,일요일,충청남도 당진시 석문면,경상사고,0,0,2,0,차대차 - 측면충돌,안전운전불이행,젖음/습기,비,단일로 - 기타,승용,남,27세,상해없음,승합,남,56세,경상
2018050600100219,2018년 5월 6일 13시,일요일,충청남도 당진시 신평면,경상사고,0,0,1,0,차대차 - 측면충돌,교차로운행방법위반,젖음/습기,비,교차로 - 교차로안,승용,여,37세,상해없음,승용,여,55세,경상
2018050600100248,2018년 5월 6일 14시,일요일,충청남도 천안시 서북구 입장면,중상사고,0,2,0,0,차대차 - 정면충돌,교차로운행방법위반,젖음/습기,흐림,교차로 - 교차로부근,승용,여,54세,상해없음,승용,남,49세,중상
2018050600100249,2018년 5월 6일 14시,일요일,충청남도 논산시 연무읍,부상신고사고,0,0,0,1,차대차 - 정면충돌,안전운전불이행,젖음/습기,비,교차로 - 교차로부근,승용,남,67세,부상신고,승용,여,28세,기타불명
2018050600100250,2018년 5월 6일 14시,일요일,충청남도 서천군 서면,경상사고,0,0,1,0,차대차 - 후진중충돌,안전운전불이행,젖음/습기,비,단일로 - 기타,승용,남,42세,상해없음,승용,남,49세,경상
2018050600100251,2018년 5월 6일 14시,일요일,충청남도 예산군 봉산면,중상사고,0,1,0,0,차량단독 - 공작물충돌,안전운전불이행,젖음/습기,비,단일로 - 기타,승용,여,48세,상해없음,,,,
2018050600100283,2018년 5월 6일 16시,일요일,충청남도 서산시 대산읍,경상사고,0,0,1,0,차대차 - 측면충돌,신호위반,건조,맑음,교차로 - 교차로부근,화물,남,56세,경상,승합,여,57세,상해없음
2018050600100300,2018년 5월 6일 17시,일요일,충청남도 천안시 동남구 성남면,경상사고,0,0,3,0,차대차 - 측면충돌,안전운전불이행,건조,맑음,교차로 - 교차로안,승용,남,58세,경상,승용,여,59세,경상
2018050600100349,2018년 5월 6일 19시,일요일,충청남도 공주시 신관동,경상사고,0,0,1,0,차대사람 - 기타,안전운전불이행,젖음/습기,흐림,단일로 - 기타,승용,남,54세,상해없음,보행자,남,52세,경상
2018050600100350,2018년 5월 6일 19시,일요일,충청남도 천안시 동남구 병천면,중상사고,0,1,0,0,차대차 - 추돌,안전운전불이행,젖음/습기,비,교차로 - 교차로부근,승용,남,52세,상해없음,농기계,남,76세,중상
2018050600100351,2018년 5월 6일 19시,일요일,충청남도 천안시 동남구 동면,중상사고,0,6,1,0,차대차 - 측면충돌,중앙선침범,건조,맑음,단일로 - 기타,승용,남,58세,중상,승용,남,39세,중상
2018050600100370,2018년 5월 6일 20시,일요일,충청남도 천안시 서북구 입장면,중상사고,0,1,0,0,차대사람 - 차도통행중,안전운전불이행,건조,흐림,단일로 - 기타,승용,여,48세,상해없음,보행자,남,45세,중상
2018050600100371,2018년 5월 6일 20시,일요일,충청남도 아산시 둔포면,경상사고,0,0,2,0,차대차 - 추돌,안전운전불이행,건조,맑음,교차로 - 교차로안,화물,남,72세,상해없음,승합,남,35세,상해없음
2018050600100393,2018년 5월 6일 21시,일요일,충청남도 공주시 금학동,경상사고,0,0,2,0,차대차 - 측면충돌,안전운전불이행,건조,맑음,교차로 - 교차로안,승용,남,33세,상해없음,이륜,남,34세,경상
2018050600100395,2018년 5월 6일 21시,일요일,충청남도 천안시 동남구 신방동,중상사고,0,1,0,0,차대사람 - 기타,안전운전불이행,건조,맑음,단일로 - 기타,승용,남,26세,상해없음,보행자,남,53세,중상
2018050600100437,2018년 5월 6일 23시,일요일,충청남도 아산시 배방읍,경상사고,0,0,1,0,차대차 - 측면충돌,안전운전불이행,건조,맑음,단일로 - 기타,승용,남,48세,상해없음,이륜,남,63세,경상
2018050700100008,2018년 5월 7일 00시,월요일,충청남도 태안군 고남면,사망사고,1,0,0,0,차대사람 - 기타,안전운전불이행,젖음/습기,흐림,단일로 - 기타,기타불명,기타불명,미분류,기타불명,보행자,남,46세,사망
2018050700100010,2018년 5월 7일 00시,월요일,충청남도 당진시 용연리,사망사고,1,0,0,0,차대차 - 추돌,안전운전불이행,젖음/습기,비,단일로 - 교량,승합,남,36세,상해없음,승용,남,30세,사망
2018050700100038,2018년 5월 7일 02시,월요일,충청남도 홍성군 홍북읍,중상사고,0,2,0,0,차대차 - 정면충돌,안전운전불이행,건조,맑음,교차로 - 교차로부근,승용,남,24세,중상,건설기계,남,38세,상해없음
2018050700100054,2018년 5월 7일 04시,월요일,충청남도 천안시 서북구 두정동,중상사고,0,1,0,0,차대차 - 측면충돌,안전운전불이행,건조,맑음,단일로 - 기타,승용,남,24세,상해없음,이륜,남,28세,중상
2018050700100067,2018년 5월 7일 05시,월요일,충청남도 서산시 동문동,경상사고,0,0,1,0,차대차 - 측면충돌,교차로운행방법위반,건조,맑음,교차로 - 교차로안,승용,여,21세,기타불명,승용,남,30세,경상
2018050700100068,2018년 5월 7일 05시,월요일,충청남도 천안시 서북구 두정동,경상사고,0,0,2,0,차대차 - 후진중충돌,안전운전불이행,건조,맑음,교차로 - 교차로안,승용,남,24세,상해없음,승용,남,32세,상해없음
2018050700100170,2018년 5월 7일 11시,월요일,충청남도 천안시 동남구 사직동,부상신고사고,0,0,0,1,차대사람 - 차도통행중,안전운전불이행,건조,맑음,단일로 - 기타,승용,여,49세,상해없음,보행자,남,58세,부상신고
2018050700100171,2018년 5월 7일 11시,월요일,충청남도 천안시 동남구 용곡동,경상사고,0,0,4,0,차대차 - 측면충돌,안전거리미확보,건조,맑음,단일로 - 고가도로위,승용,남,57세,상해없음,승합,남,57세,경상
2018050700100197,2018년 5월 7일 12시,월요일,충청남도 당진시 석문면,중상사고,0,1,0,0,차대차 - 측면충돌,안전운전불이행,건조,맑음,단일로 - 기타,이륜,남,67세,중상,승용,남,38세,상해없음
2018050700100228,2018년 5월 7일 13시,월요일,충청남도 공주시 유구읍,중상사고,0,5,0,0,차대차 - 추돌,안전운전불이행,건조,맑음,교차로 - 교차로부근,승용,여,53세,중상,승용,남,29세,중상
2018050700100229,2018년 5월 7일 13시,월요일,충청남도 청양군 남양면,경상사고,0,0,1,0,차량단독 - 도로외이탈 - 기타,안전운전불이행,건조,맑음,기타 - 기타,건설기계,남,41세,경상,,,,
2018050700100262,2018년 5월 7일 14시,월요일,충청남도 서천군 서천읍,중상사고,0,1,0,0,차대사람 - 차도통행중,안전운전불이행,건조,맑음,단일로 - 기타,화물,남,71세,상해없음,보행자,여,53세,중상
2018050700100321,2018년 5월 7일 16시,월요일,충청남도 아산시 용화동,경상사고,0,0,2,0,차대차 - 기타,안전운전불이행,기타,맑음,교차로 - 교차로안,승용,여,50세,상해없음,승용,남,39세,경상
2018050700100364,2018년 5월 7일 17시,월요일,충청남도 아산시 둔포면,경상사고,0,0,1,0,차대차 - 기타,안전운전불이행,건조,맑음,기타 - 기타,승용,여,65세,상해없음,승용,남,42세,경상
2018050700100400,2018년 5월 7일 18시,월요일,충청남도 당진시 채운동,사망사고,1,0,0,0,차대차 - 측면충돌,불법유턴,건조,맑음,단일로 - 기타,원동기,남,84세,사망,화물,남,44세,상해없음
2018050700100426,2018년 5월 7일 19시,월요일,충청남도 공주시 금성동,중상사고,0,3,1,0,차대차 - 측면충돌,신호위반,건조,맑음,교차로 - 교차로안,화물,남,62세,경상,승용,여,38세,중상
2018050700100496,2018년 5월 7일 21시,월요일,충청남도 서산시 동문동,중상사고,0,1,0,0,차대사람 - 기타,안전운전불이행,건조,맑음,단일로 - 기타,승용,남,20세,상해없음,보행자,여,20세,중상
2018050800100026,2018년 5월 8일 01시,화요일,충청남도 부여군 부여읍,경상사고,0,0,1,0,차대차 - 측면충돌,중앙선침범,건조,맑음,단일로 - 기타,승용,남,59세,상해없음,승용,남,37세,상해없음
2018050800100058,2018년 5월 8일 06시,화요일,충청남도 예산군 예산읍,경상사고,0,0,1,0,차대차 - 측면충돌,교차로운행방법위반,건조,맑음,교차로 - 교차로안,승용,남,83세,상해없음,이륜,남,65세,경상
2018050800100077,2018년 5월 8일 07시,화요일,충청남도 천안시 동남구 청당동,사망사고,1,0,0,0,차대사람 - 횡단중,보행자보호의무위반,건조,맑음,교차로 - 교차로횡단보도내,화물,남,71세,상해없음,보행자,여,76세,사망
2018050800100103,2018년 5월 8일 08시,화요일,충청남도 천안시 서북구 신당동,경상사고,0,0,2,0,차대차 - 정면충돌,신호위반,건조,맑음,교차로 - 교차로안,승용,남,54세,상해없음,승용,여,47세,경상
2018050800100104,2018년 5월 8일 08시,화요일,충청남도 보령시 주교면,경상사고,0,0,1,0,차대차 - 측면충돌,안전운전불이행,건조,맑음,교차로 - 교차로안,이륜,남,72세,기타불명,승용,여,36세,경상
2018050800100105,2018년 5월 8일 08시,화요일,충청남도 부여군 부여읍,경상사고,0,0,3,0,차대차 - 추돌,안전운전불이행,건조,맑음,교차로 - 교차로부근,화물,남,56세,상해없음,승용,여,65세,상해없음
2018050800100180,2018년 5월 8일 10시,화요일,충청남도 보령시 동대동,중상사고,0,1,0,0,차대사람 - 횡단중,안전운전불이행,건조,맑음,교차로 - 교차로부근,승용,남,55세,상해없음,보행자,여,75세,중상
2018050800100181,2018년 5월 8일 10시,화요일,충청남도 예산군 응봉면,경상사고,0,0,3,0,차대차 - 측면충돌,안전운전불이행,건조,맑음,단일로 - 기타,승용,남,61세,경상,승합,남,37세,경상
2018050800100206,2018년 5월 8일 11시,화요일,충청남도 천안시 서북구 차암동,경상사고,0,0,1,0,차대차 - 측면충돌,교차로운행방법위반,건조,맑음,교차로 - 교차로안,승용,여,33세,상해없음,승용,여,31세,경상
2018050800100233,2018년 5월 8일 12시,화요일,충청남도 천안시 서북구 쌍용동,경상사고,0,0,1,0,차대차 - 측면충돌,교차로운행방법위반,건조,맑음,교차로 - 교차로안,승용,남,44세,상해없음,승용,여,35세,경상
2018050800100261,2018년 5월 8일 13시,화요일,충청남도 서천군 서천읍,경상사고,0,0,1,0,차대차 - 측면충돌,직진우회전진행방해,건조,맑음,교차로 - 교차로안,원동기,여,73세,경상,원동기,남,58세,상해없음
2018050800100285,2018년 5월 8일 14시,화요일,충청남도 서산시 음암면,중상사고,0,1,0,0,차대차 - 측면충돌,직진우회전진행방해,건조,맑음,교차로 - 교차로안,건설기계,남,62세,상해없음,승용,남,49세,중상
2018050800100330,2018년 5월 8일 15시,화요일,충청남도 당진시 합덕읍,경상사고,0,0,2,0,차대차 - 정면충돌,중앙선침범,건조,맑음,단일로 - 기타,화물,남,53세,상해없음,승용,남,58세,경상
2018050800100331,2018년 5월 8일 15시,화요일,충청남도 청양군 비봉면,중상사고,0,1,3,0,차대차 - 측면충돌,안전운전불이행,건조,맑음,교차로 - 교차로안,승용,남,21세,경상,승용,남,65세,경상
2018050800100370,2018년 5월 8일 16시,화요일,충청남도 논산시 반월동,중상사고,0,1,0,0,차대사람 - 차도통행중,안전운전불이행,건조,맑음,단일로 - 기타,승용,남,57세,상해없음,보행자,여,43세,중상
2018050800100419,2018년 5월 8일 17시,화요일,충청남도 서산시 예천동,경상사고,0,0,3,0,차대차 - 추돌,안전운전불이행,건조,맑음,단일로 - 기타,승용,여,41세,상해없음,화물,남,54세,경상
2018050800100420,2018년 5월 8일 17시,화요일,충청남도 보령시 대천동,중상사고,0,2,0,0,차대차 - 추돌,안전거리미확보,건조,맑음,단일로 - 기타,승용,남,58세,상해없음,승용,여,39세,중상
2018050800100421,2018년 5월 8일 17시,화요일,충청남도 공주시 금학동,경상사고,0,0,1,0,차대차 - 추돌,안전거리미확보,건조,맑음,교차로 - 교차로부근,화물,남,58세,상해없음,승용,남,64세,경상
2018050800100476,2018년 5월 8일 18시,화요일,충청남도 당진시 채운동,중상사고,0,1,0,0,차대사람 - 기타,안전운전불이행,건조,맑음,주차장 - 주차장,승용,남,57세,상해없음,보행자,여,59세,중상
2018050800100539,2018년 5월 8일 20시,화요일,충청남도 천안시 서북구 두정동,경상사고,0,0,1,0,차대차 - 측면충돌,중앙선침범,건조,맑음,단일로 - 기타,승합,남,58세,상해없음,승용,남,31세,경상
2018050800100540,2018년 5월 8일 20시,화요일,충청남도 아산시 영인면,중상사고,0,1,0,0,차대차 - 정면충돌,중앙선침범,건조,기타,단일로 - 기타,승용,남,50세,상해없음,승용,여,45세,중상
2018050800100541,2018년 5월 8일 20시,화요일,충청남도 공주시 신관동,중상사고,0,1,0,0,차대사람 - 횡단중,보행자보호의무위반,건조,맑음,교차로 - 교차로부근,승용,남,33세,상해없음,보행자,여,29세,중상
2018050800100565,2018년 5월 8일 21시,화요일,충청남도 천안시 서북구 성환읍,경상사고,0,0,1,0,차대차 - 측면충돌,중앙선침범,건조,맑음,단일로 - 기타,승용,남,37세,상해없음,승용,남,33세,경상
2018050800100566,2018년 5월 8일 21시,화요일,충청남도 천안시 동남구 북면,경상사고,0,0,2,0,차대차 - 기타,안전운전불이행,건조,맑음,교차로 - 교차로안,이륜,남,23세,경상,승용,남,67세,상해없음
2018050900100068,2018년 5월 9일 07시,수요일,충청남도 당진시 사기소리,부상신고사고,0,0,0,1,차대차 - 기타,중앙선침범,건조,맑음,단일로 - 기타,기타불명,기타불명,미분류,기타불명,승용,남,57세,부상신고
2018050900100113,2018년 5월 9일 08시,수요일,충청남도 천안시 서북구 직산읍,경상사고,0,0,1,0,차대차 - 기타,안전거리미확보,건조,맑음,단일로 - 기타,승용,기타불명,미분류,기타불명,승용,여,24세,경상
2018050900100114,2018년 5월 9일 08시,수요일,충청남도 천안시 서북구 백석동,경상사고,0,0,1,0,차대차 - 기타,안전운전불이행,건조,맑음,교차로 - 교차로안,승용,여,47세,상해없음,승용,남,36세,경상
2018050900100115,2018년 5월 9일 08시,수요일,충청남도 당진시 우강면,중상사고,0,2,0,1,차대차 - 측면충돌,직진우회전진행방해,건조,맑음,교차로 - 교차로안,승용,남,54세,부상신고,승용,남,69세,중상
2018050900100116,2018년 5월 9일 08시,수요일,충청남도 금산군 금산읍,경상사고,0,0,1,0,차대사람 - 횡단중,안전운전불이행,건조,맑음,단일로 - 기타,승용,여,65세,상해없음,보행자,남,7세,경상
2018050900100158,2018년 5월 9일 09시,수요일,충청남도 서산시 대산읍,중상사고,0,1,2,0,차대차 - 추돌,안전운전불이행,건조,맑음,교차로 - 교차로부근,화물,남,51세,중상,승합,여,78세,경상
2018050900100176,2018년 5월 9일 10시,수요일,충청남도 부여군 부여읍,경상사고,0,0,1,0,차대차 - 측면충돌,교차로운행방법위반,건조,맑음,교차로 - 교차로안,승용,남,83세,상해없음,승용,남,38세,경상
2018050900100208,2018년 5월 9일 11시,수요일,충청남도 천안시 서북구 두정동,중상사고,0,1,1,0,차대차 - 측면충돌,교차로운행방법위반,건조,맑음,교차로 - 교차로안,이륜,남,33세,경상,승용,남,50세,중상
2018050900100209,2018년 5월 9일 11시,수요일,충청남도 당진시 석문면,중상사고,0,1,0,0,차대차 - 측면충돌,안전운전불이행,건조,맑음,단일로 - 기타,화물,남,68세,상해없음,이륜,남,86세,중상
2018050900100243,2018년 5월 9일 12시,수요일,충청남도 천안시 동남구 병천면,경상사고,0,0,1,0,차대차 - 측면충돌,교차로운행방법위반,건조,맑음,교차로 - 교차로안,화물,남,57세,상해없음,이륜,남,63세,경상
2018050900100312,2018년 5월 9일 14시,수요일,충청남도 천안시 서북구 두정동,경상사고,0,0,2,0,차대차 - 측면충돌,안전운전불이행,건조,맑음,교차로 - 교차로안,이륜,여,31세,경상,승용,남,45세,경상
2018050900100313,2018년 5월 9일 14시,수요일,충청남도 논산시 연산면,중상사고,0,1,0,0,차대차 - 기타,안전운전불이행,건조,맑음,단일로 - 기타,화물,남,70세,상해없음,이륜,남,77세,중상
2018050900100314,2018년 5월 9일 14시,수요일,충청남도 홍성군 장곡면,사망사고,1,1,2,0,차량단독 - 공작물충돌,안전운전불이행,건조,맑음,단일로 - 기타,승용,남,65세,경상,,,,
2018050900100352,2018년 5월 9일 15시,수요일,충청남도 부여군 남면,중상사고,0,1,0,0,차대차 - 측면충돌,기타,건조,맑음,교차로 - 교차로안,승용,남,55세,상해없음,이륜,남,79세,중상
2018050900100353,2018년 5월 9일 15시,수요일,충청남도 당진시 면천면,중상사고,0,1,0,0,차대차 - 추돌,안전운전불이행,건조,맑음,단일로 - 기타,화물,남,61세,상해없음,농기계,남,83세,중상
2018050900100385,2018년 5월 9일 16시,수요일,충청남도 아산시 권곡동,중상사고,0,1,0,0,차대사람 - 횡단중,보행자보호의무위반,건조,맑음,교차로 - 교차로횡단보도내,승합,여,44세,상해없음,보행자,여,67세,중상
2018050900100436,2018년 5월 9일 17시,수요일,충청남도 홍성군 홍성읍,경상사고,0,0,2,0,차대차 - 측면충돌,직진우회전진행방해,건조,맑음,교차로 - 교차로안,승용,남,50세,경상,승용,여,37세,경상
2018050900100489,2018년 5월 9일 18시,수요일,충청남도 당진시 송악읍,경상사고,0,0,2,0,차대차 - 측면충돌,안전운전불이행,건조,맑음,단일로 - 기타,승용,남,43세,경상,승용,남,52세,경상
2018050900100577,2018년 5월 9일 21시,수요일,충청남도 천안시 서북구 직산읍,경상사고,0,0,1,0,차대차 - 측면충돌,안전운전불이행,건조,맑음,단일로 - 기타,건설기계,남,51세,상해없음,승용,남,43세,경상
2018050900100578,2018년 5월 9일 21시,수요일,충청남도 천안시 서북구 성환읍,중상사고,0,1,0,0,차대차 - 추돌,안전운전불이행,건조,맑음,단일로 - 기타,승용,남,37세,중상,건설기계,남,63세,상해없음
2018050900100579,2018년 5월 9일 21시,수요일,충청남도 금산군 추부면,중상사고,0,1,0,0,차대사람 - 횡단중,안전운전불이행,건조,맑음,단일로 - 기타,승용,여,65세,상해없음,보행자,남,66세,중상
2018051000100025,2018년 5월 10일 01시,목요일,충청남도 당진시 송악읍,중상사고,0,4,1,0,차대차 - 측면충돌,안전운전불이행,건조,맑음,단일로 - 기타,승용,남,45세,상해없음,승용,남,53세,중상