사고번호,사고일시,요일,시군구,사고내용,사망자수,중상자수,경상자수,부상신고자수,사고유형,법규위반,노면상태,기상상태,도로형태,가해운전자 차종,가해운전자 성별,가해운전자 연령,가해운전자 상해정도,피해운전자 차종,피해운전자 성별,피해운전자 연령,피해운전자 상해정도
2018051900100475,2018년 5월 19일 16시,토요일,충청남도 천안시 동남구 안서동,경상사고,0,0,1,0,차대사람 - 길가장자리구역통행중,안전운전불이행,건조,맑음,단일로 - 기타,기타불명,기타불명,미분류,기타불명,보행자,여,20세,경상
2018051900100519,2018년 5월 19일 17시,토요일,충청남도 계룡시 엄사면,경상사고,0,0,3,0,차대차 - 측면충돌,안전거리미확보,건조,맑음,교차로 - 교차로부근,승용,남,67세,경상,승용,남,54세,상해없음
2018051900100520,2018년 5월 19일 17시,토요일,충청남도 서천군 서천읍,경상사고,0,0,1,0,차대차 - 정면충돌,안전거리미확보,건조,맑음,단일로 - 기타,화물,남,45세,상해없음,승용,여,58세,경상
2018051900100564,2018년 5월 19일 18시,토요일,충청남도 천안시 서북구 쌍용동,경상사고,0,0,1,0,차대차 - 측면충돌,신호위반,건조,맑음,교차로 - 교차로안,승용,남,59세,상해없음,이륜,남,21세,경상
2018051900100565,2018년 5월 19일 18시,토요일,충청남도 천안시 서북구 직산읍,중상사고,0,1,0,0,차대차 - 측면충돌,안전운전불이행,건조,맑음,단일로 - 기타,승용,남,80세,상해없음,승용,여,68세,중상
2018051900100566,2018년 5월 19일 18시,토요일,충청남도 서천군 마서면,중상사고,0,1,3,0,차대차 - 추돌,안전운전불이행,건조,맑음,단일로 - 기타,승용,남,51세,상해없음,승용,여,50세,중상
2018051900100601,2018년 5월 19일 19시,토요일,충청남도 홍성군 홍성읍,중상사고,0,1,0,0,차대차 - 측면충돌,안전운전불이행,건조,맑음,단일로 - 기타,승용,여,50세,상해없음,이륜,남,72세,중상
2018051900100602,2018년 5월 19일 19시,토요일,충청남도 공주시 신풍면,중상사고,0,1,0,0,차대사람 - 기타,안전운전불이행,건조,맑음,기타 - 기타,화물,남,62세,상해없음,보행자,남,37세,중상
2018051900100634,2018년 5월 19일 20시,토요일,충청남도 당진시 석문면,중상사고,0,1,0,0,차대사람 - 횡단중,안전운전불이행,건조,맑음,단일로 - 기타,승용,여,55세,상해없음,보행자,남,54세,중상
2018051900100635,2018년 5월 19일 20시,토요일,충청남도 청양군 비봉면,경상사고,0,0,1,0,차량단독 - 전도전복 - 전복,안전운전불이행,건조,맑음,기타 - 기타,승용,여,24세,경상,미분류,미분류,미분류,미분류
2018051900100636,2018년 5월 19일 20시,토요일,충청남도 천안시 동남구 삼룡동,경상사고,0,0,3,0,차대차 - 측면충돌,안전운전불이행,건조,맑음,교차로 - 교차로부근,승용,여,32세,상해없음,승용,남,27세,경상
2018051900100637,2018년 5월 19일 20시,토요일,충청남도 천안시 동남구 삼룡동,중상사고,0,1,0,0,차대사람 - 횡단중,안전운전불이행,건조,맑음,교차로 - 교차로안,승용,남,46세,상해없음,보행자,남,61세,중상
2018051900100669,2018년 5월 19일 21시,토요일,충청남도 서산시 예천동,중상사고,0,1,0,0,차대사람 - 기타,안전운전불이행,건조,맑음,교차로 - 교차로부근,승용,남,18세,상해없음,보행자,남,3세,중상
2018051900100693,2018년 5월 19일 22시,토요일,충청남도 천안시 서북구 쌍용동,경상사고,0,0,1,0,차대차 - 기타,안전운전불이행,건조,맑음,교차로 - 교차로안,기타불명,기타불명,미분류,기타불명,자전거,남,16세,경상
2018052000100007,2018년 5월 20일 00시,일요일,충청남도 공주시 신관동,경상사고,0,0,1,0,차대사람 - 차도통행중,안전운전불이행,건조,맑음,기타 - 기타,승용,남,25세,상해없음,보행자,남,26세,경상
2018052000100024,2018년 5월 20일 01시,일요일,충청남도 천안시 서북구 쌍용동,경상사고,0,0,1,0,차대사람 - 기타,안전운전불이행,건조,맑음,주차장 - 주차장,승용,남,34세,상해없음,보행자,남,46세,경상
2018052000100036,2018년 5월 20일 02시,일요일,충청남도 계룡시 엄사면,중상사고,0,2,0,0,차량단독 - 전도전복 - 전도,안전운전불이행,건조,맑음,단일로 - 기타,이륜,남,30세,중상,미분류,미분류,미분류,미분류
2018052000100037,2018년 5월 20일 02시,일요일,충청남도 보령시 동대동,경상사고,0,0,2,0,차대차 - 추돌,안전운전불이행,건조,맑음,단일로 - 기타,승용,여,36세,상해없음,승용,여,68세,기타불명
2018052000100048,2018년 5월 20일 03시,일요일,충청남도 서천군 비인면,중상사고,0,1,0,0,차대차 - 추돌,안전운전불이행,건조,맑음,단일로 - 기타,원동기,남,20세,중상,승용,남,42세,상해없음
2018052000100077,2018년 5월 20일 05시,일요일,충청남도 아산시 음봉면,경상사고,0,0,1,0,차대차 - 추돌,안전운전불이행,기타,맑음,교차로 - 교차로부근,승용,남,32세,상해없음,승용,남,31세,상해없음
2018052000100092,2018년 5월 20일 06시,일요일,충청남도 아산시 모종동,경상사고,0,0,1,2,차대차 - 기타,안전운전불이행,건조,맑음,교차로 - 교차로안,승용,남,24세,상해없음,승용,남,45세,경상
2018052000100102,2018년 5월 20일 07시,일요일,충청남도 천안시 서북구 직산읍,경상사고,0,0,2,0,차대차 - 기타,안전운전불이행,건조,맑음,교차로 - 교차로부근,승용,남,52세,기타불명,승용,여,34세,경상
2018052000100104,2018년 5월 20일 07시,일요일,충청남도 태안군 태안읍,중상사고,0,1,0,0,차대사람 - 기타,기타,건조,맑음,교차로 - 교차로부근,승합,남,55세,상해없음,보행자,여,75세,중상
2018052000100129,2018년 5월 20일 09시,일요일,충청남도 천안시 서북구 차암동,경상사고,0,0,1,0,차대차 - 측면충돌,신호위반,건조,맑음,교차로 - 교차로안,승용,남,65세,상해없음,승용,여,30세,경상
2018052000100130,2018년 5월 20일 09시,일요일,충청남도 부여군 은산면,중상사고,0,1,0,0,차대사람 - 기타,안전운전불이행,건조,맑음,단일로 - 기타,승용,여,52세,상해없음,보행자,남,62세,중상
2018052000100151,2018년 5월 20일 10시,일요일,충청남도 천안시 동남구 병천면,경상사고,0,0,1,0,차대차 - 기타,안전거리미확보,건조,맑음,단일로 - 기타,특수,남,56세,상해없음,자전거,남,82세,경상
2018052000100221,2018년 5월 20일 13시,일요일,충청남도 예산군 신양면,중상사고,0,1,0,0,차대차 - 측면충돌,안전운전불이행,기타,흐림,단일로 - 기타,승용,여,61세,상해없음,이륜,남,67세,중상
2018052000100255,2018년 5월 20일 14시,일요일,충청남도 서천군 장항읍,중상사고,0,1,2,0,차대차 - 측면충돌,직진우회전진행방해,건조,맑음,교차로 - 교차로안,승용,여,51세,중상,승용,여,44세,경상
2018052000100282,2018년 5월 20일 15시,일요일,충청남도 천안시 동남구 원성동,경상사고,0,0,1,0,차대차 - 추돌,안전운전불이행,건조,맑음,단일로 - 기타,승용,남,67세,상해없음,승용,남,61세,경상
2018052000100319,2018년 5월 20일 16시,일요일,충청남도 서산시 갈산동,부상신고사고,0,0,0,1,차량단독 - 전도전복 - 전도,안전운전불이행,건조,맑음,단일로 - 기타,이륜,남,57세,부상신고,미분류,미분류,미분류,미분류
2018052000100347,2018년 5월 20일 17시,일요일,충청남도 논산시 덕지동,경상사고,0,0,5,0,차대차 - 추돌,안전운전불이행,건조,맑음,단일로 - 교량,승용,남,33세,상해없음,승용,남,38세,경상
2018052000100390,2018년 5월 20일 19시,일요일,충청남도 천안시 동남구 북면,경상사고,0,0,5,0,차대차 - 추돌,안전운전불이행,건조,맑음,단일로 - 기타,화물,남,63세,상해없음,승용,남,41세,경상
2018052000100425,2018년 5월 20일 20시,일요일,충청남도 천안시 서북구 불당동,경상사고,0,0,1,0,차대차 - 기타,안전운전불이행,건조,맑음,교차로 - 교차로안,승용,여,38세,상해없음,승용,남,30세,경상
2018052000100452,2018년 5월 20일 21시,일요일,충청남도 예산군 예산읍,경상사고,0,0,1,0,차대차 - 측면충돌,안전운전불이행,건조,맑음,교차로 - 교차로안,승용,남,54세,상해없음,승용,남,41세,경상
2018052000100480,2018년 5월 20일 22시,일요일,충청남도 천안시 동남구 구성동,경상사고,0,0,2,0,차대차 - 기타,안전운전불이행,건조,맑음,단일로 - 기타,특수,남,45세,상해없음,승용,여,55세,경상
2018052000100499,2018년 5월 20일 23시,일요일,충청남도 천안시 서북구 불당동,경상사고,0,0,2,0,차대차 - 추돌,안전운전불이행,건조,맑음,단일로 - 기타,승용,여,42세,상해없음,승용,남,23세,경상
2018052000100500,2018년 5월 20일 23시,일요일,충청남도 당진시 읍내리,중상사고,0,1,0,0,차대사람 - 차도통행중,안전운전불이행,건조,맑음,교차로 - 교차로안,승용,남,40세,상해없음,보행자,남,35세,중상
2018052100100030,2018년 5월 21일 03시,월요일,충청남도 서산시 읍내동,경상사고,0,0,1,0,차대차 - 후진중충돌,안전운전불이행,건조,맑음,단일로 - 기타,승합,남,29세,상해없음,승용,남,37세,경상
2018052100100043,2018년 5월 21일 05시,월요일,충청남도 공주시 쌍신동,경상사고,0,0,3,0,차량단독 - 공작물충돌,안전운전불이행,건조,맑음,단일로 - 기타,승용,남,26세,경상,,,,
2018052100100067,2018년 5월 21일 07시,월요일,충청남도 홍성군 광천읍,중상사고,0,1,0,0,차대사람 - 차도통행중,안전운전불이행,건조,맑음,단일로 - 기타,화물,남,73세,상해없음,보행자,남,73세,중상
2018052100100106,2018년 5월 21일 08시,월요일,충청남도 당진시 우두리,경상사고,0,0,1,0,차대차 - 측면충돌,교차로운행방법위반,건조,맑음,교차로 - 교차로안,승용,여,60세,상해없음,승용,여,46세,경상
2018052100100107,2018년 5월 21일 08시,월요일,충청남도 당진시 송악읍,중상사고,0,1,0,0,차대사람 - 기타,안전운전불이행,건조,맑음,기타 - 기타,승용,남,58세,상해없음,보행자,남,58세,중상
2018052100100138,2018년 5월 21일 09시,월요일,충청남도 당진시 읍내리,중상사고,0,1,0,0,차대차 - 측면충돌,직진우회전진행방해,건조,맑음,교차로 - 교차로안,화물,남,48세,상해없음,이륜,남,27세,중상
2018052100100172,2018년 5월 21일 10시,월요일,충청남도 천안시 서북구 성환읍,경상사고,0,0,3,0,차대차 - 측면충돌,교차로운행방법위반,건조,맑음,교차로 - 교차로안,승용,남,28세,상해없음,승용,남,62세,경상
2018052100100173,2018년 5월 21일 10시,월요일,충청남도 보령시 대천동,경상사고,0,0,1,0,차대차 - 측면충돌,안전거리미확보,건조,맑음,단일로 - 교량,승용,여,30세,상해없음,승용,여,37세,경상
2018052100100209,2018년 5월 21일 11시,월요일,충청남도 서천군 비인면,경상사고,0,0,1,0,차대차 - 정면충돌,안전운전불이행,건조,맑음,단일로 - 기타,자전거,남,52세,경상,화물,남,58세,상해없음
2018052100100210,2018년 5월 21일 11시,월요일,충청남도 태안군 태안읍,중상사고,0,1,0,0,차대차 - 추돌,안전운전불이행,건조,맑음,교차로 - 교차로부근,승용,남,57세,상해없음,승용,여,48세,중상
2018052100100240,2018년 5월 21일 12시,월요일,충청남도 서산시 동문동,부상신고사고,0,0,0,1,차대차 - 측면충돌,교차로운행방법위반,건조,맑음,교차로 - 교차로안,승용,남,44세,상해없음,승용,여,43세,부상신고
2018052100100241,2018년 5월 21일 12시,월요일,충청남도 예산군 덕산면,경상사고,0,0,1,0,차대차 - 기타,직진우회전진행방해,건조,맑음,교차로 - 교차로안,승용,여,47세,상해없음,승용,여,41세,경상
2018052100100282,2018년 5월 21일 13시,월요일,충청남도 천안시 서북구 성환읍,경상사고,0,0,1,0,차대차 - 측면충돌,안전운전불이행,건조,맑음,교차로 - 교차로부근,승용,남,19세,상해없음,승용,남,48세,경상
2018052100100283,2018년 5월 21일 13시,월요일,충청남도 공주시 금성동,경상사고,0,0,1,0,차대사람 - 횡단중,보행자보호의무위반,건조,흐림,단일로 - 기타,승용,남,47세,상해없음,보행자,여,38세,경상
2018052100100284,2018년 5월 21일 13시,월요일,충청남도 천안시 동남구 풍세면,경상사고,0,0,1,0,차대차 - 측면충돌,차로위반,건조,맑음,단일로 - 기타,특수,남,47세,상해없음,건설기계,남,38세,경상
2018052100100315,2018년 5월 21일 14시,월요일,충청남도 천안시 서북구 직산읍,중상사고,0,1,0,0,차대차 - 추돌,안전운전불이행,건조,맑음,단일로 - 기타,화물,남,60세,상해없음,자전거,남,75세,중상
2018052100100343,2018년 5월 21일 15시,월요일,충청남도 서산시 동문동,경상사고,0,0,3,0,차대차 - 추돌,안전운전불이행,건조,맑음,단일로 - 기타,화물,남,76세,상해없음,승용,여,32세,경상
2018052100100344,2018년 5월 21일 15시,월요일,충청남도 천안시 서북구 신당동,중상사고,0,1,0,0,차대차 - 추돌,안전운전불이행,건조,맑음,교차로 - 교차로부근,승합,여,43세,상해없음,승용,여,49세,중상
2018052100100346,2018년 5월 21일 15시,월요일,충청남도 당진시 정미면,경상사고,0,0,1,0,차대차 - 측면충돌,교차로운행방법위반,건조,맑음,교차로 - 교차로안,승용,여,46세,상해없음,승합,남,46세,상해없음
2018052100100421,2018년 5월 21일 17시,월요일,충청남도 논산시 연무읍,중상사고,0,2,1,0,차대차 - 추돌,안전운전불이행,건조,맑음,단일로 - 기타,화물,남,55세,상해없음,화물,남,58세,중상
2018052100100422,2018년 5월 21일 17시,월요일,충청남도 금산군 금산읍,경상사고,0,0,1,0,차대차 - 측면충돌,안전운전불이행,건조,맑음,단일로 - 기타,이륜,남,81세,경상,화물,남,68세,상해없음
2018052100100458,2018년 5월 21일 18시,월요일,충청남도 아산시 신창면,중상사고,0,1,0,0,차대차 - 측면충돌,안전운전불이행,건조,맑음,단일로 - 기타,승용,여,35세,상해없음,이륜,남,32세,중상
2018052100100460,2018년 5월 21일 18시,월요일,충청남도 당진시 채운동,경상사고,0,0,1,0,차대사람 - 기타,안전운전불이행,건조,맑음,교차로 - 교차로부근,이륜,남,38세,상해없음,보행자,여,19세,경상
2018052100100495,2018년 5월 21일 19시,월요일,충청남도 서산시 대산읍,중상사고,0,1,1,0,차대차 - 측면충돌,교차로운행방법위반,건조,맑음,교차로 - 교차로안,화물,남,60세,중상,특수,남,61세,경상
2018052100100555,2018년 5월 21일 21시,월요일,충청남도 천안시 서북구 성정동,경상사고,0,0,1,0,차대차 - 추돌,안전운전불이행,건조,맑음,교차로 - 교차로부근,승용,남,45세,상해없음,승용,남,36세,경상
2018052100100556,2018년 5월 21일 21시,월요일,충청남도 논산시 강경읍,중상사고,0,1,0,0,차대차 - 정면충돌,직진우회전진행방해,건조,맑음,교차로 - 교차로안,승용,여,37세,상해없음,승용,남,68세,상해없음
2018052100100587,2018년 5월 21일 22시,월요일,충청남도 천안시 서북구 성환읍,경상사고,0,0,1,0,차대차 - 추돌,안전운전불이행,건조,맑음,단일로 - 기타,승용,남,27세,상해없음,승용,남,34세,경상
2018052100100588,2018년 5월 21일 22시,월요일,충청남도 아산시 권곡동,경상사고,0,0,3,0,차대차 - 측면충돌,안전운전불이행,건조,맑음,교차로 - 교차로안,승용,여,46세,상해없음,승용,여,26세,경상
2018052100100589,2018년 5월 21일 22시,월요일,충청남도 천안시 동남구 신부동,중상사고,0,1,0,0,차대사람 - 기타,안전운전불이행,건조,맑음,단일로 - 기타,승용,남,34세,상해없음,보행자,남,48세,중상
2018052100100619,2018년 5월 21일 23시,월요일,충청남도 천안시 서북구 두정동,경상사고,0,0,1,0,차대사람 - 기타,안전운전불이행,건조,맑음,단일로 - 기타,승용,남,32세,상해없음,보행자,남,20세,경상
2018052100100620,2018년 5월 21일 23시,월요일,충청남도 천안시 서북구 쌍용동,경상사고,0,0,1,0,차대사람 - 기타,신호위반,건조,맑음,교차로 - 교차로안,승용,남,29세,상해없음,보행자,남,27세,경상
2018052100100622,2018년 5월 21일 23시,월요일,충청남도 청양군 청양읍,경상사고,0,0,1,0,차대차 - 추돌,안전운전불이행,건조,맑음,교차로 - 교차로부근,승용,남,26세,상해없음,승용,남,55세,경상
2018052200100006,2018년 5월 22일 00시,화요일,충청남도 아산시 인주면,중상사고,0,1,0,0,차대사람 - 횡단중,보행자보호의무위반,건조,맑음,교차로 - 교차로횡단보도내,승용,남,33세,상해없음,보행자,남,42세,중상
2018052200100041,2018년 5월 22일 02시,화요일,충청남도 천안시 서북구 두정동,경상사고,0,0,3,0,차대차 - 측면충돌,신호위반,건조,흐림,교차로 - 교차로안,승용,여,22세,경상,승용,남,66세,경상
2018052200100042,2018년 5월 22일 02시,화요일,충청남도 천안시 서북구 쌍용동,경상사고,0,0,1,0,차대차 - 측면충돌,중앙선침범,건조,흐림,단일로 - 기타,승용,여,55세,상해없음,이륜,남,38세,경상
2018052200100067,2018년 5월 22일 04시,화요일,충청남도 천안시 서북구 성환읍,경상사고,0,0,1,0,차량단독 - 공작물충돌,안전운전불이행,건조,흐림,단일로 - 교량,승용,여,61세,경상,,,,
2018052200100094,2018년 5월 22일 06시,화요일,충청남도 서산시 읍내동,중상사고,0,1,0,0,차대차 - 측면충돌,교차로운행방법위반,건조,맑음,교차로 - 교차로안,승용,여,37세,상해없음,승용,여,71세,중상
2018052200100095,2018년 5월 22일 06시,화요일,충청남도 천안시 서북구 성성동,경상사고,0,0,1,0,차대차 - 추돌,안전운전불이행,건조,맑음,교차로 - 교차로부근,화물,남,50세,상해없음,승용,여,42세,경상
2018052200100127,2018년 5월 22일 08시,화요일,충청남도 아산시 음봉면,경상사고,0,0,1,0,차대차 - 추돌,안전운전불이행,건조,맑음,단일로 - 기타,건설기계,남,60세,상해없음,승용,남,38세,경상
2018052200100128,2018년 5월 22일 08시,화요일,충청남도 서천군 장항읍,중상사고,0,1,0,0,차량단독 - 도로외이탈 - 기타,안전운전불이행,건조,맑음,단일로 - 기타,이륜,남,34세,중상,,,,
2018052200100153,2018년 5월 22일 09시,화요일,충청남도 천안시 서북구 성정동,중상사고,0,1,1,0,차대차 - 정면충돌,교차로운행방법위반,건조,맑음,교차로 - 교차로안,승용,여,37세,경상,승용,여,30세,중상
2018052200100186,2018년 5월 22일 10시,화요일,충청남도 논산시 가야곡면,중상사고,0,1,0,0,차대차 - 측면충돌,중앙선침범,건조,맑음,단일로 - 기타,이륜,남,76세,상해없음,승용,남,49세,상해없음
2018052200100212,2018년 5월 22일 11시,화요일,충청남도 공주시 신관동,중상사고,0,1,1,0,차대차 - 정면충돌,중앙선침범,건조,맑음,교차로 - 교차로부근,승용,여,78세,기타불명,승용,남,63세,경상
2018052200100283,2018년 5월 22일 13시,화요일,충청남도 천안시 서북구 쌍용동,부상신고사고,0,0,0,1,차대차 - 측면충돌,신호위반,건조,맑음,교차로 - 교차로안,이륜,남,50세,부상신고,승용,남,41세,상해없음
2018052200100286,2018년 5월 22일 13시,화요일,충청남도 청양군 대치면,중상사고,0,4,2,0,차대차 - 기타,신호위반,건조,흐림,교차로 - 교차로안,승용,남,67세,중상,승용,여,38세,경상
2018052200100320,2018년 5월 22일 14시,화요일,충청남도 공주시 정안면,중상사고,0,1,0,0,차대차 - 측면충돌,안전운전불이행,건조,흐림,교차로 - 교차로안,이륜,여,74세,중상,승용,남,71세,상해없음
2018052200100321,2018년 5월 22일 14시,화요일,충청남도 당진시 신평면,경상사고,0,0,2,0,차대차 - 정면충돌,안전운전불이행,건조,맑음,단일로 - 기타,승용,남,49세,경상,승용,남,23세,경상
2018052200100322,2018년 5월 22일 14시,화요일,충청남도 금산군 남일면,중상사고,0,1,4,0,차대차 - 측면충돌,중앙선침범,건조,맑음,단일로 - 기타,승용,남,74세,경상,승용,남,36세,중상
2018052200100361,2018년 5월 22일 15시,화요일,충청남도 아산시 배방읍,경상사고,0,0,1,0,차대사람 - 횡단중,보행자보호의무위반,젖음/습기,비,교차로 - 교차로안,기타불명,기타불명,미분류,기타불명,보행자,남,77세,경상
2018052200100362,2018년 5월 22일 15시,화요일,충청남도 부여군 내산면,경상사고,0,0,1,0,차대사람 - 기타,안전운전불이행,기타,맑음,단일로 - 기타,승용,남,78세,상해없음,보행자,남,62세,경상
2018052200100363,2018년 5월 22일 15시,화요일,충청남도 당진시 채운동,중상사고,0,1,0,0,차대차 - 측면충돌,교차로운행방법위반,젖음/습기,비,교차로 - 교차로안,승용,남,64세,상해없음,원동기,남,43세,중상
2018052200100383,2018년 5월 22일 16시,화요일,충청남도 아산시 탕정면,중상사고,0,1,2,0,차대차 - 기타,안전운전불이행,젖음/습기,비,교차로 - 교차로안,승용,남,67세,중상,승용,남,37세,경상
2018052200100416,2018년 5월 22일 17시,화요일,충청남도 천안시 서북구 백석동,경상사고,0,0,2,0,차대차 - 추돌,안전운전불이행,젖음/습기,비,교차로 - 교차로부근,화물,남,39세,상해없음,승용,남,28세,경상
2018052200100417,2018년 5월 22일 17시,화요일,충청남도 논산시 광석면,중상사고,0,1,0,0,차대차 - 추돌,안전운전불이행,젖음/습기,비,단일로 - 기타,승용,남,56세,상해없음,승용,여,46세,중상
2018052200100418,2018년 5월 22일 17시,화요일,충청남도 부여군 홍산면,경상사고,0,0,1,0,차대차 - 측면충돌,교차로운행방법위반,젖음/습기,비,교차로 - 교차로안,승용,여,53세,상해없음,화물,남,57세,경상
2018052200100481,2018년 5월 22일 19시,화요일,충청남도 보령시 동대동,경상사고,0,0,1,0,차대차 - 기타,안전운전불이행,젖음/습기,비,단일로 - 기타,승용,남,52세,상해없음,승용,남,29세,경상
2018052200100556,2018년 5월 22일 21시,화요일,충청남도 서산시 해미면,경상사고,0,0,2,0,차대차 - 측면충돌,안전운전불이행,젖음/습기,비,단일로 - 기타,승용,남,49세,상해없음,승용,여,57세,경상
2018052200100557,2018년 5월 22일 21시,화요일,충청남도 서산시 석남동,경상사고,0,0,4,0,차대차 - 측면충돌,신호위반,젖음/습기,비,교차로 - 교차로안,승용,남,50세,상해없음,승용,여,36세,경상
2018052200100622,2018년 5월 22일 23시,화요일,충청남도 천안시 동남구 청당동,경상사고,0,0,4,0,차대차 - 추돌,안전운전불이행,젖음/습기,비,단일로 - 기타,화물,남,43세,상해없음,승용,여,50세,경상
2018052300100008,2018년 5월 23일 00시,수요일,충청남도 천안시 서북구 성정동,경상사고,0,0,1,0,차대차 - 기타,신호위반,젖음/습기,비,교차로 - 교차로안,승용,남,36세,상해없음,승용,여,44세,경상
2018052300100033,2018년 5월 23일 02시,수요일,충청남도 홍성군 홍성읍,중상사고,0,1,0,0,차대사람 - 기타,안전운전불이행,젖음/습기,비,주차장 - 주차장,기타불명,기타불명,미분류,기타불명,보행자,남,63세,중상
2018052300100034,2018년 5월 23일 02시,수요일,충청남도 아산시 송악면,중상사고,0,1,0,0,차대차 - 추돌,안전운전불이행,젖음/습기,비,단일로 - 기타,승용,남,42세,상해없음,승용,여,26세,중상
2018052300100053,2018년 5월 23일 06시,수요일,충청남도 공주시 신관동,중상사고,0,1,0,0,차대차 - 추돌,안전운전불이행,건조,맑음,교차로 - 교차로부근,승용,여,62세,중상,화물,남,57세,상해없음
2018052300100122,2018년 5월 23일 08시,수요일,충청남도 홍성군 홍북읍,경상사고,0,0,1,0,차대차 - 기타,안전운전불이행,건조,맑음,교차로 - 교차로안,승용,남,41세,상해없음,이륜,남,69세,경상
2018052300100123,2018년 5월 23일 08시,수요일,충청남도 부여군 석성면,중상사고,0,1,0,0,차대차 - 측면충돌,신호위반,건조,맑음,교차로 - 교차로안,건설기계,남,61세,상해없음,승용,여,59세,중상
2018052300100124,2018년 5월 23일 08시,수요일,충청남도 부여군 부여읍,경상사고,0,0,1,0,차대사람 - 횡단중,보행자보호의무위반,건조,맑음,교차로 - 교차로횡단보도내,승용,여,48세,상해없음,보행자,여,57세,경상
2018052300100125,2018년 5월 23일 08시,수요일,충청남도 당진시 채운동,중상사고,0,1,0,0,차대차 - 측면충돌,신호위반,건조,맑음,교차로 - 교차로부근,승용,남,58세,상해없음,승용,남,28세,중상
2018052300100164,2018년 5월 23일 09시,수요일,충청남도 논산시 반월동,중상사고,0,1,0,0,차량단독 - 기타,기타,건조,맑음,단일로 - 기타,승합,남,58세,상해없음,,,,
2018052300100165,2018년 5월 23일 09시,수요일,충청남도 보령시 대천동,경상사고,0,0,1,0,차대차 - 측면충돌,안전운전불이행,건조,맑음,교차로 - 교차로안,승용,남,82세,상해없음,자전거,남,79세,경상
2018052300100232,2018년 5월 23일 11시,수요일,충청남도 공주시 계룡면,사망사고,1,0,0,0,차량단독 - 기타,안전운전불이행,건조,맑음,단일로 - 기타,승용,남,75세,사망,,,,
2018052300100274,2018년 5월 23일 12시,수요일,충청남도 부여군 규암면,경상사고,0,0,2,0,차대차 - 측면충돌,중앙선침범,건조,맑음,단일로 - 기타,승용,남,37세,상해없음,승용,남,69세,경상
2018052300100275,2018년 5월 23일 12시,수요일,충청남도 청양군 청양읍,중상사고,0,1,0,0,차대차 - 측면충돌,직진우회전진행방해,건조,맑음,교차로 - 교차로안,이륜,남,71세,중상,승용,여,62세,상해없음
2018052300100310,2018년 5월 23일 13시,수요일,충청남도 천안시 서북구 업성동,경상사고,0,0,1,0,차대차 - 기타,불법유턴,건조,맑음,교차로 - 교차로안,화물,남,51세,상해없음,화물,남,36세,경상
2018052300100341,2018년 5월 23일 14시,수요일,충청남도 서산시 동문동,중상사고,0,1,0,0,차대사람 - 횡단중,보행자보호의무위반,건조,맑음,교차로 - 교차로횡단보도내,승용,남,65세,상해없음,보행자,남,21세,중상
2018052300100342,2018년 5월 23일 14시,수요일,충청남도 천안시 동남구 성남면,경상사고,0,0,1,0,차대차 - 기타,중앙선침범,건조,맑음,단일로 - 기타,화물,남,64세,상해없음,화물,남,60세,경상
2018052300100382,2018년 5월 23일 15시,수요일,충청남도 아산시 음봉면,경상사고,0,0,1,0,차대차 - 측면충돌,안전운전불이행,건조,맑음,단일로 - 기타,승용,남,51세,상해없음,승합,여,32세,경상
2018052300100411,2018년 5월 23일 16시,수요일,충청남도 천안시 서북구 성정동,중상사고,0,1,0,0,차대사람 - 횡단중,신호위반,건조,맑음,교차로 - 교차로안,승용,여,28세,상해없음,보행자,여,52세,중상
2018052300100412,2018년 5월 23일 16시,수요일,충청남도 계룡시 엄사면,경상사고,0,0,2,0,차대차 - 측면충돌,차로위반,건조,맑음,교차로 - 교차로부근,건설기계,남,62세,상해없음,승용,남,59세,경상
2018052300100413,2018년 5월 23일 16시,수요일,충청남도 논산시 연산면,중상사고,0,1,0,0,차대차 - 기타,중앙선침범,건조,맑음,단일로 - 기타,승용,여,34세,상해없음,승합,남,50세,상해없음
2018052300100512,2018년 5월 23일 18시,수요일,충청남도 아산시 선장면,중상사고,0,2,1,0,차대차 - 정면충돌,중앙선침범,건조,맑음,교차로 - 교차로부근,승용,남,26세,상해없음,승용,남,41세,경상
2018052300100619,2018년 5월 23일 21시,수요일,충청남도 천안시 서북구 성거읍,경상사고,0,0,1,0,차대차 - 추돌,안전운전불이행,건조,맑음,단일로 - 기타,승용,여,47세,상해없음,농기계,남,71세,경상
2018052300100636,2018년 5월 23일 22시,수요일,충청남도 천안시 서북구 성정동,경상사고,0,0,1,0,차대차 - 추돌,안전운전불이행,건조,맑음,교차로 - 교차로부근,화물,남,52세,상해없음,승용,남,40세,경상
2018052300100637,2018년 5월 23일 22시,수요일,충청남도 천안시 동남구 용곡동,중상사고,0,1,1,0,차대차 - 정면충돌,중앙선침범,건조,맑음,단일로 - 기타,승용,여,45세,상해없음,승용,남,56세,중상
2018052400100057,2018년 5월 24일 06시,목요일,충청남도 아산시 탕정면,경상사고,0,0,1,0,차대차 - 측면충돌,신호위반,건조,맑음,교차로 - 교차로안,승합,남,35세,상해없음,승용,여,33세,경상
2018052400100078,2018년 5월 24일 07시,목요일,충청남도 계룡시 금암동,경상사고,0,0,1,0,차대차 - 측면충돌,신호위반,건조,맑음,교차로 - 교차로안,화물,남,58세,상해없음,승용,여,39세,경상