사고번호,사고일시,요일,시군구,사고내용,사망자수,중상자수,경상자수,부상신고자수,사고유형,법규위반,노면상태,기상상태,도로형태,가해운전자 차종,가해운전자 성별,가해운전자 연령,가해운전자 상해정도,피해운전자 차종,피해운전자 성별,피해운전자 연령,피해운전자 상해정도
2018052900100102,2018년 5월 29일 08시,화요일,충청남도 논산시 취암동,중상사고,0,1,0,0,차대사람 - 횡단중,신호위반,건조,맑음,단일로 - 기타,승용,여,31세,상해없음,보행자,여,15세,중상
2018052900100140,2018년 5월 29일 09시,화요일,충청남도 논산시 반월동,경상사고,0,0,1,0,차대차 - 측면충돌,중앙선침범,건조,맑음,교차로 - 교차로부근,승용,남,60세,상해없음,승용,남,56세,경상
2018052900100141,2018년 5월 29일 09시,화요일,충청남도 천안시 동남구 대흥동,경상사고,0,0,1,0,차대사람 - 기타,안전운전불이행,건조,맑음,단일로 - 기타,기타불명,기타불명,미분류,기타불명,보행자,남,82세,경상
2018052900100167,2018년 5월 29일 10시,화요일,충청남도 서천군 서천읍,경상사고,0,0,2,0,차대차 - 측면충돌,직진우회전진행방해,건조,맑음,교차로 - 교차로안,화물,남,79세,상해없음,승용,남,67세,상해없음
2018052900100168,2018년 5월 29일 10시,화요일,충청남도 예산군 삽교읍,경상사고,0,0,1,0,차대차 - 추돌,신호위반,건조,맑음,교차로 - 교차로안,화물,여,56세,상해없음,화물,남,35세,경상
2018052900100169,2018년 5월 29일 10시,화요일,충청남도 당진시 고대면,사망사고,1,0,0,0,차대차 - 정면충돌,안전운전불이행,건조,맑음,단일로 - 기타,이륜,남,80세,사망,화물,남,72세,상해없음
2018052900100223,2018년 5월 29일 12시,화요일,충청남도 천안시 서북구 입장면,사망사고,1,0,0,0,차량단독 - 공작물충돌,안전운전불이행,건조,맑음,단일로 - 교량,이륜,남,70세,사망,,,,
2018052900100224,2018년 5월 29일 12시,화요일,충청남도 천안시 동남구 구성동,경상사고,0,0,3,0,차대차 - 측면충돌,교차로운행방법위반,건조,맑음,교차로 - 교차로안,승용,여,58세,상해없음,승용,남,31세,경상
2018052900100318,2018년 5월 29일 15시,화요일,충청남도 서산시 동문동,중상사고,0,1,0,0,차대차 - 측면충돌,직진우회전진행방해,건조,맑음,교차로 - 교차로안,승용,남,66세,상해없음,자전거,남,12세,중상
2018052900100319,2018년 5월 29일 15시,화요일,충청남도 천안시 서북구 두정동,경상사고,0,0,3,0,차대차 - 추돌,안전거리미확보,건조,맑음,단일로 - 기타,승용,남,84세,상해없음,승용,남,68세,경상
2018052900100320,2018년 5월 29일 15시,화요일,충청남도 천안시 서북구 백석동,경상사고,0,0,1,0,차대차 - 측면충돌,안전운전불이행,건조,맑음,단일로 - 기타,승용,여,33세,상해없음,승용,여,66세,경상
2018052900100321,2018년 5월 29일 15시,화요일,충청남도 보령시 오천면,중상사고,0,1,0,0,차량단독 - 공작물충돌,안전운전불이행,건조,맑음,단일로 - 기타,이륜,남,54세,중상,,,,
2018052900100322,2018년 5월 29일 15시,화요일,충청남도 당진시 송악읍,사망사고,1,0,0,0,차대사람 - 횡단중,안전운전불이행,건조,맑음,교차로 - 교차로안,화물,남,51세,상해없음,보행자,여,59세,사망
2018052900100410,2018년 5월 29일 17시,화요일,충청남도 홍성군 홍성읍,경상사고,0,0,3,1,차대차 - 측면충돌,안전운전불이행,건조,맑음,교차로 - 교차로안,승용,남,60세,상해없음,승합,남,43세,상해없음
2018052900100411,2018년 5월 29일 17시,화요일,충청남도 당진시 정미면,경상사고,0,0,1,0,차대차 - 측면충돌,안전운전불이행,건조,맑음,교차로 - 교차로안,승용,남,33세,상해없음,이륜,여,62세,경상
2018052900100453,2018년 5월 29일 18시,화요일,충청남도 천안시 서북구 차암동,경상사고,0,0,1,0,차대차 - 기타,신호위반,건조,맑음,교차로 - 교차로부근,이륜,남,38세,상해없음,승용,남,29세,경상
2018052900100489,2018년 5월 29일 19시,화요일,충청남도 서산시 예천동,경상사고,0,0,1,0,차대차 - 측면충돌,중앙선침범,건조,흐림,단일로 - 기타,승용,남,56세,상해없음,승용,남,41세,경상
2018052900100490,2018년 5월 29일 19시,화요일,충청남도 천안시 서북구 쌍용동,경상사고,0,0,1,0,차대차 - 기타,불법유턴,건조,맑음,교차로 - 교차로안,승용,남,42세,상해없음,승용,남,48세,경상
2018052900100491,2018년 5월 29일 19시,화요일,충청남도 보령시 동대동,경상사고,0,0,1,0,차대차 - 측면충돌,불법유턴,건조,맑음,교차로 - 교차로안,이륜,남,57세,상해없음,승용,남,58세,경상
2018052900100529,2018년 5월 29일 20시,화요일,충청남도 천안시 서북구 성환읍,경상사고,0,0,1,0,차대차 - 기타,안전운전불이행,젖음/습기,비,단일로 - 기타,화물,남,50세,상해없음,기타불명,남,72세,경상
2018052900100583,2018년 5월 29일 22시,화요일,충청남도 천안시 서북구 성정동,경상사고,0,0,1,0,차대차 - 기타,안전운전불이행,건조,맑음,교차로 - 교차로안,승용,남,53세,상해없음,승용,남,42세,경상
2018052900100618,2018년 5월 29일 23시,화요일,충청남도 당진시 읍내리,경상사고,0,0,2,0,차대차 - 측면충돌,안전운전불이행,건조,맑음,단일로 - 기타,승용,남,22세,상해없음,승용,남,20세,경상
2018053000100041,2018년 5월 30일 04시,수요일,충청남도 보령시 동대동,경상사고,0,0,4,0,차대차 - 기타,신호위반,건조,맑음,교차로 - 교차로안,승용,남,48세,기타불명,승용,남,26세,경상
2018053000100068,2018년 5월 30일 06시,수요일,충청남도 논산시 내동,중상사고,0,2,1,0,차대차 - 측면충돌,직진우회전진행방해,건조,맑음,교차로 - 교차로안,승용,남,73세,중상,화물,남,62세,경상
2018053000100069,2018년 5월 30일 06시,수요일,충청남도 아산시 온천동,중상사고,0,1,0,0,차대차 - 기타,안전운전불이행,건조,맑음,단일로 - 기타,승용,남,47세,상해없음,이륜,남,70세,중상
2018053000100092,2018년 5월 30일 07시,수요일,충청남도 서산시 해미면,경상사고,0,0,1,0,차대차 - 측면충돌,교차로운행방법위반,건조,맑음,교차로 - 교차로안,화물,남,71세,상해없음,자전거,남,77세,경상
2018053000100121,2018년 5월 30일 08시,수요일,충청남도 천안시 서북구 두정동,경상사고,0,0,2,0,차대차 - 측면충돌,직진우회전진행방해,젖음/습기,비,교차로 - 교차로안,승용,남,39세,상해없음,승용,남,33세,경상
2018053000100122,2018년 5월 30일 08시,수요일,충청남도 천안시 서북구 차암동,부상신고사고,0,0,0,1,차대차 - 측면충돌,안전운전불이행,젖음/습기,비,단일로 - 기타,화물,남,75세,상해없음,승용,여,45세,부상신고
2018053000100163,2018년 5월 30일 09시,수요일,충청남도 천안시 서북구 백석동,경상사고,0,0,2,0,차대차 - 측면충돌,신호위반,건조,흐림,교차로 - 교차로안,승용,여,33세,상해없음,승용,여,35세,경상
2018053000100164,2018년 5월 30일 09시,수요일,충청남도 예산군 대술면,경상사고,0,0,2,0,차대차 - 기타,안전운전불이행,건조,맑음,단일로 - 기타,건설기계,남,46세,상해없음,승용,남,61세,경상
2018053000100190,2018년 5월 30일 10시,수요일,충청남도 천안시 서북구 백석동,경상사고,0,0,2,0,차대차 - 추돌,안전운전불이행,건조,맑음,교차로 - 교차로부근,승용,여,41세,상해없음,승용,여,38세,경상
2018053000100191,2018년 5월 30일 10시,수요일,충청남도 보령시 성주면,경상사고,0,0,1,0,차대차 - 기타,안전운전불이행,건조,맑음,단일로 - 기타,건설기계,남,58세,상해없음,승용,남,27세,경상
2018053000100221,2018년 5월 30일 11시,수요일,충청남도 금산군 군북면,경상사고,0,0,1,0,차대차 - 측면충돌,신호위반,건조,맑음,교차로 - 교차로안,농기계,남,68세,경상,화물,남,37세,상해없음
2018053000100307,2018년 5월 30일 14시,수요일,충청남도 당진시 송산면,중상사고,0,1,0,0,차대차 - 기타,안전운전불이행,건조,맑음,교차로 - 교차로안,승용,여,42세,상해없음,자전거,여,54세,중상
2018053000100364,2018년 5월 30일 15시,수요일,충청남도 아산시 용화동,경상사고,0,0,1,0,차대차 - 기타,안전운전불이행,건조,맑음,단일로 - 기타,기타불명,기타불명,미분류,기타불명,자전거,남,7세,경상
2018053000100365,2018년 5월 30일 15시,수요일,충청남도 당진시 합덕읍,경상사고,0,0,1,0,차대사람 - 횡단중,보행자보호의무위반,건조,맑음,교차로 - 교차로횡단보도내,화물,남,62세,상해없음,보행자,남,7세,경상
2018053000100409,2018년 5월 30일 16시,수요일,충청남도 서산시 수석동,경상사고,0,0,2,0,차대차 - 정면충돌,중앙선침범,건조,맑음,교차로 - 교차로안,승용,남,53세,기타불명,승용,여,49세,경상
2018053000100410,2018년 5월 30일 16시,수요일,충청남도 홍성군 홍북읍,경상사고,0,0,1,0,차대사람 - 기타,안전운전불이행,건조,맑음,단일로 - 기타,승용,여,46세,상해없음,보행자,남,4세,경상
2018053000100446,2018년 5월 30일 17시,수요일,충청남도 천안시 서북구 성정동,경상사고,0,0,2,0,차대차 - 기타,안전운전불이행,건조,맑음,교차로 - 교차로안,화물,여,57세,상해없음,승용,여,22세,경상
2018053000100496,2018년 5월 30일 18시,수요일,충청남도 아산시 탕정면,중상사고,0,1,0,0,차대사람 - 횡단중,안전운전불이행,건조,맑음,단일로 - 기타,승용,남,49세,상해없음,보행자,여,6세,중상
2018053000100532,2018년 5월 30일 19시,수요일,충청남도 논산시 취암동,경상사고,0,0,2,0,차대차 - 측면충돌,안전운전불이행,건조,맑음,교차로 - 교차로안,승용,남,60세,상해없음,화물,남,24세,경상
2018053000100561,2018년 5월 30일 20시,수요일,충청남도 공주시 신관동,경상사고,0,0,1,0,차대차 - 측면충돌,안전운전불이행,건조,맑음,교차로 - 교차로안,승용,남,25세,상해없음,이륜,남,18세,경상
2018053000100587,2018년 5월 30일 21시,수요일,충청남도 천안시 서북구 쌍용동,부상신고사고,0,0,0,1,차대사람 - 보도통행중,기타,건조,맑음,단일로 - 기타,승용,남,47세,상해없음,보행자,남,24세,부상신고
2018053000100588,2018년 5월 30일 21시,수요일,충청남도 아산시 배방읍,경상사고,0,0,1,0,차대차 - 추돌,안전운전불이행,건조,맑음,교차로 - 교차로부근,승합,남,51세,상해없음,승용,여,54세,경상
2018053000100611,2018년 5월 30일 22시,수요일,충청남도 천안시 서북구 성환읍,경상사고,0,0,1,0,차대차 - 추돌,안전운전불이행,건조,맑음,단일로 - 기타,화물,남,41세,상해없음,농기계,남,40세,경상
2018053000100612,2018년 5월 30일 22시,수요일,충청남도 천안시 서북구 쌍용동,경상사고,0,0,3,0,차대차 - 측면충돌,안전운전불이행,건조,맑음,교차로 - 교차로부근,승용,남,28세,상해없음,승용,남,54세,상해없음
2018053000100613,2018년 5월 30일 22시,수요일,충청남도 논산시 연무읍,중상사고,0,1,0,0,차량단독 - 전도전복 - 전도,안전운전불이행,건조,맑음,단일로 - 기타,이륜,남,26세,중상,미분류,미분류,미분류,미분류
2018053000100614,2018년 5월 30일 22시,수요일,충청남도 논산시 취암동,중상사고,0,1,0,0,차대차 - 기타,과속,건조,맑음,교차로 - 교차로안,승용,여,28세,상해없음,이륜,남,76세,중상
2018053000100634,2018년 5월 30일 23시,수요일,충청남도 천안시 서북구 성거읍,경상사고,0,0,1,0,차대차 - 정면충돌,신호위반,건조,맑음,교차로 - 교차로안,승용,남,27세,상해없음,승용,남,44세,경상
2018053100100009,2018년 5월 31일 00시,목요일,충청남도 천안시 서북구 불당동,경상사고,0,0,1,0,차대차 - 측면충돌,안전운전불이행,건조,맑음,단일로 - 기타,승용,남,36세,상해없음,승용,남,24세,경상
2018053100100034,2018년 5월 31일 02시,목요일,충청남도 아산시 용화동,경상사고,0,0,1,0,차대사람 - 기타,안전운전불이행,건조,맑음,기타 - 기타,승용,여,57세,상해없음,보행자,여,64세,경상
2018053100100037,2018년 5월 31일 03시,목요일,충청남도 천안시 서북구 불당동,중상사고,0,1,1,0,차량단독 - 공작물충돌,안전운전불이행,건조,맑음,주차장 - 주차장,승용,남,36세,경상,,,,
2018053100100086,2018년 5월 31일 07시,목요일,충청남도 천안시 서북구 백석동,중상사고,0,1,0,0,차대차 - 측면충돌,안전거리미확보,건조,맑음,단일로 - 기타,승합,남,64세,상해없음,이륜,남,66세,중상
2018053100100087,2018년 5월 31일 07시,목요일,충청남도 천안시 서북구 백석동,경상사고,0,0,1,0,차대차 - 기타,안전운전불이행,건조,맑음,교차로 - 교차로안,승합,여,56세,상해없음,승합,여,41세,경상
2018053100100088,2018년 5월 31일 07시,목요일,충청남도 공주시 우성면,경상사고,0,0,1,0,차대차 - 후진중충돌,안전운전불이행,건조,맑음,교차로 - 교차로부근,화물,남,40세,상해없음,승용,남,34세,경상
2018053100100089,2018년 5월 31일 07시,목요일,충청남도 천안시 동남구 신부동,중상사고,0,1,0,1,차대차 - 측면충돌,직진우회전진행방해,건조,맑음,교차로 - 교차로안,승용,여,47세,상해없음,화물,여,46세,부상신고
2018053100100141,2018년 5월 31일 08시,목요일,충청남도 천안시 서북구 두정동,경상사고,0,0,3,0,차대차 - 측면충돌,신호위반,건조,맑음,교차로 - 교차로안,승용,여,48세,경상,화물,남,33세,경상
2018053100100143,2018년 5월 31일 08시,목요일,충청남도 당진시 석문면,중상사고,0,1,0,0,차대차 - 측면충돌,신호위반,건조,맑음,교차로 - 교차로안,승용,남,28세,상해없음,승용,남,28세,중상
2018053100100144,2018년 5월 31일 08시,목요일,충청남도 금산군 추부면,경상사고,0,0,1,0,차량단독 - 도로외이탈 - 기타,안전거리미확보,건조,맑음,단일로 - 기타,농기계,남,77세,경상,,,,
2018053100100204,2018년 5월 31일 09시,목요일,충청남도 천안시 서북구 불당동,중상사고,0,1,0,0,차대차 - 측면충돌,불법유턴,건조,맑음,교차로 - 교차로안,자전거,여,75세,중상,화물,남,57세,상해없음
2018053100100205,2018년 5월 31일 09시,목요일,충청남도 예산군 삽교읍,경상사고,0,0,1,0,차대차 - 측면충돌,안전운전불이행,건조,맑음,교차로 - 교차로안,승용,남,48세,경상,화물,남,53세,상해없음
2018053100100233,2018년 5월 31일 10시,목요일,충청남도 태안군 남면,중상사고,0,1,0,0,차대사람 - 기타,안전운전불이행,건조,맑음,주차장 - 주차장,화물,남,41세,상해없음,보행자,여,86세,중상
2018053100100263,2018년 5월 31일 11시,목요일,충청남도 당진시 송악읍,경상사고,0,0,1,0,차대차 - 측면충돌,신호위반,건조,맑음,교차로 - 교차로안,승용,남,64세,상해없음,승용,남,22세,경상
2018053100100326,2018년 5월 31일 13시,목요일,충청남도 보령시 명천동,중상사고,0,1,0,0,차대차 - 측면충돌,안전운전불이행,건조,맑음,단일로 - 기타,승용,남,18세,상해없음,이륜,여,57세,중상
2018053100100354,2018년 5월 31일 14시,목요일,충청남도 천안시 서북구 두정동,중상사고,0,1,1,0,차대차 - 측면충돌,신호위반,건조,맑음,교차로 - 교차로안,이륜,남,25세,경상,이륜,남,48세,중상
2018053100100355,2018년 5월 31일 14시,목요일,충청남도 논산시 가야곡면,중상사고,0,1,2,0,차대차 - 정면충돌,중앙선침범,건조,맑음,단일로 - 기타,승용,남,68세,중상,승용,남,23세,경상
2018053100100356,2018년 5월 31일 14시,목요일,충청남도 아산시 둔포면,중상사고,0,1,0,0,차대차 - 추돌,안전운전불이행,건조,맑음,단일로 - 기타,화물,남,59세,중상,화물,남,58세,상해없음
2018053100100357,2018년 5월 31일 14시,목요일,충청남도 당진시 읍내리,경상사고,0,0,1,0,차대차 - 기타,안전운전불이행,건조,맑음,교차로 - 교차로부근,승용,여,53세,상해없음,자전거,여,54세,경상
2018053100100399,2018년 5월 31일 15시,목요일,충청남도 논산시 양촌면,경상사고,0,0,2,0,차대차 - 정면충돌,중앙선침범,건조,맑음,단일로 - 기타,승용,남,42세,경상,화물,남,51세,경상
2018053100100442,2018년 5월 31일 16시,목요일,충청남도 천안시 동남구 다가동,경상사고,0,0,1,0,차량단독 - 공작물충돌,안전운전불이행,건조,맑음,단일로 - 기타,화물,남,59세,상해없음,,,,
2018053100100489,2018년 5월 31일 17시,목요일,충청남도 홍성군 홍성읍,경상사고,0,0,1,0,차대차 - 추돌,안전운전불이행,건조,맑음,교차로 - 교차로안,승용,남,32세,상해없음,승용,남,48세,경상
2018053100100490,2018년 5월 31일 17시,목요일,충청남도 공주시 우성면,중상사고,0,1,0,0,차대사람 - 기타,안전운전불이행,건조,맑음,단일로 - 기타,화물,남,47세,상해없음,보행자,여,82세,중상
2018053100100492,2018년 5월 31일 17시,목요일,충청남도 당진시 사기소리,중상사고,0,1,1,0,차대차 - 측면충돌,안전운전불이행,건조,맑음,단일로 - 기타,승용,남,74세,상해없음,승용,여,49세,중상
2018053100100537,2018년 5월 31일 18시,목요일,충청남도 홍성군 홍성읍,경상사고,0,0,1,0,차대사람 - 차도통행중,안전운전불이행,건조,맑음,단일로 - 기타,승용,남,44세,상해없음,보행자,남,3세,경상
2018053100100538,2018년 5월 31일 18시,목요일,충청남도 당진시 송악읍,경상사고,0,0,1,0,차대사람 - 기타,안전운전불이행,건조,맑음,단일로 - 기타,승합,남,59세,상해없음,보행자,남,59세,경상
2018053100100577,2018년 5월 31일 19시,목요일,충청남도 천안시 서북구 두정동,중상사고,0,1,0,0,차대차 - 기타,안전운전불이행,건조,맑음,교차로 - 교차로안,승용,여,37세,상해없음,이륜,남,25세,중상
2018053100100608,2018년 5월 31일 20시,목요일,충청남도 천안시 동남구 봉명동,중상사고,0,1,0,0,차대사람 - 횡단중,보행자보호의무위반,건조,맑음,교차로 - 교차로횡단보도내,승용,남,51세,상해없음,보행자,남,61세,중상
2018053100100609,2018년 5월 31일 20시,목요일,충청남도 태안군 소원면,경상사고,0,0,1,0,차대차 - 측면충돌,안전운전불이행,건조,맑음,교차로 - 교차로안,농기계,남,49세,상해없음,승용,여,55세,경상
2018053100100643,2018년 5월 31일 21시,목요일,충청남도 공주시 신관동,경상사고,0,0,5,0,차대차 - 측면충돌,안전운전불이행,건조,흐림,교차로 - 교차로부근,승용,여,29세,기타불명,승용,남,36세,경상
2018053100100644,2018년 5월 31일 21시,목요일,충청남도 예산군 예산읍,경상사고,0,0,2,0,차대차 - 측면충돌,안전운전불이행,건조,맑음,기타 - 기타,화물,남,67세,경상,승용,남,35세,상해없음
2018053100100645,2018년 5월 31일 21시,목요일,충청남도 천안시 동남구 다가동,경상사고,0,0,2,0,차대차 - 측면충돌,안전운전불이행,건조,맑음,단일로 - 기타,승용,남,37세,상해없음,승용,남,22세,경상
2018053100100668,2018년 5월 31일 22시,목요일,충청남도 천안시 동남구 신부동,경상사고,0,0,1,0,차대차 - 추돌,안전운전불이행,건조,맑음,단일로 - 기타,화물,남,58세,상해없음,이륜,남,26세,경상
2018053100100698,2018년 5월 31일 23시,목요일,충청남도 서천군 비인면,중상사고,0,1,0,0,차대차 - 측면충돌,안전운전불이행,건조,맑음,교차로 - 교차로안,승용,남,53세,상해없음,승용,남,53세,상해없음
2018060100100042,2018년 6월 1일 02시,금요일,충청남도 당진시 송악읍,경상사고,0,0,1,0,차대차 - 추돌,안전운전불이행,건조,맑음,단일로 - 기타,승용,남,55세,상해없음,화물,남,33세,경상
2018060100100054,2018년 6월 1일 03시,금요일,충청남도 논산시 광석면,경상사고,0,0,1,0,차대차 - 기타,안전운전불이행,건조,맑음,단일로 - 기타,승용,남,34세,상해없음,화물,남,53세,상해없음
2018060100100069,2018년 6월 1일 05시,금요일,충청남도 서산시 읍내동,중상사고,0,1,0,0,차대사람 - 보도통행중,보행자보호의무위반,건조,맑음,교차로 - 교차로횡단보도내,승용,여,54세,상해없음,보행자,여,75세,중상
2018060100100095,2018년 6월 1일 07시,금요일,충청남도 천안시 서북구 쌍용동,경상사고,0,0,1,0,차대차 - 측면충돌,안전운전불이행,건조,맑음,교차로 - 교차로안,승합,남,24세,상해없음,승용,남,39세,경상
2018060100100096,2018년 6월 1일 07시,금요일,충청남도 논산시 연산면,경상사고,0,0,1,0,차대차 - 추돌,안전운전불이행,건조,맑음,단일로 - 기타,승용,여,44세,상해없음,승용,여,49세,경상
2018060100100097,2018년 6월 1일 07시,금요일,충청남도 공주시 금학동,경상사고,0,0,1,0,차대사람 - 횡단중,신호위반,건조,맑음,교차로 - 교차로안,승용,여,33세,상해없음,보행자,남,7세,경상
2018060100100127,2018년 6월 1일 08시,금요일,충청남도 천안시 서북구 직산읍,경상사고,0,0,1,0,차대차 - 정면충돌,안전운전불이행,건조,맑음,교차로 - 교차로안,승용,남,41세,상해없음,승용,여,49세,경상
2018060100100128,2018년 6월 1일 08시,금요일,충청남도 당진시 합덕읍,중상사고,0,2,0,0,차대차 - 기타,안전운전불이행,건조,맑음,단일로 - 기타,화물,남,58세,상해없음,이륜,남,78세,중상
2018060100100179,2018년 6월 1일 09시,금요일,충청남도 부여군 부여읍,중상사고,0,1,0,0,차대차 - 측면충돌,안전운전불이행,건조,맑음,단일로 - 기타,승용,여,28세,상해없음,이륜,남,72세,중상
2018060100100209,2018년 6월 1일 10시,금요일,충청남도 천안시 서북구 두정동,경상사고,0,0,1,0,차대차 - 추돌,안전거리미확보,건조,맑음,단일로 - 기타,승용,남,63세,상해없음,승용,여,49세,경상
2018060100100211,2018년 6월 1일 10시,금요일,충청남도 천안시 동남구 목천읍,중상사고,0,1,3,0,차대차 - 기타,안전운전불이행,건조,맑음,단일로 - 기타,승합,남,64세,상해없음,승용,여,46세,중상
2018060100100243,2018년 6월 1일 11시,금요일,충청남도 천안시 서북구 두정동,경상사고,0,0,1,0,차대사람 - 기타,안전운전불이행,건조,맑음,단일로 - 기타,승합,남,49세,상해없음,보행자,남,74세,경상
2018060100100308,2018년 6월 1일 13시,금요일,충청남도 천안시 서북구 두정동,경상사고,0,0,2,0,차대차 - 기타,안전거리미확보,건조,맑음,단일로 - 기타,승용,남,49세,상해없음,승용,남,45세,경상
2018060100100309,2018년 6월 1일 13시,금요일,충청남도 천안시 동남구 봉명동,중상사고,0,1,0,0,차대사람 - 기타,안전운전불이행,건조,맑음,교차로 - 교차로안,승용,남,69세,상해없음,보행자,남,59세,중상
2018060100100339,2018년 6월 1일 14시,금요일,충청남도 천안시 서북구 불당동,경상사고,0,0,2,0,차대차 - 기타,신호위반,건조,맑음,교차로 - 교차로안,승합,남,23세,경상,승용,남,26세,경상
2018060100100340,2018년 6월 1일 14시,금요일,충청남도 홍성군 광천읍,중상사고,0,1,0,0,차대차 - 측면충돌,안전운전불이행,건조,맑음,교차로 - 교차로안,화물,남,55세,기타불명,승용,여,67세,중상
2018060100100341,2018년 6월 1일 14시,금요일,충청남도 서천군 서천읍,경상사고,0,0,2,0,차대차 - 측면충돌,중앙선침범,건조,맑음,단일로 - 기타,승용,남,64세,상해없음,승용,남,58세,경상
2018060100100386,2018년 6월 1일 15시,금요일,충청남도 서천군 서천읍,경상사고,0,0,1,0,차대사람 - 횡단중,보행자보호의무위반,건조,맑음,교차로 - 교차로안,승용,여,21세,상해없음,보행자,남,11세,경상
2018060100100387,2018년 6월 1일 15시,금요일,충청남도 천안시 동남구 병천면,중상사고,0,1,0,0,차대차 - 측면충돌,교차로운행방법위반,건조,맑음,교차로 - 교차로안,승용,여,58세,상해없음,이륜,남,73세,중상
2018060100100427,2018년 6월 1일 16시,금요일,충청남도 공주시 반포면,중상사고,0,2,0,0,차대차 - 정면충돌,중앙선침범,건조,맑음,단일로 - 기타,승용,여,62세,중상,승용,여,59세,중상
2018060100100428,2018년 6월 1일 16시,금요일,충청남도 부여군 부여읍,중상사고,0,1,0,0,차대차 - 측면충돌,안전운전불이행,건조,맑음,단일로 - 기타,승용,여,57세,상해없음,자전거,남,18세,중상
2018060100100470,2018년 6월 1일 17시,금요일,충청남도 서천군 한산면,중상사고,0,1,0,0,차량단독 - 전도전복 - 전도,안전운전불이행,건조,맑음,단일로 - 기타,이륜,남,63세,상해없음,미분류,미분류,미분류,미분류
2018060100100471,2018년 6월 1일 17시,금요일,충청남도 당진시 수청리,경상사고,0,0,1,0,차대차 - 측면충돌,안전운전불이행,건조,흐림,교차로 - 교차로부근,이륜,남,26세,경상,승용,남,42세,상해없음
2018060100100472,2018년 6월 1일 17시,금요일,충청남도 태안군 태안읍,사망사고,1,0,0,0,차대차 - 정면충돌,중앙선침범,건조,맑음,교차로 - 교차로부근,이륜,남,54세,사망,승용,남,35세,상해없음
2018060100100523,2018년 6월 1일 18시,금요일,충청남도 금산군 금산읍,중상사고,0,1,1,0,차대차 - 측면충돌,안전운전불이행,건조,맑음,교차로 - 교차로안,승합,남,62세,경상,승용,여,45세,중상
2018060100100611,2018년 6월 1일 20시,금요일,충청남도 당진시 석문면,중상사고,0,1,0,0,차량단독 - 도로외이탈 - 추락,안전운전불이행,건조,맑음,단일로 - 기타,이륜,남,68세,중상,,,,
2018060100100678,2018년 6월 1일 22시,금요일,충청남도 천안시 서북구 성정동,경상사고,0,0,2,0,차대차 - 추돌,안전운전불이행,건조,맑음,단일로 - 기타,승용,남,48세,상해없음,승용,남,47세,경상
2018060100100679,2018년 6월 1일 22시,금요일,충청남도 아산시 실옥동,경상사고,0,0,1,0,차대차 - 추돌,안전운전불이행,건조,맑음,단일로 - 기타,승용,남,37세,기타불명,승용,여,34세,경상
2018060200100030,2018년 6월 2일 01시,토요일,충청남도 천안시 서북구 두정동,중상사고,0,1,0,0,차대사람 - 차도통행중,안전운전불이행,건조,맑음,단일로 - 기타,승합,남,30세,상해없음,보행자,남,20세,중상
2018060200100031,2018년 6월 2일 01시,토요일,충청남도 보령시 웅천읍,부상신고사고,0,0,0,1,차량단독 - 전도전복 - 전도,안전운전불이행,건조,맑음,교차로 - 교차로부근,화물,남,55세,부상신고,미분류,미분류,미분류,미분류
2018060200100032,2018년 6월 2일 01시,토요일,충청남도 천안시 동남구 삼룡동,중상사고,0,1,0,0,차량단독 - 공작물충돌,안전운전불이행,건조,맑음,단일로 - 기타,승용,남,23세,상해없음,,,,
2018060200100061,2018년 6월 2일 03시,토요일,충청남도 서산시 예천동,경상사고,0,0,1,0,차대차 - 추돌,안전운전불이행,건조,맑음,교차로 - 교차로부근,승용,여,34세,상해없음,승용,남,20세,경상
2018060200100092,2018년 6월 2일 06시,토요일,충청남도 천안시 서북구 입장면,경상사고,0,0,2,0,차대차 - 추돌,안전운전불이행,건조,맑음,교차로 - 교차로안,승용,남,26세,상해없음,화물,남,51세,경상
2018060200100105,2018년 6월 2일 07시,토요일,충청남도 논산시 취암동,경상사고,0,0,1,0,차대차 - 기타,안전운전불이행,건조,맑음,교차로 - 교차로안,승용,여,49세,경상,승용,여,52세,상해없음
2018060200100106,2018년 6월 2일 07시,토요일,충청남도 아산시 도고면,중상사고,0,1,0,0,차대차 - 기타,안전운전불이행,건조,맑음,단일로 - 기타,화물,남,44세,상해없음,농기계,남,61세,중상
2018060200100155,2018년 6월 2일 09시,토요일,충청남도 보령시 동대동,중상사고,0,2,1,0,차대차 - 측면충돌,신호위반,건조,맑음,교차로 - 교차로안,승용,남,79세,경상,승용,여,41세,중상
2018060200100182,2018년 6월 2일 10시,토요일,충청남도 서산시 예천동,경상사고,0,0,1,0,차대사람 - 횡단중,보행자보호의무위반,건조,맑음,교차로 - 교차로부근,승용,남,54세,상해없음,보행자,여,38세,경상
2018060200100275,2018년 6월 2일 12시,토요일,충청남도 천안시 동남구 구성동,경상사고,0,0,1,0,차대차 - 후진중충돌,안전운전불이행,건조,맑음,교차로 - 교차로안,화물,남,55세,상해없음,승용,남,43세,경상
2018060200100357,2018년 6월 2일 14시,토요일,충청남도 천안시 서북구 백석동,중상사고,0,1,0,0,차대차 - 측면충돌,안전운전불이행,건조,맑음,교차로 - 교차로안,승용,여,57세,상해없음,승용,여,53세,중상