사고번호,사고일시,요일,시군구,사고내용,사망자수,중상자수,경상자수,부상신고자수,사고유형,법규위반,노면상태,기상상태,도로형태,가해운전자 차종,가해운전자 성별,가해운전자 연령,가해운전자 상해정도,피해운전자 차종,피해운전자 성별,피해운전자 연령,피해운전자 상해정도
2018060200100402,2018년 6월 2일 15시,토요일,충청남도 논산시 지산동,사망사고,1,0,0,0,차대차 - 측면충돌,불법유턴,건조,맑음,교차로 - 교차로부근,자전거,남,83세,사망,승용,남,62세,상해없음
2018060200100403,2018년 6월 2일 15시,토요일,충청남도 공주시 금성동,중상사고,0,1,0,0,차대차 - 측면충돌,안전운전불이행,건조,맑음,교차로 - 교차로안,이륜,남,27세,중상,승용,남,20세,상해없음
2018060200100447,2018년 6월 2일 16시,토요일,충청남도 서산시 동문동,부상신고사고,0,0,0,1,차대차 - 측면충돌,교차로운행방법위반,건조,맑음,교차로 - 교차로부근,승용,남,43세,상해없음,이륜,남,16세,부상신고
2018060200100448,2018년 6월 2일 16시,토요일,충청남도 서산시 동문동,경상사고,0,0,2,0,차대차 - 측면충돌,기타,건조,맑음,단일로 - 기타,승용,남,48세,상해없음,승용,남,39세,경상
2018060200100449,2018년 6월 2일 16시,토요일,충청남도 서산시 동문동,중상사고,0,1,1,0,차대차 - 측면충돌,안전운전불이행,건조,맑음,교차로 - 교차로부근,승용,남,38세,상해없음,승용,남,54세,중상
2018060200100450,2018년 6월 2일 16시,토요일,충청남도 천안시 서북구 백석동,부상신고사고,0,0,0,1,차대차 - 추돌,안전운전불이행,건조,맑음,단일로 - 지하차도(도로)내,승용,남,47세,부상신고,화물,남,46세,상해없음
2018060200100452,2018년 6월 2일 16시,토요일,충청남도 당진시 석문면,경상사고,0,0,1,0,차대차 - 측면충돌,교차로운행방법위반,건조,맑음,교차로 - 교차로안,승용,여,57세,상해없음,승용,남,64세,경상
2018060200100453,2018년 6월 2일 16시,토요일,충청남도 태안군 근흥면,중상사고,0,1,1,0,차대차 - 측면충돌,차로위반,건조,맑음,교차로 - 교차로부근,승용,남,69세,상해없음,건설기계,남,46세,중상
2018060200100508,2018년 6월 2일 17시,토요일,충청남도 아산시 방축동,경상사고,0,0,1,0,차대차 - 추돌,안전운전불이행,건조,맑음,교차로 - 교차로부근,승용,남,51세,상해없음,승합,남,45세,경상
2018060200100562,2018년 6월 2일 18시,토요일,충청남도 서산시 운산면,경상사고,0,0,1,0,차대차 - 측면충돌,안전운전불이행,건조,맑음,단일로 - 기타,화물,남,26세,상해없음,승용,남,55세,경상
2018060200100563,2018년 6월 2일 18시,토요일,충청남도 서산시 읍내동,중상사고,0,1,0,0,차대차 - 측면충돌,안전운전불이행,건조,맑음,단일로 - 기타,승용,남,55세,상해없음,이륜,남,75세,중상
2018060200100564,2018년 6월 2일 18시,토요일,충청남도 천안시 서북구 성환읍,경상사고,0,0,2,0,차대차 - 측면충돌,안전운전불이행,건조,맑음,교차로 - 교차로안,승합,여,50세,경상,화물,남,62세,경상
2018060200100565,2018년 6월 2일 18시,토요일,충청남도 당진시 송악읍,경상사고,0,0,1,0,차대사람 - 기타,안전운전불이행,건조,맑음,단일로 - 기타,승용,여,47세,상해없음,보행자,여,19세,경상
2018060200100590,2018년 6월 2일 19시,토요일,충청남도 서산시 동문동,경상사고,0,0,2,0,차대차 - 측면충돌,교차로운행방법위반,건조,맑음,교차로 - 교차로부근,이륜,남,52세,상해없음,자전거,남,12세,경상
2018060200100591,2018년 6월 2일 19시,토요일,충청남도 천안시 서북구 쌍용동,경상사고,0,0,2,0,차대차 - 측면충돌,안전운전불이행,건조,맑음,교차로 - 교차로안,이륜,남,19세,경상,승용,남,28세,경상
2018060200100592,2018년 6월 2일 19시,토요일,충청남도 홍성군 홍북읍,중상사고,0,1,1,0,차대차 - 측면충돌,신호위반,건조,맑음,교차로 - 교차로안,승용,여,30세,경상,승용,남,36세,중상
2018060200100593,2018년 6월 2일 19시,토요일,충청남도 보령시 웅천읍,경상사고,0,0,1,0,차대사람 - 차도통행중,안전운전불이행,건조,맑음,기타 - 기타,승용,여,63세,상해없음,보행자,여,58세,경상
2018060200100613,2018년 6월 2일 20시,토요일,충청남도 천안시 서북구 불당동,경상사고,0,0,1,0,차대사람 - 횡단중,보행자보호의무위반,건조,맑음,단일로 - 기타,승용,여,46세,상해없음,보행자,남,49세,경상
2018060200100614,2018년 6월 2일 20시,토요일,충청남도 계룡시 엄사면,중상사고,0,1,0,0,차대차 - 측면충돌,안전운전불이행,건조,맑음,교차로 - 교차로부근,승용,남,54세,상해없음,이륜,남,30세,중상
2018060200100615,2018년 6월 2일 20시,토요일,충청남도 아산시 배방읍,중상사고,0,1,0,0,차대차 - 측면충돌,안전운전불이행,건조,맑음,교차로 - 교차로안,이륜,남,16세,중상,승용,남,47세,상해없음
2018060200100616,2018년 6월 2일 20시,토요일,충청남도 당진시 용연리,경상사고,0,0,2,0,차대차 - 측면충돌,교차로운행방법위반,건조,맑음,교차로 - 교차로안,승용,남,67세,상해없음,승용,여,65세,경상
2018060200100679,2018년 6월 2일 22시,토요일,충청남도 천안시 동남구 원성동,경상사고,0,0,1,0,차대차 - 측면충돌,교차로운행방법위반,건조,맑음,교차로 - 교차로안,승용,남,52세,경상,화물,남,29세,상해없음
2018060200100703,2018년 6월 2일 23시,토요일,충청남도 논산시 취암동,경상사고,0,0,1,0,차대사람 - 기타,안전운전불이행,건조,맑음,교차로 - 교차로부근,승용,남,31세,상해없음,보행자,남,49세,경상
2018060300100080,2018년 6월 3일 06시,일요일,충청남도 서산시 예천동,경상사고,0,0,1,0,차대차 - 측면충돌,기타,건조,맑음,교차로 - 교차로횡단보도내,자전거,남,74세,경상,승용,남,73세,상해없음
2018060300100099,2018년 6월 3일 08시,일요일,충청남도 서산시 갈산동,경상사고,0,0,1,0,차대차 - 정면충돌,안전운전불이행,건조,맑음,단일로 - 기타,승용,남,70세,상해없음,이륜,남,66세,경상
2018060300100100,2018년 6월 3일 08시,일요일,충청남도 아산시 남동,경상사고,0,0,1,0,차대차 - 기타,안전운전불이행,건조,맑음,단일로 - 기타,화물,남,49세,상해없음,승용,남,45세,경상
2018060300100101,2018년 6월 3일 08시,일요일,충청남도 천안시 동남구 풍세면,경상사고,0,0,1,0,차대차 - 측면충돌,안전거리미확보,건조,맑음,교차로 - 교차로부근,화물,남,55세,상해없음,승용,남,66세,경상
2018060300100140,2018년 6월 3일 10시,일요일,충청남도 서천군 서천읍,경상사고,0,0,1,0,차대차 - 측면충돌,직진우회전진행방해,건조,맑음,교차로 - 교차로안,승용,남,56세,상해없음,원동기,남,83세,경상
2018060300100211,2018년 6월 3일 13시,일요일,충청남도 서산시 석림동,경상사고,0,0,2,0,차대차 - 추돌,안전운전불이행,건조,맑음,교차로 - 교차로부근,승용,남,23세,상해없음,승용,남,36세,경상
2018060300100212,2018년 6월 3일 13시,일요일,충청남도 보령시 신흑동,중상사고,0,1,0,0,차대사람 - 기타,안전운전불이행,건조,맑음,기타 - 기타,승용,남,56세,상해없음,보행자,남,21세,중상
2018060300100213,2018년 6월 3일 13시,일요일,충청남도 금산군 복수면,중상사고,0,2,2,0,차대차 - 측면충돌,신호위반,건조,맑음,교차로 - 교차로안,승용,남,59세,상해없음,승용,남,45세,중상
2018060300100214,2018년 6월 3일 13시,일요일,충청남도 천안시 동남구 사직동,경상사고,0,0,1,0,차대사람 - 기타,안전운전불이행,건조,맑음,단일로 - 기타,승용,남,61세,상해없음,보행자,남,41세,경상
2018060300100215,2018년 6월 3일 13시,일요일,충청남도 태안군 안면읍,중상사고,0,1,0,0,차대차 - 추돌,안전운전불이행,건조,맑음,교차로 - 교차로안,이륜,남,45세,중상,승용,남,69세,상해없음
2018060300100281,2018년 6월 3일 15시,일요일,충청남도 금산군 금산읍,경상사고,0,0,1,0,차량단독 - 공작물충돌,안전운전불이행,건조,맑음,단일로 - 기타,사륜오토바이(ATV),남,76세,경상,,,,
2018060300100341,2018년 6월 3일 17시,일요일,충청남도 공주시 금흥동,중상사고,0,2,1,0,차대차 - 정면충돌,중앙선침범,건조,맑음,교차로 - 교차로부근,승용,남,40세,기타불명,승용,남,70세,중상
2018060300100378,2018년 6월 3일 18시,일요일,충청남도 공주시 정안면,경상사고,0,0,2,0,차대차 - 측면충돌,안전운전불이행,건조,맑음,기타 - 기타,화물,남,51세,상해없음,승용,남,30세,경상
2018060300100431,2018년 6월 3일 20시,일요일,충청남도 서산시 고북면,중상사고,0,1,0,0,차량단독 - 공작물충돌,안전운전불이행,건조,맑음,단일로 - 기타,화물,남,63세,중상,,,,
2018060300100432,2018년 6월 3일 20시,일요일,충청남도 천안시 동남구 다가동,중상사고,0,2,0,1,차대차 - 측면충돌,직진우회전진행방해,건조,맑음,교차로 - 교차로안,승용,남,64세,부상신고,승용,남,21세,중상
2018060300100466,2018년 6월 3일 21시,일요일,충청남도 보령시 동대동,중상사고,0,1,0,0,차대차 - 측면충돌,불법유턴,건조,맑음,교차로 - 교차로부근,승용,남,50세,상해없음,이륜,남,42세,중상
2018060300100467,2018년 6월 3일 21시,일요일,충청남도 보령시 내항동,중상사고,0,1,2,0,차대차 - 추돌,안전거리미확보,건조,맑음,단일로 - 기타,승용,남,46세,상해없음,승용,남,24세,경상
2018060300100468,2018년 6월 3일 21시,일요일,충청남도 당진시 송악읍,경상사고,0,0,1,0,차대차 - 측면충돌,안전운전불이행,건조,맑음,단일로 - 기타,승용,남,34세,상해없음,승용,남,31세,경상
2018060300100469,2018년 6월 3일 21시,일요일,충청남도 천안시 동남구 원성동,경상사고,0,0,1,0,차대차 - 측면충돌,안전거리미확보,건조,맑음,교차로 - 교차로부근,승용,남,37세,상해없음,승용,남,55세,경상
2018060400100004,2018년 6월 4일 00시,월요일,충청남도 공주시 신관동,사망사고,1,0,0,0,차대차 - 측면충돌,직진우회전진행방해,건조,맑음,교차로 - 교차로안,승용,남,52세,상해없음,이륜,남,33세,사망
2018060400100026,2018년 6월 4일 04시,월요일,충청남도 보령시 주교면,경상사고,0,0,2,0,차대차 - 측면충돌,안전운전불이행,건조,맑음,단일로 - 기타,승용,남,49세,상해없음,승용,남,24세,경상
2018060400100078,2018년 6월 4일 07시,월요일,충청남도 서산시 대산읍,중상사고,0,1,2,1,차대차 - 측면충돌,직진우회전진행방해,건조,맑음,교차로 - 교차로안,승용,남,34세,상해없음,승용,남,25세,경상
2018060400100079,2018년 6월 4일 07시,월요일,충청남도 서산시 음암면,중상사고,0,2,3,0,차대차 - 측면충돌,안전운전불이행,건조,맑음,단일로 - 기타,승합,남,33세,경상,승용,여,58세,상해없음
2018060400100080,2018년 6월 4일 07시,월요일,충청남도 천안시 서북구 입장면,경상사고,0,0,1,0,차대차 - 측면충돌,안전운전불이행,건조,맑음,단일로 - 기타,승용,남,39세,상해없음,승용,남,34세,경상
2018060400100081,2018년 6월 4일 07시,월요일,충청남도 천안시 서북구 불당동,중상사고,0,1,2,0,차대차 - 측면충돌,신호위반,건조,맑음,교차로 - 교차로안,승용,여,44세,중상,승용,남,40세,경상
2018060400100082,2018년 6월 4일 07시,월요일,충청남도 태안군 근흥면,중상사고,0,2,0,0,차대차 - 기타,중앙선침범,건조,흐림,교차로 - 교차로부근,승용,여,60세,중상,승용,남,41세,중상
2018060400100177,2018년 6월 4일 09시,월요일,충청남도 천안시 서북구 성정동,경상사고,0,0,1,0,차대차 - 측면충돌,안전거리미확보,건조,맑음,단일로 - 기타,이륜,남,42세,경상,승용,남,46세,상해없음
2018060400100178,2018년 6월 4일 09시,월요일,충청남도 천안시 동남구 신방동,중상사고,0,1,0,0,차대차 - 측면충돌,교차로운행방법위반,건조,맑음,교차로 - 교차로안,승용,여,54세,상해없음,승용,여,26세,중상
2018060400100274,2018년 6월 4일 12시,월요일,충청남도 청양군 장평면,중상사고,0,1,0,0,차량단독 - 공작물충돌,안전운전불이행,건조,맑음,단일로 - 기타,이륜,남,64세,중상,,,,
2018060400100313,2018년 6월 4일 13시,월요일,충청남도 예산군 삽교읍,경상사고,0,0,1,0,차대사람 - 기타,안전운전불이행,건조,맑음,교차로 - 교차로부근,화물,남,66세,상해없음,보행자,여,61세,경상
2018060400100314,2018년 6월 4일 13시,월요일,충청남도 예산군 응봉면,중상사고,0,2,1,0,차대차 - 측면충돌,교차로운행방법위반,건조,맑음,교차로 - 교차로안,승용,남,86세,상해없음,화물,남,33세,경상
2018060400100347,2018년 6월 4일 14시,월요일,충청남도 서천군 화양면,중상사고,0,1,0,0,차량단독 - 전도전복 - 전도,안전운전불이행,건조,맑음,단일로 - 기타,이륜,남,81세,중상,미분류,미분류,미분류,미분류
2018060400100372,2018년 6월 4일 15시,월요일,충청남도 당진시 구룡리,부상신고사고,0,0,0,1,차대차 - 기타,중앙선침범,건조,맑음,단일로 - 기타,승용,남,70세,부상신고,건설기계,남,74세,상해없음
2018060400100458,2018년 6월 4일 17시,월요일,충청남도 아산시 모종동,경상사고,0,0,1,0,차대차 - 기타,안전운전불이행,건조,맑음,주차장 - 주차장,승용,남,70세,상해없음,승용,여,26세,경상
2018060400100459,2018년 6월 4일 17시,월요일,충청남도 공주시 신관동,중상사고,0,1,0,0,차대차 - 측면충돌,기타,건조,맑음,교차로 - 교차로횡단보도내,승용,남,28세,상해없음,자전거,여,7세,중상
2018060400100460,2018년 6월 4일 17시,월요일,충청남도 청양군 청남면,경상사고,0,0,1,0,차대차 - 정면충돌,안전운전불이행,건조,맑음,단일로 - 기타,화물,남,42세,상해없음,화물,남,50세,경상
2018060400100506,2018년 6월 4일 18시,월요일,충청남도 천안시 서북구 입장면,중상사고,0,1,0,0,차대차 - 측면충돌,중앙선침범,건조,맑음,단일로 - 기타,승용,여,54세,상해없음,승용,남,40세,중상
2018060400100507,2018년 6월 4일 18시,월요일,충청남도 천안시 서북구 성정동,경상사고,0,0,1,0,차대사람 - 기타,안전운전불이행,건조,맑음,기타 - 기타,화물,남,48세,상해없음,보행자,여,45세,경상
2018060400100508,2018년 6월 4일 18시,월요일,충청남도 논산시 부창동,중상사고,0,1,0,0,차대차 - 측면충돌,교차로운행방법위반,건조,맑음,교차로 - 교차로안,승용,남,44세,상해없음,원동기,남,45세,중상
2018060400100509,2018년 6월 4일 18시,월요일,충청남도 당진시 읍내리,중상사고,0,1,0,0,차대사람 - 기타,안전운전불이행,건조,맑음,단일로 - 기타,승용,여,58세,상해없음,보행자,남,58세,중상
2018060400100541,2018년 6월 4일 19시,월요일,충청남도 당진시 합덕읍,경상사고,0,0,1,0,차대차 - 기타,차로위반,건조,맑음,단일로 - 기타,승합,남,56세,상해없음,승용,여,26세,경상
2018060400100569,2018년 6월 4일 20시,월요일,충청남도 당진시 원당리,경상사고,0,0,2,0,차대차 - 기타,신호위반,건조,맑음,교차로 - 교차로안,승용,남,49세,상해없음,승용,남,35세,경상
2018060400100570,2018년 6월 4일 20시,월요일,충청남도 천안시 동남구 성남면,경상사고,0,0,1,0,차대차 - 측면충돌,신호위반,건조,맑음,교차로 - 교차로안,승용,남,44세,상해없음,승용,여,41세,경상
2018060400100597,2018년 6월 4일 21시,월요일,충청남도 논산시 취암동,경상사고,0,0,1,0,차대차 - 추돌,안전운전불이행,건조,맑음,교차로 - 교차로부근,이륜,남,23세,경상,승용,남,34세,상해없음
2018060400100622,2018년 6월 4일 22시,월요일,충청남도 천안시 서북구 불당동,경상사고,0,0,1,0,차대차 - 측면충돌,안전거리미확보,건조,맑음,교차로 - 교차로부근,이륜,남,27세,경상,승용,남,29세,상해없음
2018060400100623,2018년 6월 4일 22시,월요일,충청남도 계룡시 금암동,경상사고,0,0,1,0,차대사람 - 횡단중,신호위반,건조,맑음,교차로 - 교차로횡단보도내,승용,여,43세,상해없음,보행자,여,13세,경상
2018060400100647,2018년 6월 4일 23시,월요일,충청남도 논산시 부적면,중상사고,0,1,0,0,차대차 - 정면충돌,중앙선침범,건조,맑음,단일로 - 고가도로위,승용,여,42세,상해없음,화물,남,44세,중상
2018060500100039,2018년 6월 5일 03시,화요일,충청남도 논산시 연산면,중상사고,0,1,0,0,차대차 - 측면충돌,안전운전불이행,건조,맑음,단일로 - 기타,승용,여,35세,중상,화물,남,34세,상해없음
2018060500100047,2018년 6월 5일 04시,화요일,충청남도 아산시 배방읍,중상사고,0,1,0,0,차대차 - 기타,안전운전불이행,건조,맑음,단일로 - 기타,승용,남,32세,중상,승용,남,43세,상해없음
2018060500100055,2018년 6월 5일 05시,화요일,충청남도 천안시 동남구 북면,중상사고,0,1,0,0,차대차 - 측면충돌,교차로운행방법위반,건조,맑음,교차로 - 교차로안,승용,남,73세,상해없음,사륜오토바이(ATV),남,73세,중상
2018060500100119,2018년 6월 5일 08시,화요일,충청남도 천안시 서북구 직산읍,경상사고,0,0,1,0,차대차 - 기타,안전운전불이행,건조,맑음,교차로 - 교차로부근,화물,남,65세,상해없음,승용,남,31세,경상
2018060500100120,2018년 6월 5일 08시,화요일,충청남도 천안시 동남구 목천읍,경상사고,0,0,1,0,차대차 - 측면충돌,안전운전불이행,건조,맑음,단일로 - 기타,승용,여,41세,상해없음,승용,남,27세,경상
2018060500100167,2018년 6월 5일 09시,화요일,충청남도 예산군 예산읍,경상사고,0,0,1,0,차대차 - 추돌,안전운전불이행,건조,맑음,교차로 - 교차로부근,화물,남,62세,상해없음,화물,남,79세,경상
2018060500100211,2018년 6월 5일 10시,화요일,충청남도 태안군 태안읍,경상사고,0,0,1,0,차대차 - 기타,교차로운행방법위반,건조,맑음,교차로 - 교차로안,화물,남,46세,상해없음,이륜,남,80세,경상
2018060500100258,2018년 6월 5일 12시,화요일,충청남도 논산시 관촉동,중상사고,0,1,0,0,차대사람 - 기타,안전운전불이행,건조,맑음,단일로 - 기타,자전거,남,71세,상해없음,보행자,여,61세,중상
2018060500100282,2018년 6월 5일 13시,화요일,충청남도 천안시 동남구 영성동,중상사고,0,1,0,0,차대차 - 기타,교차로운행방법위반,건조,맑음,교차로 - 교차로안,승용,남,71세,상해없음,이륜,남,53세,중상
2018060500100361,2018년 6월 5일 15시,화요일,충청남도 천안시 서북구 불당동,중상사고,0,1,0,0,차대차 - 측면충돌,안전운전불이행,건조,맑음,교차로 - 교차로안,승용,여,49세,상해없음,이륜,남,21세,중상
2018060500100362,2018년 6월 5일 15시,화요일,충청남도 당진시 채운동,경상사고,0,0,1,0,차대사람 - 보도통행중,보행자보호의무위반,건조,맑음,단일로 - 기타,승용,남,45세,상해없음,보행자,남,9세,경상
2018060500100363,2018년 6월 5일 15시,화요일,충청남도 태안군 태안읍,중상사고,0,1,2,0,차대차 - 기타,안전운전불이행,건조,맑음,단일로 - 기타,화물,여,49세,경상,승용,여,59세,중상
2018060500100404,2018년 6월 5일 16시,화요일,충청남도 홍성군 갈산면,경상사고,0,0,1,0,차대차 - 추돌,안전운전불이행,건조,맑음,단일로 - 기타,승용,남,36세,상해없음,화물,남,35세,경상
2018060500100405,2018년 6월 5일 16시,화요일,충청남도 공주시 우성면,부상신고사고,0,0,0,1,차량단독 - 공작물충돌,안전운전불이행,건조,맑음,단일로 - 기타,승용,남,58세,부상신고,,,,
2018060500100406,2018년 6월 5일 16시,화요일,충청남도 천안시 동남구 청당동,경상사고,0,0,1,0,차대차 - 기타,안전운전불이행,건조,맑음,단일로 - 기타,승용,여,55세,상해없음,승용,여,60세,경상
2018060500100451,2018년 6월 5일 17시,화요일,충청남도 당진시 송산면,중상사고,0,1,0,0,차대차 - 측면충돌,기타,건조,맑음,교차로 - 교차로부근,승용,남,46세,상해없음,승용,남,55세,중상
2018060500100509,2018년 6월 5일 18시,화요일,충청남도 천안시 서북구 성정동,경상사고,0,0,1,0,차대차 - 추돌,안전운전불이행,건조,맑음,교차로 - 교차로안,승용,남,56세,상해없음,승용,남,60세,경상
2018060500100510,2018년 6월 5일 18시,화요일,충청남도 보령시 신흑동,중상사고,0,1,0,0,차대사람 - 기타,안전운전불이행,건조,맑음,기타 - 기타,화물,기타불명,미분류,기타불명,보행자,남,71세,중상
2018060500100511,2018년 6월 5일 18시,화요일,충청남도 부여군 부여읍,중상사고,0,1,0,0,차대차 - 측면충돌,교차로운행방법위반,건조,맑음,교차로 - 교차로안,승용,남,46세,상해없음,이륜,남,78세,중상
2018060500100545,2018년 6월 5일 19시,화요일,충청남도 천안시 서북구 성정동,경상사고,0,0,2,0,차대차 - 정면충돌,안전운전불이행,건조,맑음,단일로 - 기타,승용,남,60세,상해없음,승용,남,62세,경상
2018060500100546,2018년 6월 5일 19시,화요일,충청남도 천안시 서북구 성정동,경상사고,0,0,1,0,차량단독 - 기타,안전운전불이행,건조,맑음,단일로 - 기타,승용,남,48세,상해없음,,,,
2018060500100575,2018년 6월 5일 20시,화요일,충청남도 천안시 동남구 다가동,중상사고,0,1,0,0,차대사람 - 보도통행중,안전운전불이행,건조,맑음,단일로 - 기타,승용,남,45세,기타불명,보행자,여,45세,중상
2018060500100606,2018년 6월 5일 21시,화요일,충청남도 서산시 성연면,중상사고,0,1,0,0,차대차 - 추돌,안전운전불이행,건조,맑음,단일로 - 기타,승용,남,46세,상해없음,승용,남,43세,중상
2018060500100607,2018년 6월 5일 21시,화요일,충청남도 아산시 방축동,중상사고,0,1,1,0,차대차 - 측면충돌,신호위반,건조,맑음,교차로 - 교차로안,승용,남,29세,상해없음,승용,남,63세,경상
2018060500100641,2018년 6월 5일 22시,화요일,충청남도 천안시 동남구 용곡동,경상사고,0,0,3,0,차대차 - 측면충돌,안전운전불이행,건조,맑음,교차로 - 교차로안,원동기,남,17세,경상,승용,남,46세,경상
2018060600100134,2018년 6월 6일 08시,수요일,충청남도 천안시 서북구 성거읍,경상사고,0,0,1,0,차대차 - 후진중충돌,안전운전불이행,건조,맑음,단일로 - 기타,건설기계,남,48세,상해없음,승용,남,40세,경상
2018060600100135,2018년 6월 6일 08시,수요일,충청남도 예산군 예산읍,경상사고,0,0,1,0,차대차 - 측면충돌,안전거리미확보,건조,맑음,기타 - 기타,승용,남,39세,상해없음,승용,남,58세,경상
2018060600100150,2018년 6월 6일 09시,수요일,충청남도 천안시 동남구 병천면,경상사고,0,0,1,0,차대사람 - 차도통행중,안전운전불이행,건조,맑음,단일로 - 기타,승용,여,52세,상해없음,보행자,남,64세,경상
2018060600100307,2018년 6월 6일 14시,수요일,충청남도 천안시 서북구 불당동,경상사고,0,0,1,0,차대차 - 측면충돌,안전운전불이행,건조,맑음,교차로 - 교차로부근,승용,여,48세,상해없음,이륜,남,65세,경상
2018060600100422,2018년 6월 6일 17시,수요일,충청남도 당진시 송산면,경상사고,0,0,2,0,차량단독 - 공작물충돌,안전운전불이행,건조,맑음,단일로 - 기타,화물,남,24세,경상,,,,
2018060600100453,2018년 6월 6일 18시,수요일,충청남도 공주시 의당면,경상사고,0,0,1,0,차대사람 - 차도통행중,안전운전불이행,건조,맑음,교차로 - 교차로부근,승용,여,52세,상해없음,보행자,남,25세,경상
2018060600100506,2018년 6월 6일 20시,수요일,충청남도 당진시 석문면,사망사고,1,0,1,0,차대차 - 추돌,안전운전불이행,건조,맑음,교차로 - 교차로부근,승용,남,65세,사망,승용,남,42세,경상
2018060700100015,2018년 6월 7일 01시,목요일,충청남도 보령시 신흑동,경상사고,0,0,1,0,차대차 - 정면충돌,중앙선침범,건조,맑음,단일로 - 기타,승용,여,57세,상해없음,자전거,여,26세,경상
2018060700100016,2018년 6월 7일 01시,목요일,충청남도 금산군 금산읍,경상사고,0,0,1,0,차량단독 - 전도전복 - 전도,교차로운행방법위반,건조,맑음,단일로 - 기타,사륜오토바이(ATV),남,37세,경상,미분류,미분류,미분류,미분류
2018060700100017,2018년 6월 7일 01시,목요일,충청남도 천안시 동남구 신부동,중상사고,0,1,0,0,차대차 - 측면충돌,중앙선침범,건조,맑음,단일로 - 기타,승용,남,18세,상해없음,원동기,남,19세,중상
2018060700100075,2018년 6월 7일 07시,목요일,충청남도 천안시 동남구 목천읍,경상사고,0,0,1,0,차대사람 - 길가장자리구역통행중,안전운전불이행,건조,맑음,단일로 - 기타,승용,여,55세,상해없음,보행자,남,11세,경상
2018060700100101,2018년 6월 7일 08시,목요일,충청남도 예산군 예산읍,경상사고,0,0,1,0,차대차 - 측면충돌,신호위반,건조,맑음,교차로 - 교차로안,승합,남,49세,상해없음,승용,남,64세,경상
2018060700100149,2018년 6월 7일 09시,목요일,충청남도 천안시 서북구 성정동,경상사고,0,0,1,0,차대사람 - 기타,안전운전불이행,건조,맑음,교차로 - 교차로안,승용,남,49세,상해없음,보행자,남,81세,경상
2018060700100214,2018년 6월 7일 11시,목요일,충청남도 천안시 서북구 성성동,경상사고,0,0,5,0,차대차 - 측면충돌,안전운전불이행,건조,맑음,단일로 - 기타,승용,남,29세,상해없음,승용,남,19세,경상
2018060700100215,2018년 6월 7일 11시,목요일,충청남도 아산시 온천동,경상사고,0,0,2,0,차대차 - 측면충돌,안전운전불이행,건조,맑음,교차로 - 교차로안,승용,여,48세,상해없음,승용,남,29세,경상
2018060700100274,2018년 6월 7일 13시,목요일,충청남도 아산시 남동,경상사고,0,0,1,0,차대차 - 추돌,안전운전불이행,건조,맑음,단일로 - 기타,이륜,남,26세,상해없음,승용,여,33세,경상
2018060700100275,2018년 6월 7일 13시,목요일,충청남도 금산군 남일면,경상사고,0,0,1,0,차대사람 - 기타,안전운전불이행,건조,맑음,단일로 - 기타,승합,남,58세,상해없음,보행자,남,80세,경상
2018060700100300,2018년 6월 7일 14시,목요일,충청남도 천안시 서북구 성정동,경상사고,0,0,1,1,차대차 - 추돌,안전거리미확보,건조,맑음,단일로 - 기타,이륜,남,38세,부상신고,승용,남,69세,경상
2018060700100367,2018년 6월 7일 16시,목요일,충청남도 계룡시 신도안면,사망사고,1,0,0,0,차량단독 - 기타,안전운전불이행,건조,맑음,단일로 - 기타,이륜,남,64세,사망,,,,
2018060700100368,2018년 6월 7일 16시,목요일,충청남도 공주시 소학동,경상사고,0,0,2,0,차대차 - 측면충돌,안전운전불이행,건조,맑음,단일로 - 기타,승용,여,53세,경상,승합,남,54세,경상
2018060700100399,2018년 6월 7일 17시,목요일,충청남도 서산시 인지면,부상신고사고,0,0,0,1,차대차 - 측면충돌,교차로운행방법위반,건조,맑음,교차로 - 교차로안,승용,남,70세,부상신고,승용,남,26세,상해없음
2018060700100400,2018년 6월 7일 17시,목요일,충청남도 천안시 서북구 불당동,중상사고,0,1,2,0,차대차 - 추돌,안전거리미확보,건조,맑음,단일로 - 기타,승용,남,24세,상해없음,승용,여,43세,중상
2018060700100401,2018년 6월 7일 17시,목요일,충청남도 천안시 서북구 쌍용동,경상사고,0,0,1,0,차대차 - 기타,불법유턴,건조,맑음,교차로 - 교차로안,승용,여,40세,상해없음,승용,남,25세,경상
2018060700100513,2018년 6월 7일 20시,목요일,충청남도 당진시 수청리,경상사고,0,0,1,0,차대사람 - 기타,안전운전불이행,건조,맑음,단일로 - 기타,승합,남,52세,상해없음,보행자,남,58세,경상
2018060800100012,2018년 6월 8일 00시,금요일,충청남도 천안시 서북구 불당동,경상사고,0,0,1,0,차대차 - 기타,중앙선침범,건조,맑음,단일로 - 기타,승용,남,19세,상해없음,승용,남,42세,경상
2018060800100022,2018년 6월 8일 01시,금요일,충청남도 논산시 광석면,중상사고,0,1,0,0,차대차 - 추돌,안전거리미확보,건조,맑음,단일로 - 기타,승용,남,34세,상해없음,승용,남,73세,중상
2018060800100062,2018년 6월 8일 05시,금요일,충청남도 천안시 서북구 불당동,경상사고,0,0,1,0,차대차 - 추돌,안전운전불이행,건조,맑음,단일로 - 기타,원동기,남,17세,상해없음,승합,남,51세,상해없음
2018060800100095,2018년 6월 8일 07시,금요일,충청남도 당진시 송악읍,사망사고,1,0,0,0,차량단독 - 전도전복 - 전도,안전운전불이행,건조,맑음,기타 - 기타,특수,남,44세,사망,미분류,미분류,미분류,미분류