사고번호,사고일시,요일,시군구,사고내용,사망자수,중상자수,경상자수,부상신고자수,사고유형,법규위반,노면상태,기상상태,도로형태,가해운전자 차종,가해운전자 성별,가해운전자 연령,가해운전자 상해정도,피해운전자 차종,피해운전자 성별,피해운전자 연령,피해운전자 상해정도
2018060800100121,2018년 6월 8일 08시,금요일,충청남도 논산시 성동면,중상사고,0,1,0,0,차대사람 - 횡단중,안전운전불이행,건조,맑음,단일로 - 기타,원동기,남,83세,상해없음,보행자,여,66세,중상
2018060800100122,2018년 6월 8일 08시,금요일,충청남도 서천군 비인면,중상사고,0,1,0,0,차대차 - 측면충돌,안전운전불이행,건조,맑음,단일로 - 기타,화물,남,58세,상해없음,원동기,남,69세,중상
2018060800100173,2018년 6월 8일 09시,금요일,충청남도 서산시 예천동,중상사고,0,2,1,0,차대차 - 측면충돌,안전운전불이행,건조,맑음,교차로 - 교차로부근,화물,남,75세,상해없음,승용,남,61세,중상
2018060800100174,2018년 6월 8일 09시,금요일,충청남도 당진시 원당리,중상사고,0,1,0,0,차대차 - 측면충돌,신호위반,건조,맑음,교차로 - 교차로안,승용,여,30세,상해없음,승용,여,48세,중상
2018060800100175,2018년 6월 8일 09시,금요일,충청남도 천안시 동남구 원성동,중상사고,0,1,0,0,차대사람 - 횡단중,안전운전불이행,건조,맑음,교차로 - 교차로안,승용,남,19세,상해없음,보행자,남,80세,중상
2018060800100209,2018년 6월 8일 10시,금요일,충청남도 천안시 서북구 성정동,중상사고,0,1,0,0,차대차 - 측면충돌,안전운전불이행,건조,맑음,교차로 - 교차로안,승용,남,40세,상해없음,승용,남,71세,중상
2018060800100210,2018년 6월 8일 10시,금요일,충청남도 금산군 금산읍,경상사고,0,0,2,0,차대차 - 측면충돌,교차로운행방법위반,건조,맑음,교차로 - 교차로안,승용,남,50세,상해없음,이륜,남,73세,경상
2018060800100211,2018년 6월 8일 10시,금요일,충청남도 천안시 동남구 목천읍,중상사고,0,1,0,0,차대차 - 기타,직진우회전진행방해,건조,맑음,교차로 - 교차로안,화물,남,64세,상해없음,자전거,여,29세,중상
2018060800100240,2018년 6월 8일 11시,금요일,충청남도 공주시 유구읍,중상사고,0,3,0,0,차대차 - 측면충돌,안전운전불이행,건조,맑음,단일로 - 기타,승합,남,79세,중상,승용,남,69세,중상
2018060800100241,2018년 6월 8일 11시,금요일,충청남도 천안시 동남구 사직동,중상사고,0,1,1,0,차대차 - 기타,안전운전불이행,건조,맑음,단일로 - 기타,건설기계,남,63세,상해없음,승합,남,50세,상해없음
2018060800100273,2018년 6월 8일 12시,금요일,충청남도 아산시 영인면,사망사고,1,0,0,0,차대차 - 측면충돌,안전운전불이행,건조,맑음,교차로 - 교차로안,화물,남,53세,상해없음,이륜,남,79세,사망
2018060800100274,2018년 6월 8일 12시,금요일,충청남도 보령시 대천동,중상사고,0,1,0,0,차대차 - 측면충돌,안전운전불이행,건조,맑음,단일로 - 기타,승합,남,64세,상해없음,이륜,남,51세,중상
2018060800100275,2018년 6월 8일 12시,금요일,충청남도 예산군 삽교읍,경상사고,0,0,1,0,차대차 - 기타,직진우회전진행방해,건조,흐림,교차로 - 교차로안,화물,여,56세,상해없음,이륜,여,63세,경상
2018060800100276,2018년 6월 8일 12시,금요일,충청남도 당진시 읍내리,중상사고,0,1,0,0,차대사람 - 기타,안전운전불이행,건조,맑음,단일로 - 기타,화물,남,44세,상해없음,보행자,여,27세,중상
2018060800100277,2018년 6월 8일 12시,금요일,충청남도 천안시 서북구 성거읍,경상사고,0,0,1,0,차대차 - 측면충돌,안전운전불이행,건조,맑음,단일로 - 기타,승용,여,51세,상해없음,승용,남,48세,경상
2018060800100343,2018년 6월 8일 14시,금요일,충청남도 당진시 수청리,중상사고,0,1,0,0,차대차 - 기타,안전운전불이행,건조,맑음,단일로 - 기타,화물,남,39세,상해없음,승용,남,47세,중상
2018060800100377,2018년 6월 8일 15시,금요일,충청남도 천안시 동남구 오룡동,경상사고,0,0,1,0,차대차 - 기타,교차로운행방법위반,건조,맑음,단일로 - 기타,승용,여,48세,상해없음,승용,남,55세,상해없음
2018060800100417,2018년 6월 8일 16시,금요일,충청남도 홍성군 홍성읍,중상사고,0,1,0,0,차대차 - 측면충돌,교차로운행방법위반,건조,맑음,교차로 - 교차로안,승용,여,49세,상해없음,이륜,남,66세,중상
2018060800100420,2018년 6월 8일 16시,금요일,충청남도 금산군 진산면,중상사고,0,1,2,0,차대차 - 측면충돌,교차로운행방법위반,건조,맑음,교차로 - 교차로안,농기계,남,58세,경상,승용,여,68세,중상
2018060800100470,2018년 6월 8일 17시,금요일,충청남도 서산시 동문동,경상사고,0,0,3,0,차대차 - 측면충돌,신호위반,건조,맑음,교차로 - 교차로안,승용,남,61세,상해없음,승용,남,48세,경상
2018060800100471,2018년 6월 8일 17시,금요일,충청남도 천안시 서북구 직산읍,중상사고,0,1,1,0,차대차 - 추돌,안전운전불이행,건조,맑음,교차로 - 교차로부근,승용,남,63세,상해없음,화물,여,65세,중상
2018060800100472,2018년 6월 8일 17시,금요일,충청남도 천안시 서북구 백석동,중상사고,0,1,0,0,차대사람 - 횡단중,보행자보호의무위반,건조,맑음,교차로 - 교차로안,승용,남,63세,상해없음,보행자,여,11세,중상
2018060800100473,2018년 6월 8일 17시,금요일,충청남도 논산시 강산동,중상사고,0,1,0,0,차대차 - 측면충돌,교차로운행방법위반,건조,맑음,교차로 - 교차로안,승용,남,52세,상해없음,이륜,남,75세,중상
2018060800100474,2018년 6월 8일 17시,금요일,충청남도 공주시 옥룡동,경상사고,0,0,1,0,차대차 - 측면충돌,직진우회전진행방해,건조,맑음,교차로 - 교차로안,승합,남,68세,상해없음,승용,남,56세,경상
2018060800100475,2018년 6월 8일 17시,금요일,충청남도 예산군 덕산면,중상사고,0,1,0,0,차대차 - 기타,불법유턴,건조,맑음,단일로 - 기타,승용,남,18세,상해없음,이륜,남,64세,중상
2018060800100527,2018년 6월 8일 18시,금요일,충청남도 천안시 서북구 쌍용동,경상사고,0,0,2,0,차대차 - 추돌,안전운전불이행,건조,맑음,교차로 - 교차로부근,승용,남,62세,상해없음,승용,남,25세,경상
2018060800100528,2018년 6월 8일 18시,금요일,충청남도 아산시 모종동,경상사고,0,0,1,0,차대사람 - 기타,안전운전불이행,건조,맑음,단일로 - 기타,승용,여,31세,상해없음,보행자,여,31세,경상
2018060800100529,2018년 6월 8일 18시,금요일,충청남도 예산군 예산읍,중상사고,0,2,1,0,차대차 - 추돌,안전운전불이행,건조,맑음,단일로 - 기타,화물,남,53세,상해없음,승용,여,61세,경상
2018060800100530,2018년 6월 8일 18시,금요일,충청남도 천안시 동남구 구성동,경상사고,0,0,1,0,차대차 - 기타,안전운전불이행,건조,맑음,단일로 - 기타,기타불명,기타불명,미분류,기타불명,승용,남,55세,상해없음
2018060800100601,2018년 6월 8일 20시,금요일,충청남도 서산시 석림동,중상사고,0,1,0,0,차대사람 - 횡단중,안전운전불이행,건조,맑음,교차로 - 교차로안,승용,남,29세,상해없음,보행자,여,84세,중상
2018060800100636,2018년 6월 8일 21시,금요일,충청남도 보령시 궁촌동,경상사고,0,0,2,0,차대차 - 추돌,안전운전불이행,건조,맑음,단일로 - 기타,화물,남,62세,상해없음,승용,여,44세,경상
2018060900100036,2018년 6월 9일 02시,토요일,충청남도 아산시 배미동,경상사고,0,0,1,0,차대차 - 측면충돌,안전운전불이행,건조,맑음,단일로 - 기타,승용,남,31세,상해없음,승용,남,33세,경상
2018060900100081,2018년 6월 9일 05시,토요일,충청남도 홍성군 갈산면,중상사고,0,1,0,0,차대차 - 정면충돌,교차로운행방법위반,건조,맑음,교차로 - 교차로안,승용,남,16세,상해없음,승용,남,56세,중상
2018060900100082,2018년 6월 9일 05시,토요일,충청남도 보령시 남곡동,경상사고,0,0,2,0,차대차 - 정면충돌,중앙선침범,건조,맑음,단일로 - 기타,승용,남,30세,경상,화물,남,53세,경상
2018060900100102,2018년 6월 9일 07시,토요일,충청남도 천안시 서북구 성정동,경상사고,0,0,1,0,차대차 - 측면충돌,신호위반,건조,맑음,교차로 - 교차로안,승용,남,58세,상해없음,이륜,남,24세,경상
2018060900100140,2018년 6월 9일 09시,토요일,충청남도 천안시 서북구 두정동,경상사고,0,0,1,0,차대차 - 측면충돌,안전운전불이행,건조,맑음,교차로 - 교차로안,기타불명,기타불명,미분류,기타불명,승용,남,51세,경상
2018060900100141,2018년 6월 9일 09시,토요일,충청남도 천안시 서북구 불당동,경상사고,0,0,1,0,차대차 - 측면충돌,안전운전불이행,건조,맑음,단일로 - 기타,승용,남,55세,상해없음,승용,여,54세,경상
2018060900100142,2018년 6월 9일 09시,토요일,충청남도 논산시 화지동,중상사고,0,1,0,0,차대차 - 측면충돌,안전운전불이행,건조,맑음,단일로 - 기타,승용,남,49세,상해없음,자전거,여,75세,중상
2018060900100143,2018년 6월 9일 09시,토요일,충청남도 홍성군 광천읍,중상사고,0,1,0,0,차대사람 - 기타,안전운전불이행,건조,맑음,단일로 - 기타,화물,남,51세,상해없음,보행자,여,75세,중상
2018060900100144,2018년 6월 9일 09시,토요일,충청남도 부여군 임천면,경상사고,0,0,1,0,차대차 - 측면충돌,중앙선침범,건조,맑음,교차로 - 교차로안,화물,남,72세,상해없음,이륜,남,45세,경상
2018060900100255,2018년 6월 9일 12시,토요일,충청남도 천안시 서북구 성환읍,경상사고,0,0,1,0,차대차 - 정면충돌,신호위반,건조,맑음,교차로 - 교차로안,화물,남,52세,상해없음,승용,여,42세,경상
2018060900100289,2018년 6월 9일 13시,토요일,충청남도 당진시 송악읍,경상사고,0,0,1,0,차대사람 - 기타,안전운전불이행,건조,맑음,주차장 - 주차장,승용,남,61세,상해없음,보행자,여,42세,경상
2018060900100355,2018년 6월 9일 15시,토요일,충청남도 부여군 부여읍,중상사고,0,1,0,0,차량단독 - 기타,안전운전불이행,건조,맑음,단일로 - 기타,이륜,남,67세,중상,,,,
2018060900100384,2018년 6월 9일 16시,토요일,충청남도 보령시 신흑동,중상사고,0,3,0,0,차대차 - 추돌,안전거리미확보,건조,맑음,교차로 - 교차로안,화물,남,56세,상해없음,승용,남,29세,중상
2018060900100464,2018년 6월 9일 18시,토요일,충청남도 천안시 서북구 쌍용동,중상사고,0,2,1,0,차대차 - 기타,교차로운행방법위반,건조,맑음,교차로 - 교차로안,승용,여,56세,상해없음,승용,남,30세,경상
2018060900100465,2018년 6월 9일 18시,토요일,충청남도 홍성군 홍성읍,경상사고,0,0,1,0,차대차 - 기타,안전운전불이행,건조,맑음,단일로 - 기타,이륜,남,29세,경상,화물,남,61세,상해없음
2018060900100466,2018년 6월 9일 18시,토요일,충청남도 부여군 부여읍,경상사고,0,0,1,0,차대차 - 기타,안전운전불이행,건조,맑음,단일로 - 기타,승용,남,44세,상해없음,자전거,여,41세,경상
2018060900100501,2018년 6월 9일 19시,토요일,충청남도 서산시 동문동,부상신고사고,0,0,0,1,차대사람 - 횡단중,안전운전불이행,건조,맑음,교차로 - 교차로안,승용,남,63세,상해없음,보행자,남,44세,부상신고
2018060900100502,2018년 6월 9일 19시,토요일,충청남도 당진시 신평면,경상사고,0,0,3,0,차대차 - 측면충돌,중앙선침범,건조,맑음,단일로 - 기타,승합,여,54세,경상,승용,남,28세,경상
2018060900100545,2018년 6월 9일 20시,토요일,충청남도 아산시 온천동,경상사고,0,0,1,0,차대차 - 기타,신호위반,기타,맑음,교차로 - 교차로안,이륜,남,16세,상해없음,이륜,남,25세,경상
2018060900100546,2018년 6월 9일 20시,토요일,충청남도 부여군 부여읍,경상사고,0,0,3,0,차대차 - 측면충돌,교차로운행방법위반,건조,맑음,교차로 - 교차로안,승용,여,30세,상해없음,승용,남,68세,경상
2018060900100547,2018년 6월 9일 20시,토요일,충청남도 태안군 태안읍,중상사고,0,1,0,0,차대차 - 측면충돌,안전거리미확보,젖음/습기,비,기타 - 기타,승용,남,52세,상해없음,이륜,남,27세,중상
2018060900100579,2018년 6월 9일 21시,토요일,충청남도 예산군 예산읍,중상사고,0,1,0,0,차대차 - 측면충돌,직진우회전진행방해,젖음/습기,비,교차로 - 교차로안,승용,남,27세,상해없음,자전거,남,27세,중상
2018060900100580,2018년 6월 9일 21시,토요일,충청남도 부여군 규암면,경상사고,0,0,1,0,차대차 - 추돌,안전운전불이행,건조,맑음,단일로 - 기타,화물,남,39세,상해없음,승용,남,55세,상해없음
2018060900100604,2018년 6월 9일 22시,토요일,충청남도 논산시 취암동,중상사고,0,1,1,0,차대차 - 측면충돌,신호위반,젖음/습기,흐림,교차로 - 교차로안,이륜,남,32세,중상,승용,남,56세,경상
2018061000100015,2018년 6월 10일 00시,일요일,충청남도 천안시 동남구 문화동,경상사고,0,0,2,0,차대차 - 추돌,안전운전불이행,건조,맑음,단일로 - 기타,승용,남,40세,상해없음,승용,남,57세,경상
2018061000100131,2018년 6월 10일 09시,일요일,충청남도 당진시 송악읍,경상사고,0,0,1,0,차대사람 - 기타,안전운전불이행,건조,맑음,단일로 - 기타,승용,남,55세,상해없음,보행자,남,36세,경상
2018061000100155,2018년 6월 10일 10시,일요일,충청남도 부여군 부여읍,사망사고,1,0,0,0,차대차 - 추돌,안전운전불이행,건조,맑음,단일로 - 기타,이륜,남,66세,사망,화물,남,42세,기타불명
2018061000100219,2018년 6월 10일 13시,일요일,충청남도 예산군 신암면,경상사고,0,0,1,0,차대차 - 기타,안전운전불이행,건조,맑음,단일로 - 기타,승용,남,64세,상해없음,자전거,남,57세,경상
2018061000100249,2018년 6월 10일 14시,일요일,충청남도 당진시 읍내리,경상사고,0,0,3,0,차대차 - 측면충돌,신호위반,건조,맑음,교차로 - 교차로안,승합,남,22세,상해없음,승용,남,62세,상해없음
2018061000100250,2018년 6월 10일 14시,일요일,충청남도 당진시 채운동,중상사고,0,1,1,0,차대차 - 측면충돌,안전거리미확보,건조,맑음,교차로 - 교차로부근,화물,남,49세,상해없음,승용,여,48세,중상
2018061000100276,2018년 6월 10일 15시,일요일,충청남도 논산시 연무읍,부상신고사고,0,0,0,1,차량단독 - 도로외이탈 - 추락,안전운전불이행,건조,맑음,단일로 - 기타,화물,남,63세,부상신고,,,,
2018061000100308,2018년 6월 10일 16시,일요일,충청남도 천안시 동남구 성남면,경상사고,0,0,2,1,차대차 - 측면충돌,중앙선침범,건조,맑음,단일로 - 기타,승용,남,35세,상해없음,승용,남,62세,경상
2018061000100341,2018년 6월 10일 17시,일요일,충청남도 서산시 성연면,중상사고,0,1,1,0,차대차 - 추돌,안전운전불이행,건조,맑음,단일로 - 기타,승용,남,35세,경상,승용,남,29세,중상
2018061000100342,2018년 6월 10일 17시,일요일,충청남도 천안시 서북구 입장면,경상사고,0,0,1,0,차대차 - 추돌,안전운전불이행,건조,맑음,단일로 - 기타,승용,남,25세,상해없음,승용,남,24세,경상
2018061000100343,2018년 6월 10일 17시,일요일,충청남도 아산시 송악면,경상사고,0,0,1,0,차대차 - 정면충돌,중앙선침범,건조,맑음,단일로 - 기타,승용,남,22세,상해없음,승용,남,62세,경상
2018061000100345,2018년 6월 10일 17시,일요일,충청남도 청양군 화성면,경상사고,0,0,2,0,차대차 - 측면충돌,중앙선침범,건조,맑음,단일로 - 기타,승용,여,54세,경상,승합,남,57세,경상
2018061000100392,2018년 6월 10일 19시,일요일,충청남도 천안시 서북구 쌍용동,경상사고,0,0,2,0,차대차 - 측면충돌,안전운전불이행,건조,맑음,교차로 - 교차로부근,승용,남,26세,상해없음,승용,남,43세,상해없음
2018061000100416,2018년 6월 10일 20시,일요일,충청남도 서산시 동문동,중상사고,0,1,0,0,차대차 - 측면충돌,직진우회전진행방해,건조,맑음,교차로 - 교차로안,승용,남,56세,상해없음,이륜,남,39세,중상
2018061000100417,2018년 6월 10일 20시,일요일,충청남도 천안시 동남구 병천면,중상사고,0,1,0,0,차대차 - 측면충돌,교차로운행방법위반,건조,맑음,교차로 - 교차로안,승용,남,29세,상해없음,승용,남,61세,중상
2018061100100072,2018년 6월 11일 07시,월요일,충청남도 천안시 서북구 성환읍,부상신고사고,0,0,0,1,차대차 - 측면충돌,안전운전불이행,건조,맑음,교차로 - 교차로부근,승용,남,48세,부상신고,승용,남,74세,상해없음
2018061100100073,2018년 6월 11일 07시,월요일,충청남도 천안시 동남구 용곡동,경상사고,0,0,2,0,차대차 - 기타,안전거리미확보,건조,맑음,단일로 - 기타,화물,남,57세,상해없음,승용,남,38세,상해없음
2018061100100143,2018년 6월 11일 09시,월요일,충청남도 홍성군 홍성읍,경상사고,0,0,2,0,차대차 - 측면충돌,신호위반,건조,맑음,교차로 - 교차로안,승용,여,44세,상해없음,승용,여,42세,경상
2018061100100144,2018년 6월 11일 09시,월요일,충청남도 서천군 서천읍,경상사고,0,0,1,0,차대차 - 측면충돌,직진우회전진행방해,건조,맑음,교차로 - 교차로안,원동기,남,43세,경상,승용,남,60세,상해없음
2018061100100175,2018년 6월 11일 10시,월요일,충청남도 서산시 읍내동,경상사고,0,0,1,0,차대차 - 측면충돌,안전운전불이행,건조,맑음,교차로 - 교차로부근,이륜,남,76세,경상,승합,남,49세,상해없음
2018061100100176,2018년 6월 11일 10시,월요일,충청남도 아산시 배방읍,중상사고,0,1,0,0,차대사람 - 횡단중,신호위반,건조,맑음,교차로 - 교차로횡단보도내,건설기계,남,45세,상해없음,보행자,남,78세,중상
2018061100100177,2018년 6월 11일 10시,월요일,충청남도 금산군 금산읍,중상사고,0,1,1,0,차대차 - 측면충돌,안전운전불이행,건조,맑음,단일로 - 기타,화물,남,78세,경상,승용,여,36세,기타불명
2018061100100203,2018년 6월 11일 11시,월요일,충청남도 홍성군 홍동면,중상사고,0,2,0,0,차대차 - 측면충돌,안전운전불이행,건조,맑음,단일로 - 기타,승용,여,57세,상해없음,기타불명,남,87세,중상
2018061100100204,2018년 6월 11일 11시,월요일,충청남도 서천군 장항읍,중상사고,0,1,0,0,차대사람 - 기타,안전운전불이행,건조,맑음,단일로 - 기타,승용,여,63세,상해없음,보행자,남,76세,중상
2018061100100205,2018년 6월 11일 11시,월요일,충청남도 논산시 벌곡면,중상사고,0,1,0,0,차대차 - 기타,안전운전불이행,건조,맑음,단일로 - 기타,승용,여,49세,상해없음,승용,여,52세,중상
2018061100100238,2018년 6월 11일 12시,월요일,충청남도 예산군 삽교읍,경상사고,0,0,1,0,차대차 - 기타,신호위반,건조,맑음,교차로 - 교차로안,화물,남,76세,상해없음,승용,남,39세,경상
2018061100100297,2018년 6월 11일 14시,월요일,충청남도 청양군 청남면,경상사고,0,0,2,0,차대차 - 기타,안전운전불이행,건조,맑음,기타 - 기타,화물,남,60세,경상,승용,여,48세,상해없음
2018061100100298,2018년 6월 11일 14시,월요일,충청남도 청양군 청양읍,경상사고,0,0,1,0,차대차 - 측면충돌,직진우회전진행방해,건조,맑음,교차로 - 교차로안,승용,여,45세,상해없음,이륜,남,82세,경상
2018061100100342,2018년 6월 11일 15시,월요일,충청남도 서산시 음암면,중상사고,0,2,0,0,차량단독 - 전도전복 - 전도,안전운전불이행,건조,맑음,단일로 - 기타,승용,남,35세,상해없음,미분류,미분류,미분류,미분류
2018061100100343,2018년 6월 11일 15시,월요일,충청남도 서산시 예천동,경상사고,0,0,1,0,차대차 - 측면충돌,안전운전불이행,건조,맑음,단일로 - 기타,승용,남,43세,경상,승용,남,58세,상해없음
2018061100100379,2018년 6월 11일 16시,월요일,충청남도 당진시 합덕읍,중상사고,0,1,0,0,차대차 - 측면충돌,직진우회전진행방해,건조,맑음,교차로 - 교차로안,이륜,남,87세,중상,승용,남,58세,상해없음
2018061100100417,2018년 6월 11일 17시,월요일,충청남도 홍성군 홍성읍,경상사고,0,0,1,0,차대차 - 측면충돌,안전운전불이행,건조,맑음,단일로 - 기타,화물,남,64세,상해없음,승용,여,34세,경상
2018061100100418,2018년 6월 11일 17시,월요일,충청남도 금산군 금산읍,경상사고,0,0,1,0,차대차 - 측면충돌,교차로운행방법위반,건조,맑음,교차로 - 교차로안,화물,남,63세,상해없음,이륜,여,66세,경상
2018061100100444,2018년 6월 11일 18시,월요일,충청남도 공주시 정안면,경상사고,0,0,1,1,차대차 - 측면충돌,안전운전불이행,건조,맑음,교차로 - 교차로안,화물,남,61세,부상신고,승용,남,35세,경상
2018061100100445,2018년 6월 11일 18시,월요일,충청남도 천안시 동남구 원성동,부상신고사고,0,0,0,1,차대차 - 기타,안전운전불이행,건조,맑음,단일로 - 기타,화물,남,40세,부상신고,승용,남,56세,상해없음
2018061100100493,2018년 6월 11일 19시,월요일,충청남도 당진시 읍내리,경상사고,0,0,5,1,차대차 - 측면충돌,직진우회전진행방해,건조,맑음,교차로 - 교차로안,승용,남,39세,경상,승용,남,33세,경상
2018061100100494,2018년 6월 11일 19시,월요일,충청남도 천안시 동남구 북면,경상사고,0,0,2,0,차대차 - 측면충돌,안전운전불이행,건조,맑음,단일로 - 기타,승용,남,24세,경상,승용,남,44세,경상
2018061100100549,2018년 6월 11일 21시,월요일,충청남도 당진시 순성면,중상사고,0,1,1,0,차대차 - 측면충돌,안전운전불이행,건조,기타,교차로 - 교차로안,화물,남,69세,중상,화물,남,32세,상해없음
2018061100100583,2018년 6월 11일 22시,월요일,충청남도 부여군 세도면,중상사고,0,1,0,0,차량단독 - 기타,안전운전불이행,건조,맑음,단일로 - 기타,화물,여,61세,중상,,,,
2018061100100613,2018년 6월 11일 23시,월요일,충청남도 천안시 동남구 원성동,경상사고,0,0,1,0,차대차 - 측면충돌,중앙선침범,건조,맑음,단일로 - 기타,승용,남,49세,상해없음,이륜,남,16세,경상
2018061200100013,2018년 6월 12일 00시,화요일,충청남도 아산시 염치읍,중상사고,0,1,0,0,차대차 - 추돌,안전운전불이행,건조,맑음,단일로 - 기타,승합,남,41세,상해없음,승용,남,47세,중상
2018061200100112,2018년 6월 12일 08시,화요일,충청남도 아산시 음봉면,중상사고,0,1,0,0,차대사람 - 횡단중,안전운전불이행,건조,맑음,기타 - 기타,승용,여,25세,상해없음,보행자,남,55세,중상
2018061200100113,2018년 6월 12일 08시,화요일,충청남도 공주시 신관동,경상사고,0,0,1,0,차대사람 - 보도통행중,보행자보호의무위반,건조,맑음,교차로 - 교차로부근,승용,남,61세,상해없음,보행자,여,7세,경상
2018061200100150,2018년 6월 12일 09시,화요일,충청남도 서산시 해미면,경상사고,0,0,1,0,차대차 - 추돌,안전거리미확보,건조,맑음,단일로 - 기타,화물,남,52세,상해없음,화물,남,53세,경상
2018061200100151,2018년 6월 12일 09시,화요일,충청남도 보령시 웅천읍,중상사고,0,1,0,0,차대차 - 기타,안전운전불이행,건조,맑음,단일로 - 기타,화물,남,54세,기타불명,승용,여,41세,기타불명
2018061200100193,2018년 6월 12일 10시,화요일,충청남도 공주시 신풍면,경상사고,0,0,2,0,차량단독 - 기타,안전운전불이행,건조,맑음,단일로 - 기타,농기계,남,61세,경상,,,,
2018061200100225,2018년 6월 12일 11시,화요일,충청남도 천안시 서북구 성정동,경상사고,0,0,3,0,차대차 - 기타,중앙선침범,건조,맑음,교차로 - 교차로부근,승용,남,25세,상해없음,화물,남,57세,경상
2018061200100253,2018년 6월 12일 12시,화요일,충청남도 예산군 대술면,경상사고,0,0,1,0,차대차 - 측면충돌,안전운전불이행,건조,맑음,기타 - 기타,승용,여,70세,상해없음,화물,남,59세,경상
2018061200100283,2018년 6월 12일 13시,화요일,충청남도 예산군 신양면,중상사고,0,1,0,0,차대사람 - 기타,안전운전불이행,건조,맑음,기타 - 기타,화물,여,50세,상해없음,보행자,여,90세 이상,중상
2018061200100352,2018년 6월 12일 15시,화요일,충청남도 공주시 중동,경상사고,0,0,1,0,차대차 - 측면충돌,안전운전불이행,건조,맑음,단일로 - 기타,승용,여,40세,상해없음,자전거,남,11세,경상
2018061200100383,2018년 6월 12일 16시,화요일,충청남도 천안시 서북구 신당동,경상사고,0,0,3,0,차대차 - 정면충돌,신호위반,건조,맑음,교차로 - 교차로안,화물,남,43세,상해없음,승용,남,19세,경상
2018061200100433,2018년 6월 12일 17시,화요일,충청남도 아산시 배방읍,중상사고,0,1,0,0,차대사람 - 기타,안전운전불이행,건조,맑음,교차로 - 교차로횡단보도내,승용,여,46세,상해없음,보행자,남,8세,중상
2018061200100434,2018년 6월 12일 17시,화요일,충청남도 태안군 태안읍,중상사고,0,1,0,0,차대사람 - 횡단중,보행자보호의무위반,건조,맑음,교차로 - 교차로안,승용,여,50세,상해없음,보행자,여,68세,중상
2018061200100532,2018년 6월 12일 19시,화요일,충청남도 천안시 서북구 두정동,중상사고,0,1,0,0,차대차 - 측면충돌,신호위반,건조,맑음,교차로 - 교차로안,승용,남,30세,상해없음,이륜,남,37세,중상
2018061200100572,2018년 6월 12일 20시,화요일,충청남도 보령시 남포면,중상사고,0,2,0,0,차대차 - 측면충돌,교차로운행방법위반,건조,맑음,교차로 - 교차로안,승용,남,29세,상해없음,승용,남,60세,중상
2018061200100598,2018년 6월 12일 21시,화요일,충청남도 천안시 서북구 백석동,중상사고,0,1,2,0,차대차 - 측면충돌,안전운전불이행,건조,맑음,교차로 - 교차로부근,승용,남,32세,경상,승용,남,28세,중상
2018061200100599,2018년 6월 12일 21시,화요일,충청남도 논산시 부창동,중상사고,0,1,0,0,차대차 - 측면충돌,중앙선침범,건조,맑음,단일로 - 고가도로위,자전거,남,62세,중상,승합,남,45세,상해없음
2018061200100600,2018년 6월 12일 21시,화요일,충청남도 아산시 둔포면,부상신고사고,0,0,0,1,차대차 - 기타,안전운전불이행,건조,맑음,기타 - 기타,자전거,남,21세,부상신고,승용,남,26세,상해없음
2018061200100601,2018년 6월 12일 21시,화요일,충청남도 아산시 신창면,중상사고,0,1,0,0,차대사람 - 기타,안전운전불이행,건조,맑음,단일로 - 기타,승용,남,29세,상해없음,보행자,남,44세,중상
2018061200100602,2018년 6월 12일 21시,화요일,충청남도 공주시 송선동,중상사고,0,2,0,1,차대차 - 추돌,안전운전불이행,건조,맑음,단일로 - 기타,이륜,남,62세,중상,건설기계,남,28세,상해없음
2018061200100603,2018년 6월 12일 21시,화요일,충청남도 당진시 읍내리,경상사고,0,0,1,0,차대차 - 측면충돌,교차로운행방법위반,건조,맑음,교차로 - 교차로안,승용,남,26세,상해없음,승용,남,26세,경상
2018061200100634,2018년 6월 12일 22시,화요일,충청남도 천안시 서북구 불당동,중상사고,0,1,0,0,차대사람 - 보도통행중,기타,건조,맑음,단일로 - 기타,자전거,남,14세,기타불명,보행자,남,26세,중상
2018061300100010,2018년 6월 13일 00시,수요일,충청남도 태안군 근흥면,경상사고,0,0,3,0,차대차 - 추돌,안전거리미확보,건조,맑음,교차로 - 교차로안,화물,남,55세,상해없음,승용,여,66세,경상
2018061300100032,2018년 6월 13일 01시,수요일,충청남도 천안시 서북구 백석동,경상사고,0,0,2,0,차대차 - 추돌,안전운전불이행,건조,맑음,단일로 - 기타,승용,남,28세,상해없음,승용,남,25세,경상
2018061300100044,2018년 6월 13일 02시,수요일,충청남도 천안시 서북구 백석동,경상사고,0,0,3,0,차대차 - 정면충돌,중앙선침범,건조,맑음,교차로 - 교차로안,승용,남,33세,상해없음,승용,여,26세,경상
2018061300100059,2018년 6월 13일 03시,수요일,충청남도 천안시 동남구 신방동,중상사고,0,1,1,0,차대차 - 측면충돌,직진우회전진행방해,건조,맑음,교차로 - 교차로안,이륜,남,17세,중상,승용,남,27세,경상
2018061300100078,2018년 6월 13일 05시,수요일,충청남도 천안시 서북구 성성동,부상신고사고,0,0,0,1,차량단독 - 전도전복 - 전도,안전운전불이행,건조,맑음,단일로 - 기타,승용,남,47세,부상신고,미분류,미분류,미분류,미분류
2018061300100094,2018년 6월 13일 06시,수요일,충청남도 천안시 서북구 성성동,중상사고,0,1,0,0,차대차 - 추돌,중앙선침범,건조,맑음,교차로 - 교차로안,승용,남,48세,상해없음,이륜,여,56세,중상