사고번호,사고일시,요일,시군구,사고내용,사망자수,중상자수,경상자수,부상신고자수,사고유형,법규위반,노면상태,기상상태,도로형태,가해운전자 차종,가해운전자 성별,가해운전자 연령,가해운전자 상해정도,피해운전자 차종,피해운전자 성별,피해운전자 연령,피해운전자 상해정도
2018061300100113,2018년 6월 13일 07시,수요일,충청남도 서산시 대산읍,경상사고,0,0,1,0,차대차 - 측면충돌,직진우회전진행방해,건조,맑음,교차로 - 교차로안,승용,남,61세,상해없음,이륜,남,80세,경상
2018061300100114,2018년 6월 13일 07시,수요일,충청남도 서산시 예천동,경상사고,0,0,1,0,차대차 - 측면충돌,중앙선침범,건조,맑음,교차로 - 교차로부근,화물,여,50세,상해없음,승용,남,65세,경상
2018061300100115,2018년 6월 13일 07시,수요일,충청남도 태안군 안면읍,경상사고,0,0,1,0,차대차 - 정면충돌,중앙선침범,건조,맑음,단일로 - 기타,화물,남,53세,상해없음,화물,남,62세,경상
2018061300100153,2018년 6월 13일 09시,수요일,충청남도 당진시 석문면,중상사고,0,1,4,0,차대차 - 측면충돌,신호위반,건조,맑음,교차로 - 교차로안,승용,남,62세,상해없음,승합,남,55세,경상
2018061300100179,2018년 6월 13일 10시,수요일,충청남도 공주시 정안면,사망사고,1,0,0,0,차대차 - 추돌,안전운전불이행,건조,맑음,기타 - 기타,승용,남,51세,상해없음,이륜,남,84세,사망
2018061300100180,2018년 6월 13일 10시,수요일,충청남도 공주시 반포면,경상사고,0,0,1,0,차대차 - 측면충돌,안전운전불이행,건조,맑음,교차로 - 교차로부근,건설기계,남,58세,상해없음,승용,남,55세,경상
2018061300100181,2018년 6월 13일 10시,수요일,충청남도 예산군 예산읍,중상사고,0,1,0,0,차대사람 - 차도통행중,안전운전불이행,건조,맑음,단일로 - 기타,이륜,여,68세,상해없음,보행자,여,63세,중상
2018061300100182,2018년 6월 13일 10시,수요일,충청남도 천안시 동남구 원성동,경상사고,0,0,1,0,차대차 - 추돌,안전운전불이행,건조,맑음,단일로 - 기타,승용,남,51세,상해없음,화물,남,58세,경상
2018061300100202,2018년 6월 13일 11시,수요일,충청남도 당진시 원당리,경상사고,0,0,1,0,차대차 - 정면충돌,중앙선침범,건조,맑음,단일로 - 기타,승용,남,39세,상해없음,승용,남,38세,경상
2018061300100203,2018년 6월 13일 11시,수요일,충청남도 천안시 동남구 신방동,중상사고,0,1,0,0,차대사람 - 기타,안전운전불이행,건조,맑음,교차로 - 교차로안,승용,남,63세,기타불명,보행자,여,59세,중상
2018061300100242,2018년 6월 13일 12시,수요일,충청남도 서천군 시초면,중상사고,0,1,2,0,차대차 - 정면충돌,중앙선침범,건조,맑음,단일로 - 기타,화물,남,62세,경상,화물,남,47세,중상
2018061300100243,2018년 6월 13일 12시,수요일,충청남도 보령시 미산면,경상사고,0,0,2,0,차대차 - 기타,직진우회전진행방해,건조,맑음,교차로 - 교차로안,승용,남,18세,상해없음,승용,남,47세,경상
2018061300100373,2018년 6월 13일 16시,수요일,충청남도 공주시 송선동,경상사고,0,0,2,0,차대차 - 추돌,안전운전불이행,건조,맑음,교차로 - 교차로부근,승용,여,31세,상해없음,승용,남,36세,경상
2018061300100443,2018년 6월 13일 18시,수요일,충청남도 천안시 서북구 성정동,부상신고사고,0,0,0,1,차대차 - 측면충돌,신호위반,건조,맑음,교차로 - 교차로안,승용,여,26세,상해없음,승용,남,45세,부상신고
2018061300100444,2018년 6월 13일 18시,수요일,충청남도 천안시 서북구 불당동,경상사고,0,0,1,0,차대차 - 기타,안전거리미확보,건조,맑음,단일로 - 기타,승용,남,34세,상해없음,승합,남,53세,상해없음
2018061300100473,2018년 6월 13일 19시,수요일,충청남도 서산시 성연면,중상사고,0,1,0,0,차대차 - 측면충돌,안전운전불이행,건조,맑음,교차로 - 교차로부근,승용,남,31세,상해없음,승용,남,36세,중상
2018061300100503,2018년 6월 13일 20시,수요일,충청남도 서산시 예천동,중상사고,0,1,0,0,차대사람 - 횡단중,보행자보호의무위반,건조,맑음,교차로 - 교차로횡단보도내,이륜,남,17세,상해없음,보행자,남,29세,중상
2018061300100567,2018년 6월 13일 23시,수요일,충청남도 서산시 성연면,중상사고,0,1,0,0,차대사람 - 횡단중,안전운전불이행,건조,맑음,교차로 - 교차로부근,승용,남,41세,상해없음,보행자,남,55세,중상
2018061400100027,2018년 6월 14일 03시,목요일,충청남도 예산군 덕산면,중상사고,0,1,0,0,차량단독 - 공작물충돌,안전운전불이행,건조,맑음,단일로 - 기타,화물,남,44세,중상,,,,
2018061400100040,2018년 6월 14일 05시,목요일,충청남도 홍성군 금마면,경상사고,0,0,1,0,차대차 - 추돌,안전운전불이행,건조,맑음,단일로 - 기타,화물,남,76세,상해없음,농기계,남,68세,경상
2018061400100041,2018년 6월 14일 05시,목요일,충청남도 천안시 동남구 신부동,경상사고,0,0,1,0,차대차 - 기타,안전운전불이행,건조,맑음,단일로 - 기타,승용,남,34세,상해없음,승용,남,26세,경상
2018061400100106,2018년 6월 14일 08시,목요일,충청남도 예산군 예산읍,경상사고,0,0,3,0,차대차 - 측면충돌,신호위반,젖음/습기,비,교차로 - 교차로안,화물,남,54세,상해없음,농기계,남,51세,경상
2018061400100107,2018년 6월 14일 08시,목요일,충청남도 천안시 동남구 신부동,중상사고,0,1,0,0,차대차 - 측면충돌,안전운전불이행,건조,맑음,단일로 - 기타,화물,남,48세,상해없음,자전거,남,24세,중상
2018061400100108,2018년 6월 14일 08시,목요일,충청남도 천안시 동남구 청당동,중상사고,0,1,1,0,차대차 - 기타,신호위반,건조,맑음,교차로 - 교차로안,승용,남,69세,기타불명,승용,남,57세,중상
2018061400100207,2018년 6월 14일 11시,목요일,충청남도 보령시 대천동,중상사고,0,1,0,0,차대차 - 추돌,안전운전불이행,건조,맑음,단일로 - 기타,승용,여,38세,상해없음,자전거,여,66세,중상
2018061400100258,2018년 6월 14일 13시,목요일,충청남도 아산시 염치읍,중상사고,0,1,0,0,차대차 - 추돌,안전운전불이행,건조,맑음,교차로 - 교차로부근,화물,남,55세,상해없음,승용,여,60세,중상
2018061400100290,2018년 6월 14일 14시,목요일,충청남도 천안시 동남구 다가동,경상사고,0,0,2,0,차대차 - 측면충돌,차로위반,건조,맑음,교차로 - 교차로부근,화물,남,24세,상해없음,승용,남,59세,경상
2018061400100335,2018년 6월 14일 15시,목요일,충청남도 금산군 금산읍,경상사고,0,0,1,0,차대차 - 측면충돌,신호위반,건조,맑음,교차로 - 교차로안,승용,남,63세,상해없음,승용,여,63세,경상
2018061400100375,2018년 6월 14일 16시,목요일,충청남도 서산시 음암면,중상사고,0,2,0,0,차대차 - 측면충돌,차로위반,건조,맑음,단일로 - 기타,화물,남,40세,상해없음,승용,남,57세,중상
2018061400100376,2018년 6월 14일 16시,목요일,충청남도 아산시 용화동,사망사고,1,0,0,0,차대사람 - 횡단중,보행자보호의무위반,건조,맑음,단일로 - 기타,승용,여,35세,상해없음,보행자,여,76세,사망
2018061400100378,2018년 6월 14일 16시,목요일,충청남도 부여군 부여읍,중상사고,0,1,0,0,차대차 - 측면충돌,교차로운행방법위반,건조,맑음,교차로 - 교차로안,승용,여,44세,상해없음,자전거,남,6세,중상
2018061400100421,2018년 6월 14일 17시,목요일,충청남도 서산시 동문동,중상사고,0,1,0,0,차대사람 - 기타,안전운전불이행,건조,맑음,기타 - 기타,원동기,여,17세,상해없음,보행자,여,55세,중상
2018061400100422,2018년 6월 14일 17시,목요일,충청남도 금산군 추부면,중상사고,0,1,0,0,차대사람 - 횡단중,안전운전불이행,건조,맑음,단일로 - 기타,승용,남,46세,상해없음,보행자,남,52세,중상
2018061400100482,2018년 6월 14일 18시,목요일,충청남도 예산군 예산읍,경상사고,0,0,2,0,차대차 - 측면충돌,직진우회전진행방해,건조,맑음,교차로 - 교차로안,승용,여,38세,경상,승용,남,64세,경상
2018061400100483,2018년 6월 14일 18시,목요일,충청남도 당진시 신평면,경상사고,0,0,2,0,차대차 - 기타,안전운전불이행,건조,맑음,교차로 - 교차로안,승용,여,45세,상해없음,승용,여,45세,경상
2018061400100522,2018년 6월 14일 19시,목요일,충청남도 천안시 서북구 쌍용동,중상사고,0,1,0,0,차대차 - 측면충돌,중앙선침범,건조,맑음,단일로 - 기타,승용,여,51세,상해없음,이륜,남,61세,중상
2018061400100523,2018년 6월 14일 19시,목요일,충청남도 당진시 합덕읍,중상사고,0,1,0,0,차대차 - 기타,교차로운행방법위반,건조,맑음,교차로 - 교차로안,승용,남,57세,상해없음,승용,여,52세,중상
2018061400100558,2018년 6월 14일 20시,목요일,충청남도 공주시 중동,부상신고사고,0,0,0,1,차대차 - 정면충돌,교차로운행방법위반,건조,맑음,교차로 - 교차로안,승용,여,47세,상해없음,이륜,남,19세,부상신고
2018061400100559,2018년 6월 14일 20시,목요일,충청남도 예산군 삽교읍,중상사고,0,1,1,0,차대차 - 기타,안전운전불이행,건조,흐림,단일로 - 기타,이륜,남,83세,경상,승용,남,25세,상해없음
2018061400100617,2018년 6월 14일 22시,목요일,충청남도 서산시 죽성동,중상사고,0,3,0,0,차대차 - 추돌,안전운전불이행,건조,맑음,교차로 - 교차로안,승용,남,50세,상해없음,승용,여,47세,중상
2018061400100618,2018년 6월 14일 22시,목요일,충청남도 천안시 서북구 쌍용동,경상사고,0,0,1,0,차대차 - 추돌,안전운전불이행,건조,맑음,단일로 - 기타,승용,남,21세,상해없음,승용,남,39세,경상
2018061400100619,2018년 6월 14일 22시,목요일,충청남도 공주시 신관동,경상사고,0,0,1,0,차대차 - 추돌,안전운전불이행,건조,맑음,단일로 - 기타,승용,남,36세,기타불명,승용,여,26세,경상
2018061400100620,2018년 6월 14일 22시,목요일,충청남도 당진시 송악읍,중상사고,0,1,0,0,차대사람 - 기타,안전운전불이행,건조,맑음,단일로 - 기타,기타불명,기타불명,미분류,기타불명,보행자,남,29세,중상
2018061400100641,2018년 6월 14일 23시,목요일,충청남도 홍성군 홍성읍,중상사고,0,2,0,0,차대사람 - 차도통행중,안전운전불이행,건조,맑음,단일로 - 기타,이륜,남,20세,중상,보행자,남,46세,중상
2018061400100642,2018년 6월 14일 23시,목요일,충청남도 아산시 탕정면,중상사고,0,3,0,0,차대차 - 측면충돌,중앙선침범,젖음/습기,맑음,단일로 - 기타,화물,남,24세,중상,승용,여,52세,중상
2018061500100017,2018년 6월 15일 01시,금요일,충청남도 천안시 동남구 목천읍,중상사고,0,2,0,0,차대차 - 기타,안전운전불이행,젖음/습기,흐림,단일로 - 기타,승용,남,29세,중상,승용,남,28세,중상
2018061500100037,2018년 6월 15일 03시,금요일,충청남도 아산시 둔포면,경상사고,0,0,2,0,차대차 - 추돌,안전운전불이행,건조,맑음,단일로 - 기타,승용,남,54세,상해없음,화물,남,44세,경상
2018061500100049,2018년 6월 15일 05시,금요일,충청남도 서천군 장항읍,중상사고,0,1,0,0,차량단독 - 공작물충돌,기타,건조,맑음,교차로 - 교차로안,승용,남,34세,중상,,,,
2018061500100056,2018년 6월 15일 06시,금요일,충청남도 당진시 송산면,중상사고,0,1,0,0,차대차 - 기타,교차로운행방법위반,건조,맑음,교차로 - 교차로안,화물,남,59세,상해없음,승용,남,46세,중상
2018061500100228,2018년 6월 15일 12시,금요일,충청남도 천안시 서북구 백석동,중상사고,0,1,0,0,차대차 - 측면충돌,신호위반,건조,맑음,교차로 - 교차로안,승용,남,37세,상해없음,화물,남,28세,중상
2018061500100229,2018년 6월 15일 12시,금요일,충청남도 천안시 서북구 성정동,경상사고,0,0,1,0,차대사람 - 기타,안전운전불이행,건조,맑음,교차로 - 교차로부근,승용,남,44세,상해없음,보행자,남,49세,경상
2018061500100230,2018년 6월 15일 12시,금요일,충청남도 금산군 금산읍,중상사고,0,1,0,0,차대사람 - 기타,안전운전불이행,건조,맑음,기타 - 기타,승용,여,49세,상해없음,보행자,남,46세,중상
2018061500100256,2018년 6월 15일 13시,금요일,충청남도 당진시 송악읍,경상사고,0,0,1,0,차대차 - 측면충돌,안전거리미확보,건조,맑음,단일로 - 기타,건설기계,남,53세,상해없음,승용,남,23세,경상
2018061500100257,2018년 6월 15일 13시,금요일,충청남도 청양군 비봉면,중상사고,0,2,0,0,차량단독 - 전도전복 - 전복,안전운전불이행,건조,맑음,기타 - 기타,승용,남,77세,상해없음,미분류,미분류,미분류,미분류
2018061500100258,2018년 6월 15일 13시,금요일,충청남도 태안군 근흥면,중상사고,0,2,0,0,차대차 - 정면충돌,안전운전불이행,젖음/습기,흐림,기타 - 기타,화물,남,68세,중상,화물,남,58세,중상
2018061500100259,2018년 6월 15일 13시,금요일,충청남도 태안군 근흥면,중상사고,0,1,0,0,차대차 - 추돌,안전운전불이행,건조,맑음,교차로 - 교차로부근,특수,남,26세,상해없음,승용,남,45세,중상
2018061500100295,2018년 6월 15일 14시,금요일,충청남도 당진시 고대면,중상사고,0,1,0,0,차대차 - 측면충돌,교차로운행방법위반,건조,맑음,교차로 - 교차로안,승용,남,70세,상해없음,승용,남,68세,중상
2018061500100336,2018년 6월 15일 15시,금요일,충청남도 천안시 서북구 불당동,경상사고,0,0,1,0,차대차 - 측면충돌,신호위반,건조,맑음,교차로 - 교차로안,승용,여,50세,상해없음,승합,남,59세,경상
2018061500100337,2018년 6월 15일 15시,금요일,충청남도 부여군 부여읍,경상사고,0,0,1,0,차대차 - 측면충돌,신호위반,건조,맑음,교차로 - 교차로안,화물,남,53세,상해없음,승용,남,66세,경상
2018061500100338,2018년 6월 15일 15시,금요일,충청남도 태안군 태안읍,중상사고,0,1,0,0,차대차 - 기타,신호위반,건조,맑음,교차로 - 교차로안,이륜,남,42세,중상,승용,남,33세,상해없음
2018061500100382,2018년 6월 15일 16시,금요일,충청남도 서산시 성연면,중상사고,0,1,1,0,차대차 - 정면충돌,중앙선침범,건조,맑음,단일로 - 기타,승용,여,51세,경상,승용,남,50세,중상
2018061500100383,2018년 6월 15일 16시,금요일,충청남도 논산시 취암동,경상사고,0,0,1,0,차대차 - 측면충돌,직진우회전진행방해,건조,맑음,교차로 - 교차로안,이륜,남,16세,상해없음,자전거,남,11세,경상
2018061500100384,2018년 6월 15일 16시,금요일,충청남도 청양군 청양읍,중상사고,0,1,1,0,차대차 - 측면충돌,신호위반,건조,맑음,교차로 - 교차로안,승용,남,50세,상해없음,승용,남,29세,경상
2018061500100438,2018년 6월 15일 17시,금요일,충청남도 천안시 서북구 불당동,경상사고,0,0,1,0,차대사람 - 횡단중,보행자보호의무위반,건조,맑음,교차로 - 교차로안,승용,남,43세,상해없음,보행자,여,36세,경상
2018061500100439,2018년 6월 15일 17시,금요일,충청남도 논산시 연무읍,경상사고,0,0,1,0,차대차 - 측면충돌,안전운전불이행,젖음/습기,맑음,교차로 - 교차로안,승용,남,21세,기타불명,승용,남,49세,경상
2018061500100440,2018년 6월 15일 17시,금요일,충청남도 논산시 양촌면,중상사고,0,1,0,0,차대사람 - 횡단중,안전운전불이행,건조,맑음,교차로 - 교차로부근,화물,여,38세,상해없음,보행자,여,70세,중상
2018061500100441,2018년 6월 15일 17시,금요일,충청남도 홍성군 홍성읍,경상사고,0,0,1,0,차대차 - 기타,안전운전불이행,건조,맑음,교차로 - 교차로안,자전거,남,7세,경상,승용,여,37세,상해없음
2018061500100442,2018년 6월 15일 17시,금요일,충청남도 천안시 동남구 구성동,부상신고사고,0,0,0,1,차대차 - 정면충돌,교차로운행방법위반,건조,맑음,교차로 - 교차로안,자전거,남,21세,부상신고,승용,여,29세,상해없음
2018061500100493,2018년 6월 15일 18시,금요일,충청남도 천안시 동남구 청당동,경상사고,0,0,1,0,차대차 - 측면충돌,안전운전불이행,건조,맑음,단일로 - 기타,승용,남,39세,상해없음,승용,여,51세,경상
2018061500100494,2018년 6월 15일 18시,금요일,충청남도 태안군 남면,중상사고,0,1,0,0,차대차 - 기타,과속,건조,맑음,기타 - 기타,승용,여,37세,상해없음,이륜,남,72세,중상
2018061500100533,2018년 6월 15일 19시,금요일,충청남도 서산시 성연면,경상사고,0,0,1,0,차대차 - 추돌,안전운전불이행,건조,맑음,교차로 - 교차로부근,승용,여,57세,상해없음,승용,남,54세,경상
2018061500100568,2018년 6월 15일 20시,금요일,충청남도 천안시 서북구 성환읍,경상사고,0,0,1,0,차대차 - 측면충돌,안전운전불이행,건조,맑음,교차로 - 교차로안,승용,남,64세,상해없음,승용,남,50세,경상
2018061500100569,2018년 6월 15일 20시,금요일,충청남도 홍성군 홍북읍,경상사고,0,0,1,0,차대차 - 기타,안전운전불이행,건조,맑음,단일로 - 기타,승용,남,44세,상해없음,이륜,남,18세,경상
2018061500100570,2018년 6월 15일 20시,금요일,충청남도 아산시 둔포면,중상사고,0,1,1,1,차대차 - 기타,안전운전불이행,건조,맑음,단일로 - 기타,승용,남,63세,경상,승용,남,33세,중상
2018061500100571,2018년 6월 15일 20시,금요일,충청남도 당진시 읍내리,경상사고,0,0,2,0,차대차 - 측면충돌,교차로운행방법위반,건조,맑음,교차로 - 교차로안,승용,남,63세,상해없음,승용,여,48세,경상
2018061500100602,2018년 6월 15일 21시,금요일,충청남도 천안시 서북구 백석동,경상사고,0,0,1,0,차대차 - 추돌,안전운전불이행,건조,맑음,단일로 - 기타,승용,여,46세,상해없음,승용,여,30세,경상
2018061500100603,2018년 6월 15일 21시,금요일,충청남도 아산시 온천동,중상사고,0,1,0,0,차대사람 - 횡단중,중앙선침범,기타,맑음,단일로 - 기타,이륜,남,15세,상해없음,보행자,남,51세,중상
2018061600100009,2018년 6월 16일 00시,토요일,충청남도 공주시 신관동,중상사고,0,1,0,0,차대사람 - 기타,안전운전불이행,건조,맑음,단일로 - 기타,승용,남,33세,상해없음,보행자,남,41세,중상
2018061600100022,2018년 6월 16일 01시,토요일,충청남도 당진시 송악읍,경상사고,0,0,3,0,차대차 - 측면충돌,교차로운행방법위반,건조,맑음,교차로 - 교차로안,승용,여,43세,상해없음,승용,남,32세,경상
2018061600100043,2018년 6월 16일 02시,토요일,충청남도 천안시 서북구 백석동,중상사고,0,1,0,0,차대차 - 기타,차로위반,건조,맑음,교차로 - 교차로안,승용,남,42세,상해없음,승용,남,26세,중상
2018061600100118,2018년 6월 16일 08시,토요일,충청남도 천안시 서북구 성환읍,중상사고,0,1,0,0,차대차 - 기타,안전거리미확보,건조,맑음,교차로 - 교차로안,화물,남,57세,상해없음,이륜,남,78세,중상
2018061600100137,2018년 6월 16일 09시,토요일,충청남도 천안시 서북구 성거읍,중상사고,0,1,0,0,차대차 - 측면충돌,안전운전불이행,건조,맑음,교차로 - 교차로안,승용,여,46세,상해없음,이륜,남,53세,중상
2018061600100154,2018년 6월 16일 10시,토요일,충청남도 공주시 탄천면,부상신고사고,0,0,0,1,차량단독 - 전도전복 - 전도,안전운전불이행,건조,맑음,단일로 - 기타,이륜,남,49세,부상신고,미분류,미분류,미분류,미분류
2018061600100182,2018년 6월 16일 11시,토요일,충청남도 금산군 추부면,경상사고,0,0,2,0,차대차 - 정면충돌,직진우회전진행방해,건조,맑음,교차로 - 교차로안,승합,남,53세,경상,화물,남,60세,경상
2018061600100183,2018년 6월 16일 11시,토요일,충청남도 청양군 청양읍,중상사고,0,1,3,0,차대차 - 측면충돌,신호위반,건조,맑음,교차로 - 교차로안,승용,남,68세,상해없음,승용,남,37세,경상
2018061600100217,2018년 6월 16일 12시,토요일,충청남도 당진시 수청리,경상사고,0,0,2,0,차대차 - 측면충돌,안전거리미확보,건조,맑음,교차로 - 교차로부근,승용,남,59세,상해없음,승용,남,41세,경상
2018061600100218,2018년 6월 16일 12시,토요일,충청남도 천안시 동남구 신부동,경상사고,0,0,3,0,차대차 - 추돌,안전운전불이행,건조,맑음,단일로 - 기타,승용,여,59세,경상,승용,남,31세,경상
2018061600100219,2018년 6월 16일 12시,토요일,충청남도 천안시 동남구 풍세면,경상사고,0,0,1,0,차대사람 - 보도통행중,안전운전불이행,건조,맑음,단일로 - 기타,승용,남,66세,상해없음,보행자,남,60세,경상
2018061600100252,2018년 6월 16일 13시,토요일,충청남도 당진시 합덕읍,경상사고,0,0,1,0,차대차 - 측면충돌,교차로운행방법위반,건조,맑음,교차로 - 교차로안,승용,여,47세,상해없음,승용,여,35세,경상
2018061600100292,2018년 6월 16일 14시,토요일,충청남도 천안시 서북구 쌍용동,경상사고,0,0,1,0,차대사람 - 횡단중,보행자보호의무위반,건조,맑음,교차로 - 교차로안,승용,남,46세,상해없음,보행자,남,72세,경상
2018061600100293,2018년 6월 16일 14시,토요일,충청남도 보령시 신흑동,중상사고,0,1,0,0,차대사람 - 횡단중,안전운전불이행,건조,맑음,단일로 - 기타,승용,여,40세,상해없음,보행자,남,51세,중상
2018061600100294,2018년 6월 16일 14시,토요일,충청남도 보령시 오천면,중상사고,0,1,0,0,차대사람 - 횡단중,안전운전불이행,건조,맑음,단일로 - 기타,승용,남,57세,상해없음,보행자,남,49세,중상
2018061600100369,2018년 6월 16일 16시,토요일,충청남도 서산시 지곡면,중상사고,0,1,0,0,차대차 - 측면충돌,안전운전불이행,건조,맑음,단일로 - 기타,승용,남,33세,상해없음,자전거,여,9세,중상
2018061600100370,2018년 6월 16일 16시,토요일,충청남도 천안시 서북구 불당동,경상사고,0,0,4,0,차대차 - 추돌,안전운전불이행,건조,맑음,단일로 - 기타,승용,남,54세,상해없음,승용,여,32세,경상
2018061600100371,2018년 6월 16일 16시,토요일,충청남도 논산시 성동면,중상사고,0,1,0,0,차대차 - 측면충돌,안전운전불이행,건조,맑음,교차로 - 교차로안,승용,남,68세,상해없음,이륜,남,77세,중상
2018061600100372,2018년 6월 16일 16시,토요일,충청남도 아산시 음봉면,중상사고,0,2,1,0,차대차 - 추돌,안전운전불이행,건조,맑음,단일로 - 기타,승합,남,35세,상해없음,승용,남,28세,중상
2018061600100415,2018년 6월 16일 17시,토요일,충청남도 천안시 서북구 불당동,경상사고,0,0,1,0,차대차 - 기타,안전운전불이행,건조,맑음,교차로 - 교차로안,승용,여,26세,상해없음,이륜,남,24세,경상
2018061600100463,2018년 6월 16일 18시,토요일,충청남도 공주시 옥룡동,경상사고,0,0,1,0,차대사람 - 기타,안전운전불이행,건조,맑음,단일로 - 기타,승용,남,61세,기타불명,보행자,여,51세,경상
2018061600100496,2018년 6월 16일 19시,토요일,충청남도 서산시 석림동,경상사고,0,0,1,0,차대차 - 측면충돌,중앙선침범,건조,맑음,교차로 - 교차로부근,승용,남,49세,기타불명,승용,남,38세,경상
2018061600100532,2018년 6월 16일 20시,토요일,충청남도 천안시 동남구 용곡동,경상사고,0,0,1,0,차대사람 - 기타,안전운전불이행,건조,맑음,기타 - 기타,승용,남,39세,상해없음,보행자,남,57세,경상
2018061600100563,2018년 6월 16일 21시,토요일,충청남도 천안시 서북구 성성동,경상사고,0,0,2,0,차대차 - 기타,안전운전불이행,건조,맑음,교차로 - 교차로안,승용,남,30세,상해없음,승용,남,26세,경상
2018061600100564,2018년 6월 16일 21시,토요일,충청남도 예산군 예산읍,중상사고,0,1,2,0,차대차 - 정면충돌,안전운전불이행,건조,맑음,교차로 - 교차로안,승용,남,23세,상해없음,화물,남,48세,중상
2018061600100592,2018년 6월 16일 22시,토요일,충청남도 아산시 방축동,경상사고,0,0,2,0,차대차 - 추돌,안전운전불이행,건조,맑음,단일로 - 기타,승용,남,65세,상해없음,승용,남,24세,경상
2018061600100593,2018년 6월 16일 22시,토요일,충청남도 보령시 주교면,경상사고,0,0,2,0,차대차 - 측면충돌,안전운전불이행,건조,맑음,단일로 - 기타,승용,남,51세,상해없음,승용,남,66세,경상
2018061600100617,2018년 6월 16일 23시,토요일,충청남도 당진시 원당리,경상사고,0,0,1,0,차대차 - 추돌,안전운전불이행,건조,맑음,단일로 - 기타,승용,여,36세,상해없음,승용,여,29세,경상
2018061700100011,2018년 6월 17일 00시,일요일,충청남도 보령시 신흑동,중상사고,0,1,0,0,차대차 - 측면충돌,교차로운행방법위반,건조,맑음,교차로 - 교차로안,승용,남,21세,상해없음,이륜,남,21세,중상
2018061700100012,2018년 6월 17일 00시,일요일,충청남도 당진시 원당리,중상사고,0,1,0,0,차대사람 - 길가장자리구역통행중,안전운전불이행,건조,맑음,단일로 - 기타,승용,남,28세,상해없음,보행자,여,17세,중상
2018061700100046,2018년 6월 17일 02시,일요일,충청남도 천안시 서북구 두정동,경상사고,0,0,1,0,차대사람 - 기타,안전운전불이행,건조,맑음,교차로 - 교차로안,승용,남,25세,상해없음,보행자,남,28세,경상
2018061700100059,2018년 6월 17일 03시,일요일,충청남도 아산시 권곡동,경상사고,0,0,1,0,차대차 - 추돌,안전운전불이행,건조,맑음,단일로 - 기타,승용,남,51세,상해없음,승용,남,48세,경상
2018061700100157,2018년 6월 17일 11시,일요일,충청남도 홍성군 홍성읍,경상사고,0,0,1,0,차대사람 - 차도통행중,안전운전불이행,건조,맑음,단일로 - 기타,승용,남,55세,상해없음,보행자,남,7세,경상
2018061700100182,2018년 6월 17일 12시,일요일,충청남도 천안시 동남구 목천읍,경상사고,0,0,1,0,차대차 - 측면충돌,안전운전불이행,건조,맑음,단일로 - 기타,승용,남,45세,상해없음,승용,남,74세,경상
2018061700100183,2018년 6월 17일 12시,일요일,충청남도 당진시 송악읍,경상사고,0,0,2,0,차대차 - 측면충돌,안전운전불이행,건조,맑음,단일로 - 기타,승용,여,42세,상해없음,승용,남,32세,경상
2018061700100283,2018년 6월 17일 16시,일요일,충청남도 아산시 송악면,중상사고,0,2,0,0,차대차 - 측면충돌,중앙선침범,건조,맑음,단일로 - 기타,승용,남,58세,상해없음,화물,남,61세,중상
2018061700100284,2018년 6월 17일 16시,일요일,충청남도 천안시 동남구 신방동,중상사고,0,1,0,0,차대사람 - 차도통행중,안전운전불이행,건조,맑음,단일로 - 기타,승용,남,31세,상해없음,보행자,남,53세,중상
2018061700100311,2018년 6월 17일 17시,일요일,충청남도 아산시 송악면,경상사고,0,0,1,0,차대차 - 기타,중앙선침범,건조,맑음,단일로 - 기타,승용,남,39세,상해없음,승용,남,57세,경상
2018061700100312,2018년 6월 17일 17시,일요일,충청남도 공주시 금학동,중상사고,0,1,0,0,차대사람 - 횡단중,보행자보호의무위반,건조,맑음,교차로 - 교차로안,화물,남,67세,상해없음,보행자,여,14세,중상
2018061700100378,2018년 6월 17일 19시,일요일,충청남도 태안군 태안읍,경상사고,0,0,1,0,차대차 - 기타,안전운전불이행,건조,맑음,단일로 - 기타,승용,남,58세,상해없음,승용,여,45세,경상
2018061700100428,2018년 6월 17일 21시,일요일,충청남도 천안시 서북구 쌍용동,경상사고,0,0,1,0,차대차 - 측면충돌,신호위반,건조,맑음,교차로 - 교차로안,이륜,남,18세,상해없음,승용,남,25세,경상
2018061700100429,2018년 6월 17일 21시,일요일,충청남도 논산시 반월동,중상사고,0,1,0,0,차대사람 - 기타,안전운전불이행,건조,맑음,단일로 - 기타,승용,남,50세,상해없음,보행자,여,47세,중상
2018061700100430,2018년 6월 17일 21시,일요일,충청남도 천안시 동남구 목천읍,경상사고,0,0,3,0,차대차 - 추돌,안전운전불이행,건조,맑음,단일로 - 기타,승용,남,60세,상해없음,승합,남,38세,경상
2018061800100008,2018년 6월 18일 00시,월요일,충청남도 천안시 서북구 두정동,경상사고,0,0,1,0,차대차 - 기타,안전운전불이행,건조,맑음,단일로 - 기타,승용,남,22세,상해없음,기타불명,남,23세,경상
2018061800100009,2018년 6월 18일 00시,월요일,충청남도 청양군 정산면,경상사고,0,0,1,0,차량단독 - 공작물충돌,안전운전불이행,건조,맑음,단일로 - 기타,승용,여,41세,경상,,,,
2018061800100033,2018년 6월 18일 05시,월요일,충청남도 천안시 서북구 두정동,경상사고,0,0,1,0,차대차 - 측면충돌,안전운전불이행,건조,맑음,교차로 - 교차로부근,이륜,남,18세,경상,승용,여,53세,상해없음