사고번호,사고일시,요일,시군구,사고내용,사망자수,중상자수,경상자수,부상신고자수,사고유형,법규위반,노면상태,기상상태,도로형태,가해운전자 차종,가해운전자 성별,가해운전자 연령,가해운전자 상해정도,피해운전자 차종,피해운전자 성별,피해운전자 연령,피해운전자 상해정도
2018061800100058,2018년 6월 18일 07시,월요일,충청남도 천안시 서북구 성성동,경상사고,0,0,1,0,차대차 - 측면충돌,안전거리미확보,건조,맑음,단일로 - 기타,승용,여,41세,상해없음,승용,남,31세,경상
2018061800100112,2018년 6월 18일 08시,월요일,충청남도 천안시 서북구 성환읍,경상사고,0,0,2,0,차대차 - 측면충돌,교차로운행방법위반,건조,맑음,교차로 - 교차로안,승용,여,53세,상해없음,승용,남,77세,경상
2018061800100113,2018년 6월 18일 08시,월요일,충청남도 공주시 옥룡동,경상사고,0,0,1,0,차대차 - 추돌,안전거리미확보,건조,맑음,교차로 - 교차로안,승합,남,53세,상해없음,승용,여,60세,경상
2018061800100158,2018년 6월 18일 09시,월요일,충청남도 천안시 서북구 두정동,중상사고,0,1,1,0,차대사람 - 횡단중,보행자보호의무위반,건조,맑음,단일로 - 기타,화물,남,56세,상해없음,보행자,여,68세,중상
2018061800100159,2018년 6월 18일 09시,월요일,충청남도 천안시 서북구 직산읍,중상사고,0,1,0,0,차대사람 - 길가장자리구역통행중,안전운전불이행,건조,맑음,단일로 - 기타,승용,남,20세,상해없음,보행자,여,46세,중상
2018061800100230,2018년 6월 18일 11시,월요일,충청남도 서산시 읍내동,경상사고,0,0,1,0,차대차 - 측면충돌,안전거리미확보,건조,맑음,교차로 - 교차로부근,이륜,남,86세,경상,승용,남,32세,상해없음
2018061800100231,2018년 6월 18일 11시,월요일,충청남도 예산군 예산읍,경상사고,0,0,1,0,차대차 - 후진중충돌,안전운전불이행,건조,맑음,교차로 - 교차로안,승합,남,59세,상해없음,이륜,남,79세,경상
2018061800100260,2018년 6월 18일 12시,월요일,충청남도 천안시 서북구 성환읍,경상사고,0,0,3,0,차대차 - 추돌,안전운전불이행,건조,맑음,교차로 - 교차로부근,승용,남,34세,상해없음,승용,여,46세,경상
2018061800100261,2018년 6월 18일 12시,월요일,충청남도 논산시 연무읍,중상사고,0,1,0,0,차대사람 - 횡단중,보행자보호의무위반,건조,맑음,교차로 - 교차로횡단보도내,승용,남,44세,상해없음,보행자,여,85세,중상
2018061800100262,2018년 6월 18일 12시,월요일,충청남도 천안시 동남구 목천읍,중상사고,0,1,0,1,차대차 - 측면충돌,신호위반,건조,맑음,교차로 - 교차로안,화물,남,59세,부상신고,승용,남,73세,중상
2018061800100292,2018년 6월 18일 13시,월요일,충청남도 예산군 예산읍,경상사고,0,0,1,0,차대차 - 기타,기타,건조,맑음,단일로 - 기타,화물,남,43세,상해없음,승용,여,30세,경상
2018061800100324,2018년 6월 18일 14시,월요일,충청남도 아산시 둔포면,중상사고,0,1,1,0,차대차 - 기타,신호위반,건조,맑음,교차로 - 교차로안,이륜,남,84세,중상,승용,남,25세,경상
2018061800100325,2018년 6월 18일 14시,월요일,충청남도 서천군 서천읍,중상사고,0,1,0,0,차대차 - 추돌,안전운전불이행,건조,맑음,교차로 - 교차로안,승용,여,46세,상해없음,자전거,남,73세,중상
2018061800100363,2018년 6월 18일 15시,월요일,충청남도 서산시 지곡면,경상사고,0,0,2,0,차대차 - 측면충돌,교차로운행방법위반,건조,맑음,교차로 - 교차로안,승용,여,48세,상해없음,승용,여,55세,경상
2018061800100407,2018년 6월 18일 16시,월요일,충청남도 천안시 동남구 다가동,경상사고,0,0,1,0,차대차 - 측면충돌,신호위반,건조,맑음,교차로 - 교차로안,승용,남,23세,상해없음,승용,여,51세,경상
2018061800100452,2018년 6월 18일 17시,월요일,충청남도 서산시 성연면,중상사고,0,1,0,0,차대차 - 측면충돌,안전운전불이행,건조,맑음,교차로 - 교차로안,화물,남,57세,상해없음,승용,남,25세,중상
2018061800100453,2018년 6월 18일 17시,월요일,충청남도 천안시 서북구 직산읍,중상사고,0,1,0,0,차대차 - 추돌,안전운전불이행,건조,맑음,교차로 - 교차로안,화물,남,63세,상해없음,승용,여,25세,중상
2018061800100454,2018년 6월 18일 17시,월요일,충청남도 천안시 서북구 차암동,경상사고,0,0,1,0,차대차 - 기타,안전거리미확보,건조,맑음,교차로 - 교차로부근,승용,남,30세,상해없음,승용,남,29세,경상
2018061800100511,2018년 6월 18일 18시,월요일,충청남도 천안시 서북구 차암동,경상사고,0,0,1,0,차대차 - 기타,차로위반,건조,맑음,교차로 - 교차로안,승용,남,27세,상해없음,승용,여,32세,경상
2018061800100512,2018년 6월 18일 18시,월요일,충청남도 홍성군 홍성읍,중상사고,0,1,0,0,차대차 - 추돌,직진우회전진행방해,건조,맑음,교차로 - 교차로안,승용,남,56세,상해없음,이륜,여,64세,중상
2018061800100513,2018년 6월 18일 18시,월요일,충청남도 보령시 동대동,중상사고,0,2,0,0,차대차 - 정면충돌,신호위반,건조,맑음,교차로 - 교차로안,승용,남,61세,상해없음,승용,여,27세,중상
2018061800100515,2018년 6월 18일 18시,월요일,충청남도 태안군 태안읍,중상사고,0,1,0,0,차대차 - 정면충돌,신호위반,건조,맑음,교차로 - 교차로안,승용,남,63세,상해없음,이륜,남,59세,중상
2018061800100558,2018년 6월 18일 19시,월요일,충청남도 태안군 이원면,경상사고,0,0,1,0,차대차 - 측면충돌,직진우회전진행방해,건조,맑음,교차로 - 교차로안,승용,여,63세,경상,승용,남,32세,상해없음
2018061800100559,2018년 6월 18일 19시,월요일,충청남도 논산시 광석면,중상사고,0,2,0,0,차대차 - 측면충돌,안전거리미확보,건조,맑음,교차로 - 교차로부근,이륜,남,29세,중상,승용,여,20세,상해없음
2018061800100593,2018년 6월 18일 20시,월요일,충청남도 서산시 오남동,중상사고,0,1,0,0,차대사람 - 차도통행중,안전운전불이행,건조,맑음,단일로 - 기타,승용,남,69세,상해없음,보행자,남,26세,중상
2018061800100594,2018년 6월 18일 20시,월요일,충청남도 천안시 서북구 성환읍,경상사고,0,0,1,0,차대차 - 기타,교차로운행방법위반,건조,맑음,교차로 - 교차로안,승용,남,27세,상해없음,승용,남,22세,경상
2018061800100595,2018년 6월 18일 20시,월요일,충청남도 천안시 동남구 신부동,경상사고,0,0,1,0,차대사람 - 기타,안전운전불이행,건조,맑음,단일로 - 기타,승용,남,29세,상해없음,보행자,여,30세,경상
2018061800100638,2018년 6월 18일 21시,월요일,충청남도 아산시 인주면,경상사고,0,0,1,0,차대차 - 기타,안전운전불이행,건조,맑음,교차로 - 교차로안,승용,남,51세,상해없음,원동기,남,47세,경상
2018061800100639,2018년 6월 18일 21시,월요일,충청남도 천안시 동남구 다가동,경상사고,0,0,1,0,차대차 - 측면충돌,직진우회전진행방해,건조,맑음,교차로 - 교차로안,이륜,남,17세,경상,승용,남,28세,상해없음
2018061800100653,2018년 6월 18일 22시,월요일,충청남도 논산시 취암동,경상사고,0,0,1,0,차대차 - 기타,안전운전불이행,건조,맑음,단일로 - 기타,이륜,남,19세,경상,승용,남,59세,상해없음
2018061900100005,2018년 6월 19일 00시,화요일,충청남도 당진시 송산면,경상사고,0,0,1,0,차대차 - 추돌,안전운전불이행,건조,맑음,단일로 - 기타,승용,남,61세,상해없음,승용,남,45세,경상
2018061900100020,2018년 6월 19일 02시,화요일,충청남도 공주시 신관동,중상사고,0,1,0,0,차대사람 - 기타,안전운전불이행,건조,맑음,기타 - 기타,승용,남,21세,상해없음,보행자,남,56세,중상
2018061900100072,2018년 6월 19일 07시,화요일,충청남도 서산시 인지면,중상사고,0,1,0,0,차대차 - 추돌,안전운전불이행,건조,맑음,단일로 - 기타,승용,여,40세,상해없음,승용,여,44세,중상
2018061900100073,2018년 6월 19일 07시,화요일,충청남도 천안시 서북구 성거읍,경상사고,0,0,1,0,차대차 - 추돌,차로위반,건조,맑음,단일로 - 기타,승용,여,57세,상해없음,화물,남,43세,경상
2018061900100105,2018년 6월 19일 08시,화요일,충청남도 홍성군 갈산면,중상사고,0,1,0,0,차대차 - 측면충돌,안전운전불이행,건조,맑음,단일로 - 기타,승용,여,28세,상해없음,승용,여,64세,중상
2018061900100106,2018년 6월 19일 08시,화요일,충청남도 부여군 충화면,중상사고,0,1,0,0,차대사람 - 기타,안전운전불이행,건조,맑음,단일로 - 기타,승용,여,54세,상해없음,보행자,남,37세,중상
2018061900100304,2018년 6월 19일 14시,화요일,충청남도 공주시 정안면,중상사고,0,1,0,0,차대차 - 추돌,안전운전불이행,건조,흐림,교차로 - 교차로부근,승용,남,31세,상해없음,승용,여,38세,중상
2018061900100329,2018년 6월 19일 15시,화요일,충청남도 아산시 모종동,중상사고,0,1,0,0,차대차 - 기타,신호위반,건조,맑음,교차로 - 교차로안,승용,여,42세,상해없음,승용,남,32세,중상
2018061900100375,2018년 6월 19일 16시,화요일,충청남도 홍성군 홍성읍,경상사고,0,0,1,0,차대차 - 측면충돌,안전운전불이행,건조,맑음,교차로 - 교차로안,승용,남,20세,상해없음,이륜,남,31세,경상
2018061900100377,2018년 6월 19일 16시,화요일,충청남도 천안시 동남구 신부동,경상사고,0,0,1,0,차대차 - 측면충돌,안전운전불이행,건조,맑음,단일로 - 기타,화물,남,56세,상해없음,승용,여,49세,경상
2018061900100419,2018년 6월 19일 17시,화요일,충청남도 천안시 서북구 두정동,경상사고,0,0,2,0,차대차 - 측면충돌,직진우회전진행방해,건조,맑음,교차로 - 교차로안,승용,여,54세,경상,승용,남,57세,경상
2018061900100420,2018년 6월 19일 17시,화요일,충청남도 공주시 유구읍,경상사고,0,0,1,0,차대차 - 추돌,안전운전불이행,건조,흐림,교차로 - 교차로부근,화물,남,56세,상해없음,승용,남,53세,경상
2018061900100568,2018년 6월 19일 22시,화요일,충청남도 당진시 원당리,경상사고,0,0,1,0,차대차 - 기타,안전운전불이행,건조,맑음,단일로 - 기타,화물,남,49세,상해없음,이륜,남,45세,경상
2018061900100581,2018년 6월 19일 23시,화요일,충청남도 천안시 동남구 동면,사망사고,1,1,0,0,차대차 - 기타,안전운전불이행,건조,맑음,교차로 - 교차로안,화물,남,56세,상해없음,승합,남,43세,사망
2018062000100072,2018년 6월 20일 07시,수요일,충청남도 천안시 서북구 직산읍,중상사고,0,1,0,0,차대차 - 측면충돌,중앙선침범,건조,맑음,단일로 - 기타,자전거,남,85세,중상,승용,여,52세,상해없음
2018062000100073,2018년 6월 20일 07시,수요일,충청남도 당진시 채운동,중상사고,0,1,0,0,차대차 - 측면충돌,안전운전불이행,건조,맑음,교차로 - 교차로안,승용,남,47세,상해없음,승용,여,61세,중상
2018062000100102,2018년 6월 20일 08시,수요일,충청남도 천안시 서북구 성정동,경상사고,0,0,1,0,차대사람 - 기타,안전운전불이행,건조,맑음,단일로 - 기타,승용,남,29세,상해없음,보행자,여,55세,경상
2018062000100131,2018년 6월 20일 09시,수요일,충청남도 보령시 주산면,사망사고,1,0,1,0,차량단독 - 전도전복 - 전도,안전운전불이행,건조,맑음,단일로 - 기타,화물,남,43세,경상,미분류,미분류,미분류,미분류
2018062000100155,2018년 6월 20일 10시,수요일,충청남도 아산시 영인면,중상사고,0,1,0,0,차대차 - 측면충돌,안전운전불이행,건조,맑음,교차로 - 교차로안,승용,남,69세,상해없음,이륜,남,77세,중상
2018062000100188,2018년 6월 20일 11시,수요일,충청남도 당진시 송악읍,중상사고,0,1,0,0,차대차 - 측면충돌,안전운전불이행,건조,맑음,단일로 - 기타,승용,여,57세,중상,화물,남,55세,상해없음
2018062000100249,2018년 6월 20일 13시,수요일,충청남도 천안시 동남구 원성동,경상사고,0,0,1,0,차대차 - 추돌,안전운전불이행,건조,맑음,교차로 - 교차로부근,승용,여,56세,상해없음,승용,여,57세,경상
2018062000100250,2018년 6월 20일 13시,수요일,충청남도 천안시 동남구 목천읍,경상사고,0,0,4,0,차대차 - 기타,교차로운행방법위반,건조,맑음,교차로 - 교차로안,승용,남,24세,경상,승용,남,81세,경상
2018062000100274,2018년 6월 20일 14시,수요일,충청남도 천안시 서북구 성정동,중상사고,0,1,0,0,차대차 - 측면충돌,교차로운행방법위반,건조,맑음,교차로 - 교차로안,승용,남,59세,상해없음,승용,여,32세,중상
2018062000100275,2018년 6월 20일 14시,수요일,충청남도 당진시 송악읍,중상사고,0,1,0,0,차대차 - 측면충돌,안전운전불이행,건조,맑음,단일로 - 기타,승용,여,26세,상해없음,이륜,남,43세,중상
2018062000100276,2018년 6월 20일 14시,수요일,충청남도 당진시 합덕읍,경상사고,0,0,1,0,차대차 - 측면충돌,교차로운행방법위반,건조,맑음,교차로 - 교차로안,승용,여,61세,상해없음,이륜,남,69세,경상
2018062000100277,2018년 6월 20일 14시,수요일,충청남도 청양군 청양읍,경상사고,0,0,1,0,차대차 - 추돌,안전운전불이행,건조,맑음,교차로 - 교차로부근,화물,남,30세,상해없음,승용,여,25세,경상
2018062000100316,2018년 6월 20일 15시,수요일,충청남도 천안시 서북구 성정동,경상사고,0,0,2,0,차대차 - 추돌,안전운전불이행,건조,맑음,교차로 - 교차로안,승용,남,65세,상해없음,승용,여,58세,경상
2018062000100317,2018년 6월 20일 15시,수요일,충청남도 서천군 비인면,중상사고,0,1,0,0,차대차 - 추돌,안전운전불이행,건조,맑음,단일로 - 기타,이륜,남,39세,중상,화물,여,44세,상해없음
2018062000100357,2018년 6월 20일 16시,수요일,충청남도 홍성군 구항면,경상사고,0,0,1,0,차대차 - 측면충돌,교차로운행방법위반,건조,맑음,교차로 - 교차로안,승용,남,68세,상해없음,이륜,남,76세,경상
2018062000100358,2018년 6월 20일 16시,수요일,충청남도 천안시 동남구 목천읍,경상사고,0,0,1,0,차대차 - 추돌,안전거리미확보,건조,맑음,교차로 - 교차로부근,승용,남,54세,상해없음,승용,여,49세,경상
2018062000100359,2018년 6월 20일 16시,수요일,충청남도 천안시 동남구 다가동,중상사고,0,1,1,0,차대차 - 추돌,안전운전불이행,건조,맑음,교차로 - 교차로부근,화물,남,56세,상해없음,승용,남,57세,중상
2018062000100394,2018년 6월 20일 17시,수요일,충청남도 홍성군 홍성읍,중상사고,0,1,0,0,차대사람 - 횡단중,보행자보호의무위반,건조,맑음,교차로 - 교차로횡단보도내,화물,남,77세,상해없음,보행자,남,9세,중상
2018062000100396,2018년 6월 20일 17시,수요일,충청남도 천안시 동남구 신방동,경상사고,0,0,1,0,차대차 - 기타,안전운전불이행,건조,맑음,단일로 - 기타,승용,여,50세,기타불명,화물,남,61세,경상
2018062000100439,2018년 6월 20일 18시,수요일,충청남도 당진시 송악읍,경상사고,0,0,1,0,차대차 - 측면충돌,안전운전불이행,건조,맑음,단일로 - 기타,승용,남,38세,상해없음,화물,남,57세,경상
2018062000100440,2018년 6월 20일 18시,수요일,충청남도 태안군 태안읍,중상사고,0,1,1,0,차대차 - 추돌,안전거리미확보,건조,맑음,기타 - 기타,화물,남,72세,중상,승용,남,49세,경상
2018062000100483,2018년 6월 20일 19시,수요일,충청남도 홍성군 홍성읍,경상사고,0,0,1,0,차대차 - 추돌,안전운전불이행,건조,맑음,단일로 - 기타,승용,여,25세,상해없음,승용,여,45세,경상
2018062000100484,2018년 6월 20일 19시,수요일,충청남도 당진시 석문면,중상사고,0,1,0,0,차대차 - 추돌,안전거리미확보,건조,맑음,교차로 - 교차로안,승용,남,57세,상해없음,승용,남,57세,중상
2018062000100508,2018년 6월 20일 20시,수요일,충청남도 당진시 정미면,중상사고,0,1,0,0,차대사람 - 횡단중,안전운전불이행,건조,맑음,단일로 - 기타,승용,여,58세,상해없음,보행자,남,47세,중상
2018062000100509,2018년 6월 20일 20시,수요일,충청남도 금산군 금성면,중상사고,0,1,0,0,차대차 - 측면충돌,안전운전불이행,건조,맑음,단일로 - 기타,이륜,남,32세,중상,승용,남,36세,상해없음
2018062000100543,2018년 6월 20일 21시,수요일,충청남도 서산시 성연면,중상사고,0,1,0,0,차대차 - 정면충돌,교차로운행방법위반,건조,맑음,교차로 - 교차로안,승용,여,49세,상해없음,이륜,남,18세,중상
2018062000100544,2018년 6월 20일 21시,수요일,충청남도 보령시 동대동,중상사고,0,1,0,0,차대차 - 측면충돌,안전운전불이행,건조,맑음,단일로 - 교량,승용,남,47세,상해없음,승용,여,41세,중상
2018062000100545,2018년 6월 20일 21시,수요일,충청남도 천안시 동남구 신방동,중상사고,0,1,0,0,차대사람 - 횡단중,보행자보호의무위반,건조,맑음,교차로 - 교차로횡단보도내,화물,남,57세,상해없음,보행자,남,46세,중상
2018062000100566,2018년 6월 20일 22시,수요일,충청남도 홍성군 홍성읍,중상사고,0,1,0,0,차대사람 - 횡단중,안전운전불이행,건조,맑음,단일로 - 기타,승용,여,48세,상해없음,보행자,여,60세,중상
2018062000100567,2018년 6월 20일 22시,수요일,충청남도 당진시 읍내리,경상사고,0,0,1,0,차대차 - 측면충돌,교차로운행방법위반,건조,맑음,교차로 - 교차로안,승용,여,40세,상해없음,승용,남,24세,경상
2018062000100568,2018년 6월 20일 22시,수요일,충청남도 천안시 동남구 목천읍,경상사고,0,0,1,0,차대차 - 기타,안전운전불이행,건조,맑음,단일로 - 기타,승용,남,35세,상해없음,이륜,남,16세,경상
2018062000100592,2018년 6월 20일 23시,수요일,충청남도 계룡시 금암동,경상사고,0,0,4,0,차대차 - 측면충돌,신호위반,건조,맑음,교차로 - 교차로안,승용,남,68세,경상,승용,남,43세,경상
2018062000100593,2018년 6월 20일 23시,수요일,충청남도 아산시 남동,경상사고,0,0,1,0,차대차 - 추돌,안전운전불이행,건조,맑음,교차로 - 교차로부근,화물,남,29세,상해없음,화물,남,42세,경상
2018062000100594,2018년 6월 20일 23시,수요일,충청남도 천안시 동남구 다가동,경상사고,0,0,2,0,차대차 - 기타,안전운전불이행,건조,맑음,교차로 - 교차로부근,승용,남,26세,상해없음,승용,남,58세,상해없음
2018062100100063,2018년 6월 21일 06시,목요일,충청남도 태안군 근흥면,중상사고,0,1,1,0,차대차 - 측면충돌,교차로운행방법위반,건조,맑음,교차로 - 교차로안,화물,남,87세,경상,승용,남,44세,중상
2018062100100116,2018년 6월 21일 08시,목요일,충청남도 예산군 대흥면,중상사고,0,2,0,0,차량단독 - 공작물충돌,안전운전불이행,건조,맑음,단일로 - 기타,승용,남,87세,중상,,,,
2018062100100144,2018년 6월 21일 09시,목요일,충청남도 당진시 합덕읍,중상사고,0,1,0,0,차대사람 - 횡단중,안전운전불이행,건조,맑음,교차로 - 교차로부근,화물,남,51세,상해없음,보행자,여,84세,중상
2018062100100262,2018년 6월 21일 13시,목요일,충청남도 서산시 부석면,중상사고,0,2,0,0,차량단독 - 도로외이탈 - 추락,안전운전불이행,건조,맑음,단일로 - 기타,화물,남,66세,중상,,,,
2018062100100326,2018년 6월 21일 15시,목요일,충청남도 예산군 대술면,경상사고,0,0,4,0,차대차 - 측면충돌,중앙선침범,건조,맑음,단일로 - 기타,승용,남,19세,경상,승용,남,42세,경상
2018062100100369,2018년 6월 21일 16시,목요일,충청남도 당진시 원당리,경상사고,0,0,1,0,차대사람 - 횡단중,보행자보호의무위반,건조,맑음,교차로 - 교차로안,승용,남,79세,상해없음,보행자,남,13세,경상
2018062100100426,2018년 6월 21일 17시,목요일,충청남도 천안시 서북구 차암동,경상사고,0,0,1,0,차대차 - 추돌,안전운전불이행,건조,맑음,단일로 - 기타,승용,남,25세,상해없음,승용,여,47세,경상
2018062100100427,2018년 6월 21일 17시,목요일,충청남도 아산시 권곡동,경상사고,0,0,1,0,차대차 - 추돌,안전운전불이행,건조,맑음,단일로 - 기타,승용,남,35세,상해없음,승용,여,52세,경상
2018062100100428,2018년 6월 21일 17시,목요일,충청남도 보령시 명천동,경상사고,0,0,1,0,차대사람 - 횡단중,안전운전불이행,건조,맑음,교차로 - 교차로안,승용,여,27세,상해없음,보행자,남,6세,경상
2018062100100429,2018년 6월 21일 17시,목요일,충청남도 부여군 부여읍,경상사고,0,0,1,0,차대차 - 측면충돌,안전운전불이행,건조,맑음,단일로 - 기타,승용,여,39세,상해없음,승용,남,55세,경상
2018062100100485,2018년 6월 21일 18시,목요일,충청남도 천안시 서북구 백석동,경상사고,0,0,1,0,차대사람 - 횡단중,보행자보호의무위반,건조,맑음,교차로 - 교차로안,승용,여,34세,상해없음,보행자,여,10세,경상
2018062100100486,2018년 6월 21일 18시,목요일,충청남도 천안시 서북구 쌍용동,경상사고,0,0,1,0,차대차 - 추돌,안전운전불이행,건조,맑음,교차로 - 교차로부근,승용,남,70세,기타불명,승용,남,38세,경상
2018062100100487,2018년 6월 21일 18시,목요일,충청남도 홍성군 홍북읍,경상사고,0,0,2,0,차대차 - 추돌,안전운전불이행,건조,맑음,교차로 - 교차로부근,승합,남,57세,상해없음,승용,여,45세,경상
2018062100100488,2018년 6월 21일 18시,목요일,충청남도 당진시 송산면,중상사고,0,1,0,0,차대차 - 추돌,안전거리미확보,건조,맑음,단일로 - 기타,화물,남,25세,상해없음,이륜,남,27세,중상
2018062100100489,2018년 6월 21일 18시,목요일,충청남도 금산군 추부면,경상사고,0,0,1,0,차대차 - 추돌,안전거리미확보,건조,맑음,단일로 - 기타,화물,남,62세,상해없음,승용,남,37세,경상
2018062100100589,2018년 6월 21일 21시,목요일,충청남도 홍성군 홍동면,중상사고,0,1,0,0,차대사람 - 기타,안전운전불이행,건조,맑음,단일로 - 기타,화물,남,46세,상해없음,보행자,남,24세,중상
2018062100100590,2018년 6월 21일 21시,목요일,충청남도 당진시 채운동,중상사고,0,1,0,0,차대사람 - 횡단중,보행자보호의무위반,건조,맑음,교차로 - 교차로횡단보도내,승용,남,35세,상해없음,보행자,여,31세,중상
2018062100100648,2018년 6월 21일 23시,목요일,충청남도 공주시 송선동,중상사고,0,1,0,0,차량단독 - 공작물충돌,안전운전불이행,건조,맑음,교차로 - 교차로부근,승용,남,29세,중상,,,,
2018062100100649,2018년 6월 21일 23시,목요일,충청남도 천안시 동남구 신방동,중상사고,0,1,0,0,차대차 - 측면충돌,신호위반,건조,맑음,교차로 - 교차로안,승용,여,57세,상해없음,승용,남,62세,중상
2018062100100650,2018년 6월 21일 23시,목요일,충청남도 천안시 동남구 수신면,중상사고,0,1,1,0,차대차 - 기타,신호위반,건조,맑음,교차로 - 교차로안,화물,남,51세,상해없음,승용,남,26세,경상
2018062200100011,2018년 6월 22일 00시,금요일,충청남도 천안시 서북구 두정동,경상사고,0,0,1,0,차대차 - 추돌,안전운전불이행,건조,맑음,교차로 - 교차로부근,승용,남,25세,상해없음,승용,남,38세,경상
2018062200100050,2018년 6월 22일 04시,금요일,충청남도 천안시 서북구 성정동,경상사고,0,0,1,0,차대차 - 측면충돌,중앙선침범,건조,맑음,교차로 - 교차로부근,이륜,남,24세,상해없음,승용,남,39세,상해없음
2018062200100060,2018년 6월 22일 05시,금요일,충청남도 천안시 서북구 직산읍,경상사고,0,0,1,0,차대사람 - 횡단중,보행자보호의무위반,건조,맑음,교차로 - 교차로안,화물,남,50세,상해없음,보행자,여,55세,경상
2018062200100061,2018년 6월 22일 05시,금요일,충청남도 천안시 서북구 차암동,경상사고,0,0,1,0,차대차 - 측면충돌,신호위반,건조,맑음,교차로 - 교차로안,승용,남,57세,상해없음,승용,남,45세,경상
2018062200100097,2018년 6월 22일 07시,금요일,충청남도 당진시 채운동,중상사고,0,1,0,0,차대사람 - 횡단중,신호위반,건조,맑음,단일로 - 기타,이륜,남,25세,상해없음,보행자,여,16세,중상
2018062200100098,2018년 6월 22일 07시,금요일,충청남도 금산군 복수면,경상사고,0,0,2,0,차대차 - 측면충돌,안전운전불이행,건조,맑음,단일로 - 기타,승용,남,65세,경상,화물,남,54세,경상
2018062200100147,2018년 6월 22일 08시,금요일,충청남도 천안시 서북구 쌍용동,중상사고,0,1,2,0,차대차 - 측면충돌,교차로운행방법위반,건조,맑음,교차로 - 교차로안,승용,남,26세,경상,이륜,남,22세,중상
2018062200100188,2018년 6월 22일 09시,금요일,충청남도 천안시 동남구 신부동,경상사고,0,0,1,0,차대차 - 기타,안전운전불이행,건조,맑음,단일로 - 기타,승용,남,85세,상해없음,승용,여,48세,경상
2018062200100212,2018년 6월 22일 10시,금요일,충청남도 천안시 동남구 신방동,경상사고,0,0,2,0,차대차 - 기타,안전거리미확보,건조,맑음,단일로 - 기타,건설기계,남,40세,상해없음,승용,여,32세,경상
2018062200100238,2018년 6월 22일 11시,금요일,충청남도 홍성군 광천읍,경상사고,0,0,1,0,차대차 - 측면충돌,안전운전불이행,건조,맑음,기타 - 기타,승용,남,18세,상해없음,화물,남,54세,경상
2018062200100239,2018년 6월 22일 11시,금요일,충청남도 서천군 비인면,중상사고,0,2,1,0,차대차 - 측면충돌,직진우회전진행방해,건조,맑음,교차로 - 교차로안,화물,남,23세,경상,승용,남,69세,중상
2018062200100354,2018년 6월 22일 14시,금요일,충청남도 서산시 대산읍,중상사고,0,1,0,0,차량단독 - 기타,안전운전불이행,건조,맑음,단일로 - 기타,이륜,남,75세,중상,,,,
2018062200100356,2018년 6월 22일 14시,금요일,충청남도 부여군 부여읍,경상사고,0,0,1,0,차대사람 - 기타,안전운전불이행,건조,맑음,단일로 - 기타,기타불명,기타불명,미분류,기타불명,보행자,여,34세,경상
2018062200100391,2018년 6월 22일 15시,금요일,충청남도 서산시 인지면,경상사고,0,0,1,0,차량단독 - 기타,안전운전불이행,건조,맑음,기타 - 기타,농기계,남,76세,상해없음,,,,
2018062200100392,2018년 6월 22일 15시,금요일,충청남도 논산시 부적면,경상사고,0,0,1,0,차대차 - 기타,기타,건조,맑음,단일로 - 기타,특수,남,69세,경상,승합,남,60세,상해없음
2018062200100393,2018년 6월 22일 15시,금요일,충청남도 당진시 신평면,경상사고,0,0,1,0,차대사람 - 횡단중,보행자보호의무위반,건조,맑음,단일로 - 기타,승용,여,64세,상해없음,보행자,여,9세,경상
2018062200100394,2018년 6월 22일 15시,금요일,충청남도 당진시 석문면,중상사고,0,1,0,0,차대차 - 정면충돌,안전운전불이행,건조,맑음,단일로 - 기타,화물,여,67세,상해없음,이륜,남,62세,중상
2018062200100395,2018년 6월 22일 15시,금요일,충청남도 천안시 동남구 신방동,경상사고,0,0,1,0,차대차 - 측면충돌,안전운전불이행,건조,맑음,단일로 - 기타,화물,여,52세,상해없음,이륜,남,17세,경상
2018062200100396,2018년 6월 22일 15시,금요일,충청남도 천안시 동남구 원성동,경상사고,0,0,1,0,차대사람 - 기타,안전운전불이행,건조,맑음,단일로 - 기타,승용,여,61세,상해없음,보행자,남,49세,경상
2018062200100445,2018년 6월 22일 16시,금요일,충청남도 천안시 서북구 불당동,사망사고,1,0,0,0,차대차 - 측면충돌,안전거리미확보,건조,맑음,교차로 - 교차로부근,이륜,남,73세,사망,승용,남,52세,상해없음
2018062200100446,2018년 6월 22일 16시,금요일,충청남도 논산시 상월면,경상사고,0,0,1,0,차대차 - 후진중충돌,안전운전불이행,건조,맑음,단일로 - 기타,승용,여,42세,상해없음,승용,여,46세,경상
2018062200100447,2018년 6월 22일 16시,금요일,충청남도 예산군 덕산면,중상사고,0,1,0,0,차량단독 - 기타,안전운전불이행,건조,맑음,단일로 - 기타,이륜,남,82세,중상,,,,
2018062200100448,2018년 6월 22일 16시,금요일,충청남도 당진시 면천면,중상사고,0,1,0,0,차대차 - 추돌,안전운전불이행,건조,맑음,단일로 - 기타,건설기계,남,62세,상해없음,화물,남,71세,중상
2018062200100504,2018년 6월 22일 17시,금요일,충청남도 서산시 음암면,중상사고,0,1,4,0,차대차 - 추돌,안전운전불이행,건조,맑음,교차로 - 교차로부근,화물,남,46세,상해없음,승용,남,37세,중상