사고번호,사고일시,요일,시군구,사고내용,사망자수,중상자수,경상자수,부상신고자수,사고유형,법규위반,노면상태,기상상태,도로형태,가해운전자 차종,가해운전자 성별,가해운전자 연령,가해운전자 상해정도,피해운전자 차종,피해운전자 성별,피해운전자 연령,피해운전자 상해정도
2018062200100505,2018년 6월 22일 17시,금요일,충청남도 천안시 서북구 두정동,경상사고,0,0,1,0,차대차 - 추돌,안전거리미확보,건조,맑음,단일로 - 기타,승용,여,33세,상해없음,승용,여,29세,경상
2018062200100558,2018년 6월 22일 18시,금요일,충청남도 청양군 운곡면,중상사고,0,1,0,0,차대사람 - 기타,안전운전불이행,건조,맑음,단일로 - 기타,화물,남,44세,상해없음,보행자,여,73세,중상
2018062200100607,2018년 6월 22일 19시,금요일,충청남도 공주시 정안면,중상사고,0,1,7,2,차대차 - 추돌,안전운전불이행,건조,흐림,교차로 - 교차로부근,승용,남,24세,기타불명,승용,여,53세,중상
2018062200100653,2018년 6월 22일 20시,금요일,충청남도 논산시 연무읍,중상사고,0,1,0,0,차대사람 - 횡단중,보행자보호의무위반,건조,맑음,교차로 - 교차로안,승용,남,58세,상해없음,보행자,여,66세,중상
2018062200100696,2018년 6월 22일 21시,금요일,충청남도 서산시 인지면,사망사고,1,0,0,0,차대차 - 추돌,안전운전불이행,건조,맑음,단일로 - 기타,화물,남,36세,상해없음,이륜,남,70세,사망
2018062200100697,2018년 6월 22일 21시,금요일,충청남도 천안시 서북구 불당동,경상사고,0,0,1,1,차대차 - 기타,안전운전불이행,건조,맑음,기타 - 기타,자전거,남,12세,부상신고,자전거,남,6세,경상
2018062200100698,2018년 6월 22일 21시,금요일,충청남도 논산시 부창동,사망사고,1,0,0,0,차대사람 - 차도통행중,안전운전불이행,건조,맑음,단일로 - 기타,승용,남,22세,상해없음,보행자,여,72세,사망
2018062200100699,2018년 6월 22일 21시,금요일,충청남도 보령시 신흑동,경상사고,0,0,1,0,차대사람 - 횡단중,보행자보호의무위반,건조,맑음,교차로 - 교차로횡단보도내,승용,여,43세,상해없음,보행자,여,53세,경상
2018062200100731,2018년 6월 22일 22시,금요일,충청남도 서산시 인지면,경상사고,0,0,1,0,차대차 - 추돌,안전운전불이행,건조,맑음,교차로 - 교차로부근,승용,남,14세,상해없음,승용,남,21세,상해없음
2018062300100015,2018년 6월 23일 00시,토요일,충청남도 천안시 서북구 불당동,경상사고,0,0,1,0,차대차 - 측면충돌,신호위반,건조,맑음,교차로 - 교차로안,승용,남,56세,상해없음,승용,남,69세,경상
2018062300100052,2018년 6월 23일 02시,토요일,충청남도 천안시 서북구 쌍용동,중상사고,0,1,3,0,차대차 - 기타,안전운전불이행,건조,맑음,단일로 - 기타,승용,남,57세,경상,승용,남,22세,경상
2018062300100120,2018년 6월 23일 08시,토요일,충청남도 서천군 마서면,경상사고,0,0,1,0,차대차 - 측면충돌,직진우회전진행방해,건조,맑음,교차로 - 교차로안,승용,남,30세,상해없음,승용,여,60세,경상
2018062300100146,2018년 6월 23일 09시,토요일,충청남도 천안시 서북구 입장면,경상사고,0,0,2,0,차대차 - 측면충돌,교차로운행방법위반,건조,맑음,교차로 - 교차로안,승용,여,63세,경상,건설기계,남,55세,경상
2018062300100174,2018년 6월 23일 10시,토요일,충청남도 천안시 서북구 성정동,경상사고,0,0,1,0,차대차 - 기타,교차로운행방법위반,건조,맑음,교차로 - 교차로안,승용,남,26세,상해없음,승용,여,30세,경상
2018062300100175,2018년 6월 23일 10시,토요일,충청남도 공주시 신관동,중상사고,0,1,0,0,차대사람 - 횡단중,안전운전불이행,건조,맑음,교차로 - 교차로부근,승용,남,40세,기타불명,보행자,남,76세,중상
2018062300100216,2018년 6월 23일 11시,토요일,충청남도 아산시 권곡동,경상사고,0,0,2,0,차대차 - 측면충돌,신호위반,건조,맑음,교차로 - 교차로안,승용,여,38세,상해없음,승용,남,46세,경상
2018062300100217,2018년 6월 23일 11시,토요일,충청남도 공주시 반포면,경상사고,0,0,2,0,차대차 - 추돌,안전운전불이행,건조,맑음,단일로 - 기타,승용,남,28세,기타불명,승용,남,59세,경상
2018062300100218,2018년 6월 23일 11시,토요일,충청남도 부여군 내산면,중상사고,0,1,0,0,차대사람 - 기타,안전운전불이행,건조,맑음,단일로 - 기타,승용,남,44세,상해없음,보행자,여,90세 이상,중상
2018062300100303,2018년 6월 23일 13시,토요일,충청남도 아산시 배미동,중상사고,0,1,0,0,차대사람 - 기타,안전운전불이행,건조,맑음,기타 - 기타,승용,남,37세,상해없음,보행자,남,49세,중상
2018062300100304,2018년 6월 23일 13시,토요일,충청남도 서천군 장항읍,경상사고,0,0,1,0,차대차 - 추돌,안전운전불이행,건조,맑음,단일로 - 기타,승용,남,31세,상해없음,자전거,남,57세,경상
2018062300100305,2018년 6월 23일 13시,토요일,충청남도 공주시 산성동,경상사고,0,0,1,0,차량단독 - 기타,안전운전불이행,건조,맑음,교차로 - 교차로부근,승합,남,53세,상해없음,,,,
2018062300100332,2018년 6월 23일 14시,토요일,충청남도 서산시 예천동,중상사고,0,1,0,0,차대차 - 측면충돌,신호위반,건조,맑음,교차로 - 교차로안,승용,여,49세,상해없음,승용,여,50세,중상
2018062300100333,2018년 6월 23일 14시,토요일,충청남도 서산시 동문동,경상사고,0,0,1,0,차대사람 - 기타,보행자보호의무위반,건조,맑음,교차로 - 교차로횡단보도내,승용,여,45세,상해없음,보행자,여,71세,경상
2018062300100334,2018년 6월 23일 14시,토요일,충청남도 서천군 마서면,경상사고,0,0,2,0,차대차 - 측면충돌,신호위반,건조,맑음,교차로 - 교차로안,화물,남,46세,경상,승용,남,51세,경상
2018062300100370,2018년 6월 23일 15시,토요일,충청남도 예산군 오가면,경상사고,0,0,1,0,차대차 - 추돌,안전거리미확보,건조,맑음,교차로 - 교차로부근,화물,남,27세,상해없음,승용,여,45세,상해없음
2018062300100405,2018년 6월 23일 16시,토요일,충청남도 논산시 연산면,경상사고,0,0,2,0,차대차 - 추돌,안전운전불이행,건조,맑음,교차로 - 교차로부근,화물,남,42세,상해없음,승용,남,51세,경상
2018062300100406,2018년 6월 23일 16시,토요일,충청남도 보령시 대천동,중상사고,0,1,0,0,차대차 - 측면충돌,안전운전불이행,건조,맑음,단일로 - 기타,자전거,남,81세,중상,화물,남,73세,상해없음
2018062300100407,2018년 6월 23일 16시,토요일,충청남도 보령시 대천동,중상사고,0,1,0,0,차대사람 - 길가장자리구역통행중,안전운전불이행,건조,맑음,교차로 - 교차로부근,기타불명,기타불명,미분류,기타불명,보행자,남,77세,중상
2018062300100408,2018년 6월 23일 16시,토요일,충청남도 천안시 동남구 수신면,경상사고,0,0,1,0,차대차 - 추돌,안전운전불이행,건조,맑음,기타 - 기타,승용,남,29세,상해없음,승용,여,49세,경상
2018062300100442,2018년 6월 23일 17시,토요일,충청남도 천안시 서북구 직산읍,경상사고,0,0,1,0,차대차 - 측면충돌,신호위반,건조,맑음,교차로 - 교차로안,승용,여,52세,상해없음,승용,남,31세,경상
2018062300100443,2018년 6월 23일 17시,토요일,충청남도 논산시 부창동,중상사고,0,5,0,0,차대차 - 기타,중앙선침범,건조,맑음,교차로 - 교차로부근,승용,여,53세,기타불명,승용,여,41세,중상
2018062300100491,2018년 6월 23일 19시,토요일,충청남도 공주시 송선동,경상사고,0,0,5,0,차대차 - 측면충돌,안전운전불이행,건조,맑음,기타 - 기타,승용,남,45세,상해없음,승용,남,38세,경상
2018062300100549,2018년 6월 23일 21시,토요일,충청남도 천안시 동남구 목천읍,중상사고,0,2,1,0,차대차 - 측면충돌,안전운전불이행,건조,맑음,단일로 - 기타,승용,남,30세,상해없음,승용,남,48세,경상
2018062300100574,2018년 6월 23일 22시,토요일,충청남도 공주시 신관동,경상사고,0,0,1,0,차대차 - 측면충돌,안전운전불이행,건조,맑음,교차로 - 교차로안,승용,남,76세,상해없음,이륜,남,18세,경상
2018062300100575,2018년 6월 23일 22시,토요일,충청남도 공주시 정안면,중상사고,0,2,1,0,차대차 - 측면충돌,안전운전불이행,건조,맑음,기타 - 기타,승합,남,25세,상해없음,승용,여,52세,중상
2018062400100011,2018년 6월 24일 00시,일요일,충청남도 공주시 신관동,중상사고,0,1,1,0,차대사람 - 횡단중,안전운전불이행,건조,맑음,단일로 - 기타,이륜,남,47세,경상,보행자,남,49세,중상
2018062400100012,2018년 6월 24일 00시,일요일,충청남도 당진시 대덕리,경상사고,0,0,1,0,차대사람 - 차도통행중,안전운전불이행,건조,맑음,교차로 - 교차로부근,승용,남,58세,상해없음,보행자,남,48세,경상
2018062400100013,2018년 6월 24일 00시,일요일,충청남도 천안시 동남구 원성동,중상사고,0,1,1,0,차대차 - 추돌,안전운전불이행,건조,맑음,기타 - 기타,승용,남,29세,기타불명,승용,남,52세,중상
2018062400100030,2018년 6월 24일 01시,일요일,충청남도 당진시 수청리,중상사고,0,3,0,0,차대차 - 측면충돌,교차로운행방법위반,건조,맑음,교차로 - 교차로안,승용,남,24세,상해없음,승용,남,40세,중상
2018062400100040,2018년 6월 24일 02시,일요일,충청남도 태안군 태안읍,중상사고,0,1,0,1,차대차 - 기타,안전운전불이행,젖음/습기,흐림,단일로 - 기타,승용,남,25세,부상신고,승용,남,62세,중상
2018062400100070,2018년 6월 24일 05시,일요일,충청남도 홍성군 홍성읍,중상사고,0,1,1,0,차량단독 - 기타,안전운전불이행,건조,맑음,교차로 - 교차로안,승용,여,32세,경상,,,,
2018062400100071,2018년 6월 24일 05시,일요일,충청남도 홍성군 홍성읍,중상사고,0,1,0,0,차대사람 - 차도통행중,안전운전불이행,건조,맑음,단일로 - 기타,승합,여,62세,상해없음,보행자,여,70세,중상
2018062400100092,2018년 6월 24일 07시,일요일,충청남도 금산군 추부면,경상사고,0,0,2,0,차대차 - 추돌,안전운전불이행,건조,맑음,단일로 - 기타,승용,남,20세,상해없음,승용,남,73세,경상
2018062400100093,2018년 6월 24일 07시,일요일,충청남도 천안시 동남구 신방동,경상사고,0,0,1,0,차대차 - 기타,중앙선침범,건조,맑음,교차로 - 교차로부근,승용,남,34세,기타불명,승용,여,52세,경상
2018062400100173,2018년 6월 24일 12시,일요일,충청남도 예산군 예산읍,경상사고,0,0,1,0,차대차 - 측면충돌,안전운전불이행,건조,맑음,교차로 - 교차로안,승용,여,56세,상해없음,승용,여,37세,경상
2018062400100191,2018년 6월 24일 13시,일요일,충청남도 논산시 연무읍,경상사고,0,0,2,0,차대차 - 후진중충돌,안전운전불이행,건조,맑음,단일로 - 기타,승용,남,67세,상해없음,승용,여,25세,경상
2018062400100192,2018년 6월 24일 13시,일요일,충청남도 태안군 안면읍,경상사고,0,0,2,0,차대차 - 후진중충돌,안전거리미확보,건조,맑음,기타 - 기타,승용,여,21세,기타불명,승용,남,24세,경상
2018062400100223,2018년 6월 24일 14시,일요일,충청남도 서산시 석림동,경상사고,0,0,5,0,차대차 - 추돌,안전운전불이행,건조,맑음,교차로 - 교차로부근,이륜,남,43세,경상,승용,여,41세,경상
2018062400100224,2018년 6월 24일 14시,일요일,충청남도 예산군 고덕면,중상사고,0,3,4,0,차대차 - 측면충돌,중앙선침범,건조,맑음,단일로 - 기타,승용,남,34세,상해없음,승용,남,36세,중상
2018062400100246,2018년 6월 24일 15시,일요일,충청남도 당진시 수청리,중상사고,0,1,0,0,차대차 - 기타,안전운전불이행,건조,맑음,교차로 - 교차로부근,승용,여,57세,상해없음,이륜,남,69세,중상
2018062400100339,2018년 6월 24일 18시,일요일,충청남도 천안시 서북구 불당동,경상사고,0,0,1,0,차대차 - 추돌,안전운전불이행,건조,맑음,교차로 - 교차로부근,승용,남,62세,상해없음,승용,여,45세,경상
2018062400100391,2018년 6월 24일 20시,일요일,충청남도 서천군 한산면,중상사고,0,1,0,0,차대차 - 기타,안전운전불이행,건조,맑음,단일로 - 기타,이륜,남,61세,중상,농기계,남,56세,상해없음
2018062400100408,2018년 6월 24일 21시,일요일,충청남도 공주시 금학동,경상사고,0,0,1,1,차량단독 - 공작물충돌,안전운전불이행,건조,맑음,단일로 - 기타,화물,남,62세,부상신고,,,,
2018062400100435,2018년 6월 24일 22시,일요일,충청남도 천안시 서북구 입장면,경상사고,0,0,1,0,차대사람 - 횡단중,안전운전불이행,건조,맑음,교차로 - 교차로안,승용,남,49세,상해없음,보행자,남,54세,경상
2018062400100447,2018년 6월 24일 23시,일요일,충청남도 아산시 용화동,경상사고,0,0,2,0,차대차 - 기타,신호위반,건조,맑음,교차로 - 교차로안,승용,남,27세,상해없음,화물,남,20세,경상
2018062500100007,2018년 6월 25일 00시,월요일,충청남도 서산시 해미면,중상사고,0,1,1,0,차대차 - 측면충돌,신호위반,건조,맑음,교차로 - 교차로안,화물,남,62세,경상,승용,여,50세,중상
2018062500100018,2018년 6월 25일 01시,월요일,충청남도 서산시 성연면,경상사고,0,0,1,0,차대차 - 추돌,안전운전불이행,건조,맑음,단일로 - 기타,기타불명,남,29세,경상,특수,남,52세,상해없음
2018062500100019,2018년 6월 25일 01시,월요일,충청남도 천안시 서북구 백석동,경상사고,0,0,1,0,차대차 - 추돌,안전거리미확보,건조,맑음,교차로 - 교차로부근,승용,남,56세,상해없음,승용,남,26세,경상
2018062500100026,2018년 6월 25일 02시,월요일,충청남도 당진시 신평면,중상사고,0,1,0,0,차대차 - 기타,안전운전불이행,건조,맑음,기타 - 기타,승용,기타불명,미분류,기타불명,승용,여,65세,중상
2018062500100037,2018년 6월 25일 04시,월요일,충청남도 천안시 서북구 성정동,경상사고,0,0,1,0,차량단독 - 전도전복 - 전도,안전운전불이행,건조,맑음,교차로 - 교차로안,이륜,남,17세,경상,미분류,미분류,미분류,미분류
2018062500100120,2018년 6월 25일 08시,월요일,충청남도 서천군 종천면,경상사고,0,0,1,0,차량단독 - 전도전복 - 전도,안전운전불이행,건조,맑음,단일로 - 기타,이륜,남,75세,경상,미분류,미분류,미분류,미분류
2018062500100122,2018년 6월 25일 08시,월요일,충청남도 금산군 금산읍,경상사고,0,0,1,0,차대차 - 측면충돌,안전운전불이행,건조,맑음,교차로 - 교차로안,승용,여,45세,상해없음,화물,남,72세,상해없음
2018062500100161,2018년 6월 25일 09시,월요일,충청남도 서천군 서면,중상사고,0,2,1,0,차량단독 - 공작물충돌,안전운전불이행,건조,맑음,단일로 - 기타,화물,남,51세,경상,,,,
2018062500100162,2018년 6월 25일 09시,월요일,충청남도 태안군 태안읍,부상신고사고,0,0,0,1,차대차 - 측면충돌,직진우회전진행방해,건조,맑음,교차로 - 교차로안,화물,남,62세,상해없음,승용,남,41세,부상신고
2018062500100191,2018년 6월 25일 10시,월요일,충청남도 천안시 서북구 백석동,경상사고,0,0,1,0,차대차 - 측면충돌,안전거리미확보,건조,맑음,교차로 - 교차로부근,승용,여,41세,상해없음,이륜,남,20세,경상
2018062500100192,2018년 6월 25일 10시,월요일,충청남도 천안시 서북구 성성동,경상사고,0,0,1,0,차대차 - 측면충돌,안전운전불이행,건조,맑음,교차로 - 교차로안,승용,남,43세,상해없음,승용,여,29세,경상
2018062500100193,2018년 6월 25일 10시,월요일,충청남도 홍성군 금마면,중상사고,0,1,0,0,차대차 - 추돌,안전운전불이행,건조,맑음,단일로 - 기타,화물,여,43세,상해없음,승용,남,79세,중상
2018062500100194,2018년 6월 25일 10시,월요일,충청남도 홍성군 홍성읍,사망사고,1,0,0,0,차대차 - 추돌,안전운전불이행,건조,맑음,단일로 - 기타,승용,여,44세,상해없음,이륜,남,71세,사망
2018062500100195,2018년 6월 25일 10시,월요일,충청남도 아산시 탕정면,중상사고,0,1,0,0,차대사람 - 횡단중,안전운전불이행,건조,맑음,교차로 - 교차로안,승용,여,52세,기타불명,보행자,여,76세,중상
2018062500100196,2018년 6월 25일 10시,월요일,충청남도 태안군 남면,경상사고,0,0,1,0,차대차 - 추돌,안전거리미확보,건조,맑음,교차로 - 교차로부근,승용,남,64세,상해없음,화물,남,67세,경상
2018062500100231,2018년 6월 25일 11시,월요일,충청남도 천안시 동남구 대흥동,경상사고,0,0,1,0,차대사람 - 기타,안전운전불이행,건조,맑음,단일로 - 기타,승합,남,47세,상해없음,보행자,여,25세,경상
2018062500100274,2018년 6월 25일 12시,월요일,충청남도 서천군 서천읍,중상사고,0,1,0,0,차대차 - 측면충돌,안전운전불이행,건조,맑음,단일로 - 기타,승용,여,53세,상해없음,이륜,남,85세,중상
2018062500100314,2018년 6월 25일 13시,월요일,충청남도 서천군 서면,경상사고,0,0,1,0,차대차 - 측면충돌,신호위반,건조,맑음,교차로 - 교차로안,승용,남,55세,상해없음,승용,여,56세,경상
2018062500100315,2018년 6월 25일 13시,월요일,충청남도 공주시 웅진동,경상사고,0,0,1,0,차대차 - 측면충돌,안전운전불이행,건조,맑음,교차로 - 교차로안,이륜,남,88세,경상,승합,남,66세,상해없음
2018062500100316,2018년 6월 25일 13시,월요일,충청남도 천안시 동남구 신방동,경상사고,0,0,1,0,차대차 - 측면충돌,안전운전불이행,건조,맑음,단일로 - 기타,승용,남,45세,상해없음,승용,남,43세,경상
2018062500100403,2018년 6월 25일 15시,월요일,충청남도 서천군 장항읍,중상사고,0,1,1,0,차대차 - 측면충돌,안전운전불이행,건조,맑음,단일로 - 기타,이륜,남,19세,경상,승용,남,38세,상해없음
2018062500100404,2018년 6월 25일 15시,월요일,충청남도 공주시 중동,경상사고,0,0,1,0,차대사람 - 횡단중,신호위반,건조,맑음,교차로 - 교차로횡단보도내,이륜,남,85세,상해없음,보행자,남,43세,경상
2018062500100542,2018년 6월 25일 18시,월요일,충청남도 서산시 동문동,중상사고,0,1,0,0,차대차 - 정면충돌,중앙선침범,건조,맑음,단일로 - 기타,승합,남,24세,상해없음,이륜,남,36세,중상
2018062500100543,2018년 6월 25일 18시,월요일,충청남도 천안시 서북구 입장면,중상사고,0,1,0,0,차량단독 - 기타,안전운전불이행,건조,맑음,교차로 - 교차로안,승용,남,37세,중상,,,,
2018062500100579,2018년 6월 25일 19시,월요일,충청남도 천안시 서북구 쌍용동,중상사고,0,1,0,0,차대차 - 기타,불법유턴,건조,맑음,단일로 - 기타,승용,남,59세,상해없음,자전거,남,13세,중상
2018062500100580,2018년 6월 25일 19시,월요일,충청남도 논산시 양촌면,경상사고,0,0,2,0,차대차 - 측면충돌,신호위반,건조,맑음,교차로 - 교차로안,승용,남,63세,상해없음,승용,남,55세,경상
2018062500100582,2018년 6월 25일 19시,월요일,충청남도 부여군 임천면,중상사고,0,3,0,0,차대사람 - 기타,안전운전불이행,건조,맑음,단일로 - 기타,화물,남,65세,상해없음,보행자,여,76세,중상
2018062500100613,2018년 6월 25일 20시,월요일,충청남도 아산시 염치읍,경상사고,0,0,2,0,차대차 - 추돌,안전운전불이행,건조,맑음,단일로 - 기타,승용,남,40세,상해없음,승용,여,23세,경상
2018062500100642,2018년 6월 25일 21시,월요일,충청남도 홍성군 홍북읍,중상사고,0,1,0,0,차대차 - 추돌,안전운전불이행,건조,맑음,단일로 - 기타,승용,여,47세,상해없음,승용,여,51세,중상
2018062500100643,2018년 6월 25일 21시,월요일,충청남도 당진시 석문면,경상사고,0,0,2,0,차대차 - 추돌,안전거리미확보,건조,맑음,단일로 - 기타,승용,남,53세,상해없음,승용,남,38세,경상
2018062500100670,2018년 6월 25일 22시,월요일,충청남도 천안시 서북구 백석동,경상사고,0,0,1,0,차대차 - 기타,중앙선침범,건조,맑음,교차로 - 교차로부근,승용,여,47세,상해없음,승용,남,41세,경상
2018062500100671,2018년 6월 25일 22시,월요일,충청남도 논산시 강경읍,중상사고,0,1,0,0,차대사람 - 기타,안전운전불이행,건조,맑음,교차로 - 교차로안,승용,남,62세,상해없음,보행자,남,54세,중상
2018062600100010,2018년 6월 26일 00시,화요일,충청남도 천안시 서북구 두정동,부상신고사고,0,0,0,1,차대사람 - 기타,안전운전불이행,건조,맑음,교차로 - 교차로안,승용,남,33세,상해없음,보행자,여,41세,부상신고
2018062600100025,2018년 6월 26일 01시,화요일,충청남도 예산군 예산읍,경상사고,0,0,1,0,차대차 - 측면충돌,안전운전불이행,건조,흐림,단일로 - 기타,승용,남,53세,상해없음,화물,남,40세,경상
2018062600100047,2018년 6월 26일 04시,화요일,충청남도 천안시 동남구 안서동,중상사고,0,1,0,0,차대사람 - 횡단중,안전운전불이행,젖음/습기,흐림,교차로 - 교차로안,승용,남,54세,상해없음,보행자,여,78세,중상
2018062600100048,2018년 6월 26일 04시,화요일,충청남도 공주시 정안면,경상사고,0,0,1,0,차대차 - 기타,기타,건조,흐림,단일로 - 기타,승용,남,53세,상해없음,승용,남,40세,경상
2018062600100072,2018년 6월 26일 06시,화요일,충청남도 천안시 서북구 성정동,경상사고,0,0,1,0,차대차 - 추돌,안전거리미확보,젖음/습기,비,단일로 - 기타,승합,남,50세,상해없음,승용,남,29세,경상
2018062600100073,2018년 6월 26일 06시,화요일,충청남도 아산시 온천동,경상사고,0,0,1,0,차대차 - 측면충돌,직진우회전진행방해,건조,맑음,교차로 - 교차로안,화물,남,33세,상해없음,승용,여,31세,경상
2018062600100074,2018년 6월 26일 06시,화요일,충청남도 태안군 소원면,사망사고,1,0,0,0,차량단독 - 도로외이탈 - 기타,안전운전불이행,젖음/습기,비,단일로 - 기타,승용,여,32세,사망,,,,
2018062600100095,2018년 6월 26일 07시,화요일,충청남도 천안시 동남구 원성동,경상사고,0,0,3,0,차대차 - 측면충돌,교차로운행방법위반,젖음/습기,비,교차로 - 교차로안,승용,남,53세,상해없음,승용,여,41세,경상
2018062600100141,2018년 6월 26일 08시,화요일,충청남도 천안시 서북구 입장면,경상사고,0,0,1,0,차대차 - 측면충돌,안전운전불이행,젖음/습기,비,교차로 - 교차로안,승용,여,59세,상해없음,승용,남,87세,경상
2018062600100142,2018년 6월 26일 08시,화요일,충청남도 천안시 동남구 다가동,경상사고,0,0,1,0,차대사람 - 횡단중,보행자보호의무위반,젖음/습기,비,단일로 - 기타,승용,여,29세,상해없음,보행자,남,11세,경상
2018062600100188,2018년 6월 26일 09시,화요일,충청남도 태안군 안면읍,중상사고,0,4,1,0,차량단독 - 공작물충돌,안전운전불이행,젖음/습기,비,기타 - 기타,승합,남,58세,상해없음,,,,
2018062600100223,2018년 6월 26일 10시,화요일,충청남도 논산시 강경읍,중상사고,0,1,1,0,차대차 - 측면충돌,직진우회전진행방해,젖음/습기,비,교차로 - 교차로안,승용,남,45세,경상,승용,여,59세,중상
2018062600100250,2018년 6월 26일 11시,화요일,충청남도 천안시 서북구 성환읍,경상사고,0,0,1,0,차대차 - 추돌,안전운전불이행,젖음/습기,비,교차로 - 교차로부근,승용,여,46세,상해없음,승용,여,46세,경상
2018062600100278,2018년 6월 26일 12시,화요일,충청남도 당진시 고대면,중상사고,0,1,0,0,차대사람 - 차도통행중,안전운전불이행,젖음/습기,비,단일로 - 기타,승용,남,71세,상해없음,보행자,여,72세,중상
2018062600100365,2018년 6월 26일 15시,화요일,충청남도 아산시 온천동,중상사고,0,1,0,0,차대차 - 측면충돌,안전운전불이행,젖음/습기,비,교차로 - 교차로안,승용,남,64세,상해없음,승용,여,43세,중상
2018062600100366,2018년 6월 26일 15시,화요일,충청남도 아산시 배방읍,경상사고,0,0,1,0,차대차 - 측면충돌,안전운전불이행,젖음/습기,비,교차로 - 교차로부근,승용,남,59세,상해없음,승용,여,38세,경상
2018062600100400,2018년 6월 26일 16시,화요일,충청남도 공주시 우성면,중상사고,0,1,0,0,차대차 - 측면충돌,안전운전불이행,건조,맑음,단일로 - 기타,화물,남,48세,상해없음,승용,여,53세,중상
2018062600100402,2018년 6월 26일 16시,화요일,충청남도 천안시 동남구 신부동,중상사고,0,2,4,0,차대차 - 측면충돌,안전운전불이행,젖음/습기,비,단일로 - 기타,화물,남,59세,상해없음,승용,남,41세,중상
2018062600100446,2018년 6월 26일 17시,화요일,충청남도 당진시 대덕리,경상사고,0,0,1,0,차대차 - 측면충돌,교차로운행방법위반,젖음/습기,흐림,교차로 - 교차로안,승용,남,56세,상해없음,승용,남,67세,경상
2018062600100512,2018년 6월 26일 19시,화요일,충청남도 아산시 탕정면,중상사고,0,1,0,0,차대차 - 측면충돌,안전운전불이행,젖음/습기,비,교차로 - 교차로안,화물,남,58세,상해없음,승용,남,29세,중상
2018062600100544,2018년 6월 26일 20시,화요일,충청남도 공주시 신관동,중상사고,0,1,0,0,차대사람 - 횡단중,보행자보호의무위반,젖음/습기,비,단일로 - 기타,승용,여,42세,상해없음,보행자,여,45세,중상
2018062600100546,2018년 6월 26일 20시,화요일,충청남도 당진시 채운동,중상사고,0,1,1,0,차대사람 - 횡단중,신호위반,젖음/습기,비,단일로 - 기타,화물,남,58세,상해없음,보행자,남,66세,중상
2018062600100547,2018년 6월 26일 20시,화요일,충청남도 천안시 동남구 신방동,중상사고,0,1,0,0,차대차 - 측면충돌,안전운전불이행,젖음/습기,비,교차로 - 교차로부근,승용,남,56세,상해없음,이륜,남,37세,중상
2018062600100549,2018년 6월 26일 20시,화요일,충청남도 당진시 신평면,경상사고,0,0,1,0,차대차 - 측면충돌,안전운전불이행,젖음/습기,비,단일로 - 기타,특수,남,45세,상해없음,승용,남,56세,경상
2018062600100590,2018년 6월 26일 21시,화요일,충청남도 논산시 연산면,경상사고,0,0,1,0,차량단독 - 기타,안전운전불이행,젖음/습기,흐림,단일로 - 기타,승용,남,56세,상해없음,,,,
2018062600100591,2018년 6월 26일 21시,화요일,충청남도 아산시 신창면,경상사고,0,0,1,0,차대사람 - 기타,안전운전불이행,젖음/습기,비,단일로 - 기타,승용,여,57세,상해없음,보행자,남,17세,경상
2018062600100592,2018년 6월 26일 21시,화요일,충청남도 보령시 청라면,중상사고,0,1,0,0,차대차 - 정면충돌,안전운전불이행,젖음/습기,비,교차로 - 교차로안,승용,여,61세,기타불명,승용,여,50세,중상
2018062600100593,2018년 6월 26일 21시,화요일,충청남도 보령시 청라면,중상사고,0,1,0,0,차대차 - 측면충돌,안전운전불이행,젖음/습기,비,교차로 - 교차로안,승합,남,66세,상해없음,승용,여,49세,중상
2018062600100641,2018년 6월 26일 23시,화요일,충청남도 서산시 대산읍,중상사고,0,1,0,0,차대차 - 측면충돌,신호위반,젖음/습기,비,교차로 - 교차로안,승용,남,45세,상해없음,승용,남,23세,중상
2018062700100038,2018년 6월 27일 03시,수요일,충청남도 홍성군 홍북읍,중상사고,0,1,0,0,차량단독 - 공작물충돌,안전운전불이행,건조,맑음,교차로 - 교차로안,승용,남,25세,상해없음,,,,
2018062700100050,2018년 6월 27일 04시,수요일,충청남도 천안시 서북구 쌍용동,경상사고,0,0,2,0,차대차 - 추돌,안전운전불이행,건조,맑음,단일로 - 기타,승용,여,19세,상해없음,승용,남,51세,경상
2018062700100057,2018년 6월 27일 05시,수요일,충청남도 계룡시 엄사면,중상사고,0,1,0,0,차대사람 - 보도통행중,보행자보호의무위반,젖음/습기,흐림,교차로 - 교차로횡단보도내,승용,여,52세,상해없음,보행자,남,84세,중상
2018062700100065,2018년 6월 27일 06시,수요일,충청남도 서산시 성연면,중상사고,0,1,0,0,차대차 - 추돌,안전운전불이행,젖음/습기,흐림,교차로 - 교차로부근,승용,남,40세,상해없음,승용,여,47세,중상
2018062700100110,2018년 6월 27일 08시,수요일,충청남도 천안시 서북구 성거읍,경상사고,0,0,1,0,차대차 - 추돌,안전운전불이행,건조,맑음,교차로 - 교차로부근,승용,남,60세,상해없음,승용,여,43세,경상
2018062700100111,2018년 6월 27일 08시,수요일,충청남도 공주시 중동,경상사고,0,0,1,1,차대차 - 측면충돌,교차로운행방법위반,건조,맑음,교차로 - 교차로안,승용,남,42세,상해없음,승용,남,52세,경상
2018062700100169,2018년 6월 27일 10시,수요일,충청남도 부여군 은산면,중상사고,0,3,0,0,차대차 - 측면충돌,교차로운행방법위반,건조,맑음,교차로 - 교차로안,화물,남,48세,중상,승용,남,76세,중상