사고번호,사고일시,요일,시군구,사고내용,사망자수,중상자수,경상자수,부상신고자수,사고유형,법규위반,노면상태,기상상태,도로형태,가해운전자 차종,가해운전자 성별,가해운전자 연령,가해운전자 상해정도,피해운전자 차종,피해운전자 성별,피해운전자 연령,피해운전자 상해정도
2018062700100170,2018년 6월 27일 10시,수요일,충청남도 금산군 금산읍,경상사고,0,0,2,0,차대차 - 추돌,안전운전불이행,건조,맑음,교차로 - 교차로부근,화물,남,65세,상해없음,승용,여,69세,경상
2018062700100237,2018년 6월 27일 13시,수요일,충청남도 홍성군 홍동면,중상사고,0,1,0,0,차대차 - 기타,안전운전불이행,건조,맑음,교차로 - 교차로안,승용,여,53세,상해없음,이륜,여,69세,중상
2018062700100239,2018년 6월 27일 13시,수요일,충청남도 천안시 동남구 목천읍,경상사고,0,0,1,1,차대차 - 측면충돌,안전거리미확보,건조,맑음,단일로 - 기타,승용,여,52세,부상신고,승용,남,61세,경상
2018062700100262,2018년 6월 27일 14시,수요일,충청남도 부여군 부여읍,경상사고,0,0,1,0,차대사람 - 횡단중,보행자보호의무위반,건조,맑음,교차로 - 교차로횡단보도내,승용,여,62세,상해없음,보행자,여,64세,경상
2018062700100294,2018년 6월 27일 15시,수요일,충청남도 보령시 웅천읍,중상사고,0,1,0,0,차량단독 - 기타,안전운전불이행,건조,맑음,단일로 - 기타,승용,남,56세,상해없음,,,,
2018062700100326,2018년 6월 27일 16시,수요일,충청남도 아산시 배방읍,경상사고,0,0,1,0,차대사람 - 횡단중,보행자보호의무위반,건조,맑음,교차로 - 교차로안,승용,여,38세,상해없음,보행자,여,6세,경상
2018062700100327,2018년 6월 27일 16시,수요일,충청남도 당진시 신평면,경상사고,0,0,3,0,차대차 - 측면충돌,안전운전불이행,건조,맑음,단일로 - 기타,화물,남,49세,경상,화물,남,64세,경상
2018062700100368,2018년 6월 27일 17시,수요일,충청남도 논산시 양촌면,경상사고,0,0,1,0,차대차 - 측면충돌,안전운전불이행,건조,맑음,교차로 - 교차로안,승용,남,57세,상해없음,승합,남,60세,상해없음
2018062700100369,2018년 6월 27일 17시,수요일,충청남도 보령시 주교면,중상사고,0,2,0,0,차대차 - 측면충돌,신호위반,건조,맑음,교차로 - 교차로안,승용,남,57세,기타불명,승용,남,46세,중상
2018062700100371,2018년 6월 27일 17시,수요일,충청남도 천안시 동남구 오룡동,경상사고,0,0,1,0,차대차 - 측면충돌,안전운전불이행,건조,맑음,교차로 - 교차로안,이륜,남,30세,경상,승용,여,60세,상해없음
2018062700100420,2018년 6월 27일 18시,수요일,충청남도 금산군 금산읍,경상사고,0,0,2,0,차대차 - 측면충돌,교차로운행방법위반,건조,맑음,교차로 - 교차로안,승용,남,22세,상해없음,승용,남,30세,경상
2018062700100421,2018년 6월 27일 18시,수요일,충청남도 태안군 태안읍,경상사고,0,0,1,0,차대차 - 기타,교차로운행방법위반,건조,맑음,교차로 - 교차로안,승용,여,41세,상해없음,승용,여,31세,경상
2018062700100448,2018년 6월 27일 19시,수요일,충청남도 보령시 청소면,경상사고,0,0,1,0,차량단독 - 도로외이탈 - 추락,안전운전불이행,건조,맑음,단일로 - 기타,이륜,남,76세,경상,,,,
2018062700100449,2018년 6월 27일 19시,수요일,충청남도 천안시 동남구 원성동,경상사고,0,0,1,0,차대차 - 추돌,안전운전불이행,건조,맑음,단일로 - 기타,화물,남,50세,상해없음,승용,여,35세,경상
2018062700100471,2018년 6월 27일 20시,수요일,충청남도 서천군 서천읍,경상사고,0,0,1,0,차대사람 - 횡단중,보행자보호의무위반,건조,맑음,단일로 - 기타,승용,여,48세,상해없음,보행자,여,45세,경상
2018062700100537,2018년 6월 27일 22시,수요일,충청남도 천안시 서북구 불당동,경상사고,0,0,1,0,차대차 - 측면충돌,신호위반,건조,맑음,교차로 - 교차로부근,이륜,남,21세,경상,승용,남,25세,상해없음
2018062700100538,2018년 6월 27일 22시,수요일,충청남도 천안시 동남구 청수동,경상사고,0,0,1,0,차대사람 - 횡단중,보행자보호의무위반,건조,맑음,단일로 - 기타,기타불명,기타불명,미분류,기타불명,보행자,남,30세,경상
2018062700100565,2018년 6월 27일 23시,수요일,충청남도 서산시 갈산동,경상사고,0,0,1,0,차대차 - 측면충돌,안전운전불이행,건조,맑음,단일로 - 기타,승용,남,56세,상해없음,승용,남,47세,경상
2018062800100102,2018년 6월 28일 07시,목요일,충청남도 천안시 서북구 성환읍,중상사고,0,1,1,0,차대차 - 측면충돌,안전운전불이행,건조,맑음,교차로 - 교차로안,화물,남,47세,중상,승용,여,41세,경상
2018062800100196,2018년 6월 28일 10시,목요일,충청남도 공주시 금흥동,경상사고,0,0,3,0,차대차 - 측면충돌,중앙선침범,건조,맑음,교차로 - 교차로부근,승합,남,24세,상해없음,승용,남,43세,경상
2018062800100225,2018년 6월 28일 11시,목요일,충청남도 서산시 해미면,중상사고,0,1,0,0,차대차 - 추돌,안전운전불이행,젖음/습기,비,교차로 - 교차로안,승용,남,57세,상해없음,승용,남,60세,중상
2018062800100248,2018년 6월 28일 12시,목요일,충청남도 천안시 서북구 성성동,중상사고,0,1,0,0,차대차 - 기타,직진우회전진행방해,건조,맑음,교차로 - 교차로안,화물,남,35세,상해없음,승용,여,51세,중상
2018062800100267,2018년 6월 28일 13시,목요일,충청남도 천안시 서북구 쌍용동,중상사고,0,1,0,0,차대차 - 기타,중앙선침범,건조,맑음,단일로 - 기타,승용,남,63세,상해없음,이륜,남,35세,중상
2018062800100268,2018년 6월 28일 13시,목요일,충청남도 천안시 서북구 성거읍,경상사고,0,0,1,0,차대차 - 기타,신호위반,젖음/습기,비,교차로 - 교차로부근,이륜,남,45세,경상,승합,남,49세,상해없음
2018062800100269,2018년 6월 28일 13시,목요일,충청남도 태안군 태안읍,경상사고,0,0,1,0,차대차 - 추돌,안전운전불이행,건조,맑음,단일로 - 기타,화물,여,52세,상해없음,화물,남,57세,경상
2018062800100295,2018년 6월 28일 14시,목요일,충청남도 아산시 온천동,중상사고,0,1,0,0,차대사람 - 횡단중,보행자보호의무위반,건조,맑음,교차로 - 교차로안,화물,남,64세,상해없음,보행자,남,79세,중상
2018062800100296,2018년 6월 28일 14시,목요일,충청남도 천안시 동남구 목천읍,경상사고,0,0,1,0,차대차 - 기타,신호위반,건조,맑음,교차로 - 교차로안,승용,여,41세,상해없음,승용,남,29세,경상
2018062800100395,2018년 6월 28일 17시,목요일,충청남도 당진시 원당리,중상사고,0,5,0,0,차대차 - 측면충돌,안전운전불이행,건조,맑음,단일로 - 기타,승용,남,19세,상해없음,승용,남,60세,상해없음
2018062800100431,2018년 6월 28일 18시,목요일,충청남도 논산시 강경읍,중상사고,0,1,0,0,차대사람 - 길가장자리구역통행중,안전운전불이행,건조,맑음,단일로 - 기타,기타불명,기타불명,미분류,기타불명,보행자,남,83세,중상
2018062800100501,2018년 6월 28일 20시,목요일,충청남도 천안시 서북구 불당동,경상사고,0,0,1,0,차대사람 - 기타,안전운전불이행,건조,맑음,교차로 - 교차로안,승용,남,42세,상해없음,보행자,여,22세,경상
2018062800100535,2018년 6월 28일 21시,목요일,충청남도 서산시 동문동,부상신고사고,0,0,0,1,차대사람 - 횡단중,안전운전불이행,젖음/습기,비,교차로 - 교차로부근,승용,남,62세,상해없음,보행자,남,42세,부상신고
2018062800100566,2018년 6월 28일 22시,목요일,충청남도 천안시 서북구 두정동,경상사고,0,0,1,0,차대사람 - 기타,안전운전불이행,건조,맑음,단일로 - 기타,승용,남,28세,상해없음,보행자,여,21세,경상
2018062800100596,2018년 6월 28일 23시,목요일,충청남도 천안시 동남구 병천면,경상사고,0,0,2,0,차대차 - 측면충돌,중앙선침범,건조,맑음,단일로 - 기타,승용,여,33세,경상,승용,남,48세,경상
2018062900100060,2018년 6월 29일 06시,금요일,충청남도 논산시 연산면,경상사고,0,0,4,0,차대차 - 측면충돌,신호위반,건조,맑음,교차로 - 교차로안,승용,남,53세,상해없음,승용,남,55세,경상
2018062900100061,2018년 6월 29일 06시,금요일,충청남도 홍성군 홍성읍,중상사고,0,1,0,0,차대차 - 측면충돌,안전운전불이행,건조,맑음,기타 - 기타,승용,여,61세,상해없음,이륜,남,76세,중상
2018062900100062,2018년 6월 29일 06시,금요일,충청남도 공주시 유구읍,중상사고,0,14,10,0,차대차 - 정면충돌,중앙선침범,건조,맑음,단일로 - 기타,승합,남,42세,기타불명,건설기계,남,46세,경상
2018062900100063,2018년 6월 29일 06시,금요일,충청남도 천안시 동남구 신부동,경상사고,0,0,1,0,차대차 - 기타,안전운전불이행,건조,맑음,단일로 - 기타,승용,남,33세,상해없음,승용,남,53세,경상
2018062900100078,2018년 6월 29일 07시,금요일,충청남도 천안시 서북구 두정동,경상사고,0,0,1,0,차대사람 - 횡단중,신호위반,건조,맑음,단일로 - 기타,승용,남,51세,상해없음,보행자,여,23세,경상
2018062900100113,2018년 6월 29일 08시,금요일,충청남도 천안시 서북구 두정동,경상사고,0,0,1,0,차대차 - 추돌,안전운전불이행,건조,맑음,교차로 - 교차로부근,승용,남,33세,상해없음,승용,남,47세,경상
2018062900100114,2018년 6월 29일 08시,금요일,충청남도 보령시 죽정동,사망사고,1,0,0,0,차대사람 - 횡단중,신호위반,건조,맑음,교차로 - 교차로부근,승합,남,61세,기타불명,보행자,여,24세,사망
2018062900100232,2018년 6월 29일 12시,금요일,충청남도 천안시 동남구 봉명동,중상사고,0,1,0,0,차대차 - 추돌,안전운전불이행,건조,맑음,교차로 - 교차로안,승용,남,55세,상해없음,자전거,남,70세,중상
2018062900100267,2018년 6월 29일 13시,금요일,충청남도 예산군 고덕면,경상사고,0,0,1,0,차대차 - 기타,직진우회전진행방해,건조,맑음,교차로 - 교차로안,승용,여,69세,상해없음,이륜,남,69세,경상
2018062900100268,2018년 6월 29일 13시,금요일,충청남도 천안시 동남구 신방동,중상사고,0,1,0,0,차대차 - 측면충돌,안전운전불이행,건조,맑음,단일로 - 기타,화물,남,62세,상해없음,이륜,남,31세,중상
2018062900100338,2018년 6월 29일 15시,금요일,충청남도 청양군 정산면,중상사고,0,2,0,0,차대차 - 추돌,안전운전불이행,건조,맑음,단일로 - 기타,화물,남,64세,중상,이륜,남,76세,중상
2018062900100339,2018년 6월 29일 15시,금요일,충청남도 천안시 동남구 목천읍,중상사고,0,2,0,0,차대차 - 기타,교차로운행방법위반,건조,맑음,교차로 - 교차로안,화물,남,73세,중상,화물,남,46세,중상
2018062900100340,2018년 6월 29일 15시,금요일,충청남도 공주시 정안면,중상사고,0,1,0,0,차대차 - 추돌,안전운전불이행,건조,맑음,단일로 - 기타,승용,남,57세,상해없음,화물,남,44세,상해없음
2018062900100575,2018년 6월 29일 21시,금요일,충청남도 천안시 서북구 성정동,경상사고,0,0,1,0,차대차 - 기타,교차로운행방법위반,건조,맑음,교차로 - 교차로안,이륜,남,21세,상해없음,자전거,남,51세,경상
2018062900100576,2018년 6월 29일 21시,금요일,충청남도 아산시 용화동,경상사고,0,0,1,0,차대차 - 정면충돌,안전운전불이행,건조,맑음,교차로 - 교차로부근,승용,여,35세,상해없음,승용,여,42세,경상
2018062900100577,2018년 6월 29일 21시,금요일,충청남도 당진시 채운동,경상사고,0,0,2,0,차대차 - 측면충돌,안전운전불이행,건조,맑음,단일로 - 기타,승용,남,60세,상해없음,승용,여,29세,경상
2018063000100014,2018년 6월 30일 00시,토요일,충청남도 천안시 서북구 성거읍,중상사고,0,1,0,0,차대차 - 측면충돌,중앙선침범,건조,맑음,교차로 - 교차로부근,화물,남,46세,상해없음,승용,남,62세,중상
2018063000100089,2018년 6월 30일 06시,토요일,충청남도 홍성군 홍성읍,중상사고,0,1,0,0,차대차 - 측면충돌,신호위반,건조,맑음,교차로 - 교차로안,승용,남,58세,상해없음,화물,남,63세,중상
2018063000100100,2018년 6월 30일 07시,토요일,충청남도 천안시 동남구 안서동,경상사고,0,0,1,0,차대차 - 측면충돌,안전운전불이행,건조,맑음,단일로 - 기타,승용,남,24세,상해없음,승용,남,59세,경상
2018063000100117,2018년 6월 30일 08시,토요일,충청남도 천안시 서북구 두정동,부상신고사고,0,0,0,1,차대차 - 측면충돌,안전운전불이행,건조,맑음,교차로 - 교차로안,자전거,여,24세,부상신고,승용,남,66세,상해없음
2018063000100118,2018년 6월 30일 08시,토요일,충청남도 천안시 동남구 목천읍,경상사고,0,0,1,0,차대차 - 추돌,안전운전불이행,건조,맑음,교차로 - 교차로부근,화물,남,42세,상해없음,승용,여,56세,경상
2018063000100158,2018년 6월 30일 10시,토요일,충청남도 천안시 서북구 불당동,중상사고,0,1,1,0,차대차 - 기타,차로위반,건조,맑음,교차로 - 교차로부근,승용,여,47세,상해없음,승합,남,52세,상해없음
2018063000100159,2018년 6월 30일 10시,토요일,충청남도 천안시 서북구 두정동,경상사고,0,0,1,0,차대사람 - 기타,안전운전불이행,건조,맑음,교차로 - 교차로안,승용,여,43세,상해없음,보행자,남,52세,경상
2018063000100188,2018년 6월 30일 11시,토요일,충청남도 천안시 동남구 청당동,경상사고,0,0,1,0,차대사람 - 횡단중,보행자보호의무위반,건조,맑음,교차로 - 교차로횡단보도내,승용,여,30세,상해없음,보행자,여,50세,경상
2018063000100219,2018년 6월 30일 12시,토요일,충청남도 서천군 서면,중상사고,0,1,0,0,차량단독 - 전도전복 - 전도,안전운전불이행,건조,흐림,단일로 - 기타,이륜,남,52세,중상,미분류,미분류,미분류,미분류
2018063000100220,2018년 6월 30일 12시,토요일,충청남도 당진시 시곡리,중상사고,0,2,1,0,차대차 - 측면충돌,안전운전불이행,건조,맑음,교차로 - 교차로부근,승용,여,53세,상해없음,승용,남,31세,중상
2018063000100286,2018년 6월 30일 14시,토요일,충청남도 서산시 대산읍,경상사고,0,0,3,0,차대차 - 측면충돌,안전운전불이행,건조,맑음,단일로 - 기타,화물,남,44세,상해없음,승용,남,30세,경상
2018063000100287,2018년 6월 30일 14시,토요일,충청남도 천안시 동남구 신방동,경상사고,0,0,1,0,차대차 - 측면충돌,안전운전불이행,건조,맑음,교차로 - 교차로안,승용,여,40세,상해없음,승용,남,31세,경상
2018063000100349,2018년 6월 30일 16시,토요일,충청남도 공주시 반포면,경상사고,0,0,1,0,차대사람 - 횡단중,안전운전불이행,젖음/습기,흐림,교차로 - 교차로안,승용,남,38세,상해없음,보행자,여,10세,경상
2018063000100384,2018년 6월 30일 17시,토요일,충청남도 공주시 계룡면,경상사고,0,0,3,0,차대차 - 추돌,과속,젖음/습기,흐림,단일로 - 기타,승용,여,52세,경상,승용,남,62세,경상
2018063000100385,2018년 6월 30일 17시,토요일,충청남도 천안시 동남구 삼룡동,경상사고,0,0,3,0,차대차 - 추돌,안전운전불이행,젖음/습기,비,단일로 - 기타,승용,남,27세,상해없음,승용,여,45세,경상
2018063000100420,2018년 6월 30일 18시,토요일,충청남도 보령시 웅천읍,중상사고,0,1,0,0,차대차 - 정면충돌,중앙선침범,젖음/습기,비,단일로 - 기타,특수,남,25세,상해없음,승용,남,61세,중상
2018063000100421,2018년 6월 30일 18시,토요일,충청남도 태안군 남면,중상사고,0,1,0,0,차대차 - 측면충돌,신호위반,건조,맑음,교차로 - 교차로횡단보도내,승용,남,59세,상해없음,사륜오토바이(ATV),남,81세,중상
2018063000100443,2018년 6월 30일 19시,토요일,충청남도 서산시 읍내동,중상사고,0,1,0,0,차대차 - 측면충돌,교차로운행방법위반,건조,맑음,교차로 - 교차로안,이륜,남,35세,중상,승용,남,45세,상해없음
2018063000100444,2018년 6월 30일 19시,토요일,충청남도 아산시 온천동,경상사고,0,0,1,0,차대차 - 기타,안전운전불이행,건조,맑음,교차로 - 교차로안,승용,남,42세,상해없음,승용,남,40세,경상
2018063000100445,2018년 6월 30일 19시,토요일,충청남도 청양군 남양면,중상사고,0,1,0,0,차량단독 - 도로외이탈 - 추락,안전운전불이행,젖음/습기,비,단일로 - 기타,화물,남,78세,중상,,,,
2018063000100446,2018년 6월 30일 19시,토요일,충청남도 천안시 동남구 사직동,중상사고,0,1,0,0,차대차 - 측면충돌,직진우회전진행방해,건조,맑음,교차로 - 교차로안,승용,남,35세,상해없음,원동기,남,36세,중상
2018063000100497,2018년 6월 30일 21시,토요일,충청남도 금산군 진산면,경상사고,0,0,1,0,차량단독 - 도로외이탈 - 기타,안전운전불이행,젖음/습기,흐림,단일로 - 기타,승용,남,50세,경상,,,,
2018063000100538,2018년 6월 30일 23시,토요일,충청남도 당진시 읍내리,중상사고,0,1,0,0,차대사람 - 차도통행중,안전운전불이행,건조,맑음,단일로 - 기타,승용,남,26세,상해없음,보행자,남,25세,중상
2018070100100067,2018년 7월 1일 04시,일요일,충청남도 금산군 추부면,경상사고,0,0,1,0,차량단독 - 공작물충돌,안전운전불이행,젖음/습기,비,기타 - 기타,승용,남,47세,상해없음,,,,
2018070100100086,2018년 7월 1일 06시,일요일,충청남도 천안시 동남구 다가동,경상사고,0,0,2,0,차대차 - 측면충돌,신호위반,젖음/습기,비,교차로 - 교차로안,승용,남,27세,상해없음,화물,남,54세,경상
2018070100100095,2018년 7월 1일 07시,일요일,충청남도 태안군 태안읍,경상사고,0,0,1,0,차대차 - 측면충돌,신호위반,젖음/습기,비,교차로 - 교차로횡단보도내,이륜,남,58세,경상,화물,남,73세,상해없음
2018070100100108,2018년 7월 1일 08시,일요일,충청남도 서천군 서천읍,경상사고,0,0,1,0,차대차 - 측면충돌,불법유턴,젖음/습기,비,단일로 - 기타,화물,남,62세,상해없음,승용,남,70세,경상
2018070100100224,2018년 7월 1일 15시,일요일,충청남도 천안시 서북구 쌍용동,중상사고,0,2,3,0,차대차 - 추돌,안전거리미확보,젖음/습기,비,단일로 - 기타,승합,남,61세,상해없음,승용,남,51세,경상
2018070100100225,2018년 7월 1일 15시,일요일,충청남도 서천군 마서면,경상사고,0,0,5,0,차대차 - 추돌,안전거리미확보,젖음/습기,비,단일로 - 기타,승용,남,24세,상해없음,승용,남,36세,경상
2018070100100226,2018년 7월 1일 15시,일요일,충청남도 예산군 예산읍,경상사고,0,0,3,0,차대차 - 측면충돌,교차로운행방법위반,젖음/습기,비,교차로 - 교차로안,승용,여,57세,경상,승용,남,58세,경상
2018070100100227,2018년 7월 1일 15시,일요일,충청남도 당진시 수청리,경상사고,0,0,2,0,차대차 - 추돌,안전운전불이행,젖음/습기,비,단일로 - 기타,승용,남,25세,상해없음,승용,남,23세,경상
2018070100100276,2018년 7월 1일 17시,일요일,충청남도 예산군 예산읍,중상사고,0,1,0,0,차대사람 - 기타,기타,젖음/습기,비,단일로 - 기타,승용,남,52세,기타불명,보행자,남,45세,중상
2018070100100340,2018년 7월 1일 19시,일요일,충청남도 서천군 서천읍,중상사고,0,2,0,0,차량단독 - 전도전복 - 전도,안전운전불이행,젖음/습기,비,단일로 - 기타,화물,남,62세,중상,미분류,미분류,미분류,미분류
2018070100100378,2018년 7월 1일 20시,일요일,충청남도 서산시 대산읍,중상사고,0,1,0,0,차대차 - 정면충돌,중앙선침범,젖음/습기,비,단일로 - 기타,승용,여,64세,상해없음,승용,여,32세,중상
2018070100100379,2018년 7월 1일 20시,일요일,충청남도 예산군 봉산면,중상사고,0,2,0,0,차대차 - 측면충돌,안전운전불이행,젖음/습기,비,단일로 - 기타,승용,여,47세,중상,승용,남,57세,중상
2018070100100380,2018년 7월 1일 20시,일요일,충청남도 천안시 동남구 신부동,경상사고,0,0,1,0,차대차 - 기타,안전운전불이행,젖음/습기,비,단일로 - 기타,승용,남,26세,상해없음,이륜,남,26세,경상
2018070100100418,2018년 7월 1일 21시,일요일,충청남도 당진시 송악읍,경상사고,0,0,1,0,차대차 - 기타,안전운전불이행,젖음/습기,비,단일로 - 기타,화물,남,53세,상해없음,승용,남,27세,경상
2018070100100455,2018년 7월 1일 22시,일요일,충청남도 예산군 오가면,경상사고,0,0,1,0,차대차 - 측면충돌,직진우회전진행방해,젖음/습기,비,교차로 - 교차로안,승용,여,55세,상해없음,승용,남,47세,경상
2018070100100456,2018년 7월 1일 22시,일요일,충청남도 청양군 남양면,경상사고,0,0,1,0,차량단독 - 공작물충돌,안전운전불이행,젖음/습기,비,교차로 - 교차로부근,승용,남,38세,경상,,,,
2018070100100484,2018년 7월 1일 23시,일요일,충청남도 당진시 읍내리,경상사고,0,0,1,0,차대사람 - 길가장자리구역통행중,안전운전불이행,젖음/습기,비,단일로 - 기타,승용,남,80세,상해없음,보행자,남,33세,경상
2018070200100049,2018년 7월 2일 03시,월요일,충청남도 천안시 서북구 쌍용동,경상사고,0,0,1,0,차대사람 - 횡단중,보행자보호의무위반,젖음/습기,비,교차로 - 교차로안,승용,남,32세,상해없음,보행자,여,28세,경상
2018070200100079,2018년 7월 2일 06시,월요일,충청남도 당진시 송악읍,사망사고,1,0,0,0,차대차 - 측면충돌,안전운전불이행,젖음/습기,비,기타 - 기타,승용,남,35세,상해없음,자전거,남,59세,사망
2018070200100080,2018년 7월 2일 06시,월요일,충청남도 당진시 송산면,중상사고,0,1,1,0,차대차 - 측면충돌,안전운전불이행,젖음/습기,흐림,단일로 - 기타,승용,남,59세,경상,승용,남,29세,중상
2018070200100122,2018년 7월 2일 08시,월요일,충청남도 서천군 서천읍,중상사고,0,2,0,0,차대차 - 측면충돌,직진우회전진행방해,건조,맑음,교차로 - 교차로안,이륜,남,79세,중상,승용,남,73세,상해없음
2018070200100157,2018년 7월 2일 09시,월요일,충청남도 천안시 동남구 신부동,사망사고,1,0,0,0,차대사람 - 횡단중,안전운전불이행,건조,맑음,교차로 - 교차로안,승합,남,50세,상해없음,보행자,여,45세,사망
2018070200100158,2018년 7월 2일 09시,월요일,충청남도 천안시 동남구 신방동,경상사고,0,0,2,0,차대차 - 기타,교차로운행방법위반,건조,맑음,교차로 - 교차로안,승용,남,57세,경상,승용,여,68세,경상
2018070200100159,2018년 7월 2일 09시,월요일,충청남도 천안시 동남구 청당동,경상사고,0,0,1,0,차대차 - 후진중충돌,안전운전불이행,건조,맑음,교차로 - 교차로안,승용,여,50세,상해없음,승용,남,35세,경상
2018070200100211,2018년 7월 2일 11시,월요일,충청남도 태안군 태안읍,경상사고,0,0,1,0,차대차 - 추돌,안전운전불이행,젖음/습기,비,교차로 - 교차로부근,승합,남,52세,상해없음,화물,남,70세,경상
2018070200100300,2018년 7월 2일 14시,월요일,충청남도 논산시 연무읍,중상사고,0,1,0,0,차대차 - 정면충돌,교차로운행방법위반,젖음/습기,비,교차로 - 교차로안,기타불명,기타불명,미분류,기타불명,화물,남,62세,상해없음
2018070200100330,2018년 7월 2일 15시,월요일,충청남도 계룡시 엄사면,경상사고,0,0,2,0,차대차 - 측면충돌,신호위반,젖음/습기,비,교차로 - 교차로부근,승용,여,54세,경상,화물,남,54세,상해없음
2018070200100331,2018년 7월 2일 15시,월요일,충청남도 홍성군 홍성읍,중상사고,0,1,1,0,차대차 - 측면충돌,교차로운행방법위반,건조,맑음,교차로 - 교차로안,화물,남,34세,경상,화물,남,61세,중상
2018070200100407,2018년 7월 2일 17시,월요일,충청남도 당진시 원당리,경상사고,0,0,1,0,차대차 - 측면충돌,교차로운행방법위반,건조,맑음,교차로 - 교차로안,특수,남,42세,상해없음,승용,여,60세,경상
2018070200100408,2018년 7월 2일 17시,월요일,충청남도 천안시 동남구 청당동,경상사고,0,0,1,0,차대차 - 추돌,안전운전불이행,젖음/습기,비,단일로 - 기타,승용,남,41세,상해없음,승용,여,34세,경상
2018070200100449,2018년 7월 2일 18시,월요일,충청남도 아산시 용화동,중상사고,0,1,0,0,차대차 - 기타,교차로운행방법위반,젖음/습기,맑음,교차로 - 교차로안,승용,남,27세,상해없음,이륜,남,19세,중상
2018070200100450,2018년 7월 2일 18시,월요일,충청남도 청양군 청양읍,경상사고,0,0,2,0,차대차 - 측면충돌,직진우회전진행방해,젖음/습기,비,교차로 - 교차로안,화물,여,53세,경상,승용,남,25세,경상
2018070200100451,2018년 7월 2일 18시,월요일,충청남도 천안시 동남구 다가동,경상사고,0,0,1,0,차대차 - 추돌,안전운전불이행,젖음/습기,비,교차로 - 교차로부근,승용,남,32세,상해없음,승용,남,78세,경상
2018070200100452,2018년 7월 2일 18시,월요일,충청남도 천안시 동남구 목천읍,경상사고,0,0,1,0,차대차 - 추돌,안전운전불이행,젖음/습기,비,단일로 - 기타,승용,여,28세,경상,화물,남,46세,상해없음
2018070200100493,2018년 7월 2일 19시,월요일,충청남도 천안시 동남구 풍세면,경상사고,0,0,3,0,차대차 - 기타,신호위반,젖음/습기,흐림,교차로 - 교차로안,승용,남,58세,경상,승용,남,33세,경상
2018070200100530,2018년 7월 2일 20시,월요일,충청남도 천안시 서북구 성환읍,경상사고,0,0,2,0,차대차 - 측면충돌,안전운전불이행,젖음/습기,비,교차로 - 교차로안,승용,여,54세,상해없음,승용,여,50세,경상
2018070200100531,2018년 7월 2일 20시,월요일,충청남도 공주시 금성동,중상사고,0,1,0,0,차대사람 - 길가장자리구역통행중,안전운전불이행,젖음/습기,흐림,단일로 - 기타,승용,남,61세,상해없음,보행자,여,57세,중상
2018070200100533,2018년 7월 2일 20시,월요일,충청남도 예산군 덕산면,중상사고,0,1,0,0,차대사람 - 횡단중,안전운전불이행,젖음/습기,비,단일로 - 기타,화물,남,68세,상해없음,보행자,남,49세,중상
2018070200100609,2018년 7월 2일 22시,월요일,충청남도 천안시 서북구 쌍용동,경상사고,0,0,1,0,차대차 - 측면충돌,신호위반,젖음/습기,흐림,교차로 - 교차로안,승용,여,32세,상해없음,승용,남,37세,경상
2018070200100610,2018년 7월 2일 22시,월요일,충청남도 아산시 음봉면,경상사고,0,0,1,0,차대차 - 측면충돌,안전운전불이행,젖음/습기,비,기타 - 기타,승용,남,36세,상해없음,승용,남,22세,경상
2018070200100611,2018년 7월 2일 22시,월요일,충청남도 태안군 태안읍,부상신고사고,0,0,0,1,차대사람 - 길가장자리구역통행중,안전운전불이행,젖음/습기,비,교차로 - 교차로부근,이륜,남,41세,상해없음,보행자,남,58세,부상신고
2018070300100011,2018년 7월 3일 00시,화요일,충청남도 서산시 예천동,중상사고,0,2,0,0,차대차 - 추돌,안전운전불이행,젖음/습기,비,교차로 - 교차로부근,승용,남,46세,상해없음,승용,여,40세,중상
2018070300100028,2018년 7월 3일 01시,화요일,충청남도 태안군 태안읍,경상사고,0,0,1,0,차대차 - 측면충돌,중앙선침범,젖음/습기,기타,교차로 - 교차로부근,승용,남,57세,상해없음,승용,남,32세,경상
2018070300100064,2018년 7월 3일 06시,화요일,충청남도 아산시 음봉면,경상사고,0,0,1,0,차대차 - 측면충돌,안전운전불이행,건조,맑음,교차로 - 교차로부근,승용,남,63세,상해없음,승용,남,25세,경상
2018070300100105,2018년 7월 3일 08시,화요일,충청남도 논산시 강산동,중상사고,0,1,0,0,차대차 - 기타,안전운전불이행,건조,맑음,단일로 - 기타,승용,남,53세,상해없음,자전거,남,71세,중상
2018070300100151,2018년 7월 3일 09시,화요일,충청남도 예산군 덕산면,경상사고,0,0,2,0,차대차 - 추돌,안전거리미확보,건조,맑음,교차로 - 교차로안,승용,남,65세,상해없음,화물,남,63세,경상
2018070300100172,2018년 7월 3일 10시,화요일,충청남도 서산시 읍내동,중상사고,0,1,0,0,차대차 - 후진중충돌,안전운전불이행,건조,맑음,교차로 - 교차로부근,화물,남,50세,상해없음,승용,여,44세,중상
2018070300100173,2018년 7월 3일 10시,화요일,충청남도 서산시 인지면,경상사고,0,0,1,0,차대차 - 추돌,안전운전불이행,건조,맑음,단일로 - 기타,승용,남,32세,상해없음,승용,여,49세,경상
2018070300100174,2018년 7월 3일 10시,화요일,충청남도 천안시 서북구 쌍용동,경상사고,0,0,2,0,차대차 - 측면충돌,안전운전불이행,건조,맑음,교차로 - 교차로부근,승용,남,42세,상해없음,승용,남,30세,경상