사고번호,사고일시,요일,시군구,사고내용,사망자수,중상자수,경상자수,부상신고자수,사고유형,법규위반,노면상태,기상상태,도로형태,가해운전자 차종,가해운전자 성별,가해운전자 연령,가해운전자 상해정도,피해운전자 차종,피해운전자 성별,피해운전자 연령,피해운전자 상해정도
2018070300100176,2018년 7월 3일 10시,화요일,충청남도 예산군 오가면,경상사고,0,0,1,0,차량단독 - 공작물충돌,안전운전불이행,건조,맑음,단일로 - 기타,승용,남,55세,경상,,,,
2018070300100177,2018년 7월 3일 10시,화요일,충청남도 태안군 태안읍,중상사고,0,1,0,0,차대차 - 추돌,안전운전불이행,건조,맑음,교차로 - 교차로부근,이륜,남,42세,중상,승용,남,70세,상해없음
2018070300100199,2018년 7월 3일 11시,화요일,충청남도 천안시 서북구 쌍용동,경상사고,0,0,1,0,차대차 - 추돌,안전운전불이행,건조,맑음,교차로 - 교차로부근,화물,남,67세,상해없음,승용,남,48세,경상
2018070300100222,2018년 7월 3일 12시,화요일,충청남도 보령시 청소면,중상사고,0,1,0,0,차대차 - 추돌,안전운전불이행,건조,맑음,단일로 - 기타,화물,남,68세,상해없음,이륜,남,78세,중상
2018070300100253,2018년 7월 3일 13시,화요일,충청남도 천안시 서북구 두정동,중상사고,0,1,0,0,차대사람 - 차도통행중,안전운전불이행,건조,맑음,교차로 - 교차로부근,승용,남,29세,상해없음,보행자,여,12세,중상
2018070300100254,2018년 7월 3일 13시,화요일,충청남도 부여군 부여읍,중상사고,0,1,1,0,차대사람 - 기타,보행자보호의무위반,건조,맑음,교차로 - 교차로횡단보도내,화물,남,21세,상해없음,보행자,여,75세,경상
2018070300100255,2018년 7월 3일 13시,화요일,충청남도 당진시 읍내리,중상사고,0,1,1,0,차대차 - 측면충돌,신호위반,건조,맑음,교차로 - 교차로안,승용,여,55세,상해없음,화물,남,70세,중상
2018070300100281,2018년 7월 3일 14시,화요일,충청남도 논산시 내동,중상사고,0,1,0,0,차대사람 - 횡단중,보행자보호의무위반,건조,맑음,교차로 - 교차로안,승용,남,40세,상해없음,보행자,남,8세,중상
2018070300100317,2018년 7월 3일 15시,화요일,충청남도 당진시 송산면,경상사고,0,0,2,0,차대차 - 추돌,안전운전불이행,건조,맑음,교차로 - 교차로부근,승용,남,64세,상해없음,승용,남,37세,상해없음
2018070300100318,2018년 7월 3일 15시,화요일,충청남도 금산군 금산읍,중상사고,0,1,0,0,차대차 - 측면충돌,안전운전불이행,건조,흐림,교차로 - 교차로부근,승용,남,76세,상해없음,이륜,남,88세,중상
2018070300100319,2018년 7월 3일 15시,화요일,충청남도 천안시 동남구 풍세면,중상사고,0,1,0,0,차량단독 - 도로외이탈 - 추락,안전운전불이행,건조,맑음,단일로 - 기타,승용,여,49세,중상,,,,
2018070300100390,2018년 7월 3일 17시,화요일,충청남도 논산시 반월동,중상사고,0,1,0,0,차대사람 - 기타,안전운전불이행,건조,맑음,단일로 - 기타,자전거,여,55세,상해없음,보행자,여,45세,중상
2018070300100391,2018년 7월 3일 17시,화요일,충청남도 아산시 신창면,중상사고,0,1,1,0,차대차 - 기타,안전운전불이행,건조,맑음,단일로 - 기타,승용,남,46세,상해없음,승용,남,29세,중상
2018070300100392,2018년 7월 3일 17시,화요일,충청남도 보령시 주교면,경상사고,0,0,2,0,차대차 - 측면충돌,중앙선침범,건조,맑음,단일로 - 기타,승합,남,70세,상해없음,승용,남,57세,경상
2018070300100393,2018년 7월 3일 17시,화요일,충청남도 천안시 서북구 성거읍,경상사고,0,0,1,0,차대차 - 추돌,안전운전불이행,건조,맑음,단일로 - 기타,승용,남,18세,상해없음,화물,남,59세,경상
2018070300100430,2018년 7월 3일 18시,화요일,충청남도 당진시 용연리,중상사고,0,1,1,0,차대차 - 측면충돌,안전운전불이행,건조,맑음,단일로 - 기타,승용,남,63세,경상,화물,남,70세,중상
2018070300100458,2018년 7월 3일 19시,화요일,충청남도 천안시 서북구 두정동,경상사고,0,0,1,0,차대사람 - 횡단중,안전운전불이행,건조,맑음,단일로 - 기타,승용,남,44세,상해없음,보행자,남,13세,경상
2018070300100459,2018년 7월 3일 19시,화요일,충청남도 서천군 판교면,경상사고,0,0,1,0,차대사람 - 보도통행중,안전운전불이행,건조,맑음,교차로 - 교차로부근,화물,남,48세,상해없음,보행자,남,59세,경상
2018070300100490,2018년 7월 3일 20시,화요일,충청남도 아산시 모종동,경상사고,0,0,1,0,차대차 - 측면충돌,안전운전불이행,건조,맑음,단일로 - 기타,승용,남,58세,상해없음,승용,여,41세,경상
2018070300100491,2018년 7월 3일 20시,화요일,충청남도 보령시 웅천읍,중상사고,0,1,0,0,차대사람 - 횡단중,안전운전불이행,건조,맑음,교차로 - 교차로부근,승용,남,69세,기타불명,보행자,여,81세,중상
2018070300100527,2018년 7월 3일 21시,화요일,충청남도 천안시 서북구 성정동,경상사고,0,0,2,0,차대차 - 추돌,안전운전불이행,건조,맑음,교차로 - 교차로부근,승용,남,59세,상해없음,승용,남,52세,경상
2018070300100554,2018년 7월 3일 22시,화요일,충청남도 당진시 송산면,경상사고,0,0,1,0,차대차 - 측면충돌,신호위반,건조,맑음,교차로 - 교차로안,승용,남,25세,상해없음,승용,남,33세,경상
2018070400100005,2018년 7월 4일 00시,수요일,충청남도 천안시 서북구 성정동,중상사고,0,1,0,0,차대차 - 측면충돌,중앙선침범,건조,맑음,교차로 - 교차로부근,이륜,남,18세,상해없음,이륜,남,23세,중상
2018070400100006,2018년 7월 4일 00시,수요일,충청남도 당진시 신평면,사망사고,1,0,0,0,차대사람 - 차도통행중,안전운전불이행,건조,맑음,단일로 - 기타,승용,남,44세,상해없음,보행자,남,40세,사망
2018070400100026,2018년 7월 4일 04시,수요일,충청남도 천안시 서북구 성정동,중상사고,0,1,0,0,차량단독 - 전도전복 - 전도,안전운전불이행,건조,맑음,단일로 - 기타,개인형이동수단(PM),남,40세,중상,미분류,미분류,미분류,미분류
2018070400100032,2018년 7월 4일 05시,수요일,충청남도 천안시 동남구 동면,경상사고,0,0,1,0,차량단독 - 공작물충돌,안전운전불이행,건조,맑음,단일로 - 기타,승용,남,24세,경상,,,,
2018070400100056,2018년 7월 4일 07시,수요일,충청남도 홍성군 홍북읍,경상사고,0,0,2,0,차대차 - 측면충돌,신호위반,건조,맑음,교차로 - 교차로안,승용,남,25세,경상,승용,남,47세,경상
2018070400100098,2018년 7월 4일 08시,수요일,충청남도 홍성군 홍성읍,중상사고,0,1,0,0,차대차 - 기타,안전운전불이행,건조,맑음,단일로 - 기타,승용,여,47세,상해없음,이륜,남,67세,중상
2018070400100099,2018년 7월 4일 08시,수요일,충청남도 공주시 사곡면,경상사고,0,0,1,0,차대차 - 측면충돌,안전거리미확보,건조,맑음,단일로 - 기타,승합,남,51세,상해없음,승용,남,22세,경상
2018070400100100,2018년 7월 4일 08시,수요일,충청남도 공주시 웅진동,경상사고,0,0,2,0,차대차 - 측면충돌,안전운전불이행,건조,맑음,단일로 - 기타,승용,여,43세,경상,승용,여,26세,경상
2018070400100207,2018년 7월 4일 11시,수요일,충청남도 공주시 금성동,경상사고,0,0,1,0,차대차 - 측면충돌,직진우회전진행방해,건조,맑음,교차로 - 교차로안,승용,여,36세,상해없음,승용,남,54세,경상
2018070400100321,2018년 7월 4일 15시,수요일,충청남도 아산시 온천동,경상사고,0,0,2,0,차대차 - 후진중충돌,안전운전불이행,젖음/습기,비,주차장 - 주차장,승용,여,45세,상해없음,승용,여,41세,경상
2018070400100322,2018년 7월 4일 15시,수요일,충청남도 태안군 태안읍,경상사고,0,0,1,0,차대차 - 측면충돌,교차로운행방법위반,건조,맑음,교차로 - 교차로안,승용,여,33세,상해없음,승용,여,49세,경상
2018070400100353,2018년 7월 4일 16시,수요일,충청남도 계룡시 엄사면,경상사고,0,0,1,0,차대차 - 측면충돌,신호위반,건조,맑음,교차로 - 교차로안,승합,여,40세,상해없음,승용,여,38세,경상
2018070400100354,2018년 7월 4일 16시,수요일,충청남도 아산시 온천동,경상사고,0,0,1,0,차대사람 - 기타,안전운전불이행,젖음/습기,비,기타 - 기타,승용,남,52세,상해없음,보행자,남,35세,경상
2018070400100402,2018년 7월 4일 17시,수요일,충청남도 서산시 대산읍,경상사고,0,0,1,0,차대차 - 정면충돌,직진우회전진행방해,건조,맑음,교차로 - 교차로안,승용,여,29세,상해없음,승용,남,31세,경상
2018070400100403,2018년 7월 4일 17시,수요일,충청남도 아산시 둔포면,중상사고,0,1,0,0,차대사람 - 횡단중,보행자보호의무위반,건조,맑음,교차로 - 교차로안,승용,남,38세,상해없음,보행자,남,14세,중상
2018070400100404,2018년 7월 4일 17시,수요일,충청남도 공주시 신관동,경상사고,0,0,1,0,차대차 - 측면충돌,안전운전불이행,건조,맑음,단일로 - 기타,승합,남,47세,상해없음,승용,여,37세,경상
2018070400100460,2018년 7월 4일 18시,수요일,충청남도 홍성군 갈산면,경상사고,0,0,1,0,차대차 - 측면충돌,신호위반,건조,맑음,교차로 - 교차로안,승합,남,55세,상해없음,화물,남,67세,경상
2018070400100549,2018년 7월 4일 21시,수요일,충청남도 서산시 성연면,중상사고,0,1,0,0,차대차 - 추돌,안전운전불이행,건조,맑음,단일로 - 기타,이륜,남,57세,중상,승합,남,50세,기타불명
2018070400100550,2018년 7월 4일 21시,수요일,충청남도 천안시 서북구 쌍용동,경상사고,0,0,1,0,차대차 - 기타,안전운전불이행,건조,맑음,단일로 - 기타,승용,여,51세,상해없음,승용,남,60세,경상
2018070400100584,2018년 7월 4일 22시,수요일,충청남도 천안시 서북구 입장면,중상사고,0,2,0,0,차대차 - 측면충돌,안전운전불이행,건조,맑음,기타 - 기타,승합,남,58세,상해없음,승용,남,34세,중상
2018070500100023,2018년 7월 5일 02시,목요일,충청남도 천안시 서북구 성정동,중상사고,0,1,0,0,차대차 - 측면충돌,안전운전불이행,건조,맑음,교차로 - 교차로안,특수,남,55세,상해없음,이륜,남,35세,중상
2018070500100050,2018년 7월 5일 05시,목요일,충청남도 청양군 화성면,경상사고,0,0,1,0,차대차 - 기타,중앙선침범,건조,맑음,단일로 - 기타,승용,남,27세,상해없음,화물,남,53세,경상
2018070500100058,2018년 7월 5일 06시,목요일,충청남도 서산시 해미면,경상사고,0,0,3,0,차대차 - 정면충돌,신호위반,건조,맑음,교차로 - 교차로안,화물,남,52세,상해없음,승용,남,59세,경상
2018070500100059,2018년 7월 5일 06시,목요일,충청남도 보령시 화산동,중상사고,0,1,0,0,차대차 - 정면충돌,중앙선침범,건조,맑음,교차로 - 교차로부근,이륜,남,56세,중상,화물,남,60세,상해없음
2018070500100080,2018년 7월 5일 07시,목요일,충청남도 아산시 음봉면,중상사고,0,1,0,0,차대차 - 기타,안전운전불이행,건조,맑음,교차로 - 교차로안,승용,남,32세,상해없음,승용,남,49세,중상
2018070500100081,2018년 7월 5일 07시,목요일,충청남도 공주시 동현동,부상신고사고,0,0,0,1,차량단독 - 기타,안전운전불이행,건조,맑음,단일로 - 기타,승용,남,47세,기타불명,,,,
2018070500100145,2018년 7월 5일 09시,목요일,충청남도 서천군 비인면,중상사고,0,1,0,0,차대차 - 측면충돌,과속,건조,맑음,교차로 - 교차로안,승용,남,30세,중상,승용,남,50세,상해없음
2018070500100178,2018년 7월 5일 10시,목요일,충청남도 천안시 서북구 두정동,경상사고,0,0,1,0,차대차 - 측면충돌,안전운전불이행,건조,맑음,단일로 - 기타,승용,남,54세,상해없음,이륜,남,24세,경상
2018070500100179,2018년 7월 5일 10시,목요일,충청남도 천안시 서북구 성정동,경상사고,0,0,2,0,차대차 - 측면충돌,안전운전불이행,건조,맑음,단일로 - 기타,승용,남,54세,상해없음,승합,남,34세,경상
2018070500100180,2018년 7월 5일 10시,목요일,충청남도 보령시 신흑동,경상사고,0,0,1,0,차대차 - 측면충돌,안전운전불이행,건조,맑음,교차로 - 교차로안,화물,남,57세,상해없음,승용,남,73세,경상
2018070500100210,2018년 7월 5일 11시,목요일,충청남도 천안시 동남구 봉명동,중상사고,0,1,0,0,차대차 - 기타,안전운전불이행,건조,맑음,교차로 - 교차로부근,승용,남,57세,상해없음,승용,남,45세,중상
2018070500100238,2018년 7월 5일 12시,목요일,충청남도 서산시 잠홍동,중상사고,0,1,0,0,차대차 - 추돌,안전운전불이행,건조,맑음,교차로 - 교차로부근,화물,남,36세,상해없음,승용,남,75세,중상
2018070500100239,2018년 7월 5일 12시,목요일,충청남도 논산시 내동,중상사고,0,1,0,0,차대차 - 측면충돌,교차로운행방법위반,건조,맑음,교차로 - 교차로안,승용,남,57세,상해없음,이륜,남,59세,중상
2018070500100240,2018년 7월 5일 12시,목요일,충청남도 홍성군 홍북읍,중상사고,0,1,0,0,차대사람 - 기타,교차로운행방법위반,건조,맑음,교차로 - 교차로안,승용,남,37세,상해없음,보행자,남,55세,중상
2018070500100241,2018년 7월 5일 12시,목요일,충청남도 공주시 탄천면,경상사고,0,0,2,0,차대차 - 추돌,안전운전불이행,건조,맑음,교차로 - 교차로부근,화물,여,53세,기타불명,승용,남,40세,경상
2018070500100273,2018년 7월 5일 13시,목요일,충청남도 천안시 동남구 영성동,경상사고,0,0,1,0,차대사람 - 기타,기타,건조,맑음,단일로 - 기타,승합,남,60세,상해없음,보행자,여,59세,경상
2018070500100298,2018년 7월 5일 14시,목요일,충청남도 서산시 잠홍동,중상사고,0,1,0,0,차대차 - 측면충돌,신호위반,건조,맑음,교차로 - 교차로안,화물,남,54세,상해없음,승용,남,54세,중상
2018070500100299,2018년 7월 5일 14시,목요일,충청남도 태안군 원북면,중상사고,0,1,0,0,차량단독 - 공작물충돌,중앙선침범,건조,맑음,기타 - 기타,화물,남,28세,중상,,,,
2018070500100339,2018년 7월 5일 15시,목요일,충청남도 서산시 수석동,중상사고,0,2,0,0,차대차 - 측면충돌,안전운전불이행,건조,맑음,교차로 - 교차로안,승용,남,27세,중상,승용,여,37세,중상
2018070500100340,2018년 7월 5일 15시,목요일,충청남도 청양군 장평면,경상사고,0,0,1,0,차량단독 - 도로외이탈 - 기타,안전운전불이행,젖음/습기,비,기타 - 기타,농기계,남,72세,경상,,,,
2018070500100369,2018년 7월 5일 16시,목요일,충청남도 천안시 서북구 불당동,중상사고,0,1,0,0,차대차 - 측면충돌,신호위반,건조,맑음,교차로 - 교차로안,화물,남,66세,상해없음,승용,여,59세,중상
2018070500100370,2018년 7월 5일 16시,목요일,충청남도 공주시 반포면,부상신고사고,0,0,0,1,차량단독 - 공작물충돌,안전운전불이행,젖음/습기,비,단일로 - 기타,이륜,남,68세,부상신고,,,,
2018070500100412,2018년 7월 5일 17시,목요일,충청남도 아산시 온천동,중상사고,0,1,0,0,차대차 - 기타,교차로운행방법위반,젖음/습기,비,교차로 - 교차로안,승용,남,49세,상해없음,이륜,여,18세,중상
2018070500100413,2018년 7월 5일 17시,목요일,충청남도 예산군 삽교읍,중상사고,0,1,0,0,차대차 - 측면충돌,직진우회전진행방해,건조,맑음,교차로 - 교차로안,승용,여,35세,상해없음,승용,여,61세,중상
2018070500100414,2018년 7월 5일 17시,목요일,충청남도 당진시 고대면,중상사고,0,1,0,0,차대사람 - 길가장자리구역통행중,안전운전불이행,건조,맑음,단일로 - 기타,승용,남,37세,상해없음,보행자,남,47세,중상
2018070500100486,2018년 7월 5일 19시,목요일,충청남도 천안시 서북구 쌍용동,경상사고,0,0,1,2,차대차 - 기타,교차로운행방법위반,건조,맑음,교차로 - 교차로안,이륜,남,19세,상해없음,승용,여,37세,경상
2018070500100487,2018년 7월 5일 19시,목요일,충청남도 아산시 둔포면,부상신고사고,0,0,0,1,차대사람 - 길가장자리구역통행중,안전운전불이행,건조,맑음,단일로 - 기타,기타불명,기타불명,미분류,기타불명,보행자,여,83세,부상신고
2018070500100488,2018년 7월 5일 19시,목요일,충청남도 천안시 동남구 신부동,경상사고,0,0,1,0,차대차 - 측면충돌,교차로운행방법위반,건조,맑음,교차로 - 교차로안,승용,여,47세,상해없음,승용,남,45세,경상
2018070500100521,2018년 7월 5일 20시,목요일,충청남도 아산시 용화동,경상사고,0,0,1,0,차대사람 - 기타,안전운전불이행,건조,맑음,교차로 - 교차로안,승용,남,46세,상해없음,보행자,남,63세,경상
2018070500100588,2018년 7월 5일 22시,목요일,충청남도 천안시 서북구 두정동,경상사고,0,0,2,0,차대차 - 정면충돌,신호위반,젖음/습기,흐림,교차로 - 교차로안,승용,남,34세,상해없음,승용,남,33세,경상
2018070600100009,2018년 7월 6일 00시,금요일,충청남도 논산시 강산동,중상사고,0,1,0,0,차대차 - 측면충돌,교차로운행방법위반,젖음/습기,비,교차로 - 교차로안,화물,남,40세,상해없음,이륜,남,19세,중상
2018070600100043,2018년 7월 6일 03시,금요일,충청남도 태안군 근흥면,중상사고,0,1,0,0,차량단독 - 공작물충돌,안전운전불이행,젖음/습기,흐림,기타 - 기타,승용,여,37세,중상,,,,
2018070600100059,2018년 7월 6일 05시,금요일,충청남도 금산군 복수면,경상사고,0,0,1,0,차량단독 - 공작물충돌,안전운전불이행,젖음/습기,흐림,단일로 - 기타,승용,남,76세,경상,,,,
2018070600100079,2018년 7월 6일 07시,금요일,충청남도 홍성군 결성면,중상사고,0,1,0,0,차대차 - 기타,안전운전불이행,건조,맑음,단일로 - 기타,화물,여,67세,상해없음,이륜,여,59세,중상
2018070600100113,2018년 7월 6일 08시,금요일,충청남도 보령시 대천동,중상사고,0,1,0,0,차대차 - 기타,안전운전불이행,건조,맑음,교차로 - 교차로안,승용,여,72세,상해없음,자전거,남,13세,중상
2018070600100131,2018년 7월 6일 09시,금요일,충청남도 당진시 수청리,중상사고,0,1,4,1,차대차 - 측면충돌,중앙선침범,건조,맑음,단일로 - 기타,승용,남,75세,상해없음,승합,남,61세,경상
2018070600100166,2018년 7월 6일 10시,금요일,충청남도 논산시 부적면,중상사고,0,1,0,0,차량단독 - 공작물충돌,안전운전불이행,젖음/습기,비,단일로 - 기타,화물,남,43세,중상,,,,
2018070600100230,2018년 7월 6일 12시,금요일,충청남도 금산군 추부면,중상사고,0,1,1,0,차량단독 - 공작물충돌,안전운전불이행,젖음/습기,비,단일로 - 기타,승용,남,19세,경상,,,,
2018070600100284,2018년 7월 6일 14시,금요일,충청남도 홍성군 홍성읍,경상사고,0,0,1,0,차대차 - 추돌,안전운전불이행,건조,맑음,교차로 - 교차로부근,승용,여,68세,상해없음,승용,남,33세,경상
2018070600100314,2018년 7월 6일 15시,금요일,충청남도 천안시 동남구 청수동,경상사고,0,0,1,0,차대차 - 측면충돌,안전운전불이행,건조,맑음,기타 - 기타,승용,남,52세,상해없음,이륜,남,26세,경상
2018070600100354,2018년 7월 6일 16시,금요일,충청남도 아산시 배방읍,중상사고,0,1,1,0,차대차 - 기타,신호위반,건조,맑음,단일로 - 기타,승용,남,26세,경상,승용,남,52세,중상
2018070600100356,2018년 7월 6일 16시,금요일,충청남도 천안시 동남구 신부동,중상사고,0,1,0,0,차대차 - 측면충돌,중앙선침범,건조,맑음,단일로 - 기타,자전거,남,62세,중상,승용,남,28세,상해없음
2018070600100406,2018년 7월 6일 17시,금요일,충청남도 천안시 서북구 입장면,경상사고,0,0,1,0,차대사람 - 기타,안전운전불이행,건조,맑음,교차로 - 교차로안,승용,여,60세,상해없음,보행자,여,55세,경상
2018070600100407,2018년 7월 6일 17시,금요일,충청남도 논산시 취암동,경상사고,0,0,2,0,차대사람 - 횡단중,중앙선침범,건조,맑음,교차로 - 교차로횡단보도내,이륜,남,18세,기타불명,보행자,여,16세,경상
2018070600100408,2018년 7월 6일 17시,금요일,충청남도 당진시 송악읍,중상사고,0,1,0,0,차대차 - 추돌,안전운전불이행,건조,맑음,단일로 - 기타,화물,남,34세,중상,특수,남,49세,상해없음
2018070600100409,2018년 7월 6일 17시,금요일,충청남도 청양군 남양면,중상사고,0,5,0,0,차대차 - 측면충돌,안전운전불이행,건조,맑음,단일로 - 기타,승용,여,46세,중상,승용,남,31세,중상
2018070600100410,2018년 7월 6일 17시,금요일,충청남도 천안시 동남구 신방동,중상사고,0,1,0,0,차대차 - 측면충돌,불법유턴,건조,맑음,단일로 - 기타,승용,남,20세,상해없음,이륜,남,53세,중상
2018070600100451,2018년 7월 6일 18시,금요일,충청남도 서산시 석남동,경상사고,0,0,1,0,차대차 - 측면충돌,안전거리미확보,건조,맑음,단일로 - 기타,승용,남,73세,상해없음,이륜,남,45세,경상
2018070600100452,2018년 7월 6일 18시,금요일,충청남도 논산시 은진면,중상사고,0,1,0,0,차대사람 - 차도통행중,안전운전불이행,건조,맑음,단일로 - 기타,승용,여,19세,상해없음,보행자,남,57세,중상
2018070600100453,2018년 7월 6일 18시,금요일,충청남도 당진시 합덕읍,중상사고,0,1,0,0,차대차 - 측면충돌,교차로운행방법위반,건조,맑음,교차로 - 교차로안,이륜,남,68세,중상,승용,남,66세,상해없음
2018070600100454,2018년 7월 6일 18시,금요일,충청남도 당진시 면천면,경상사고,0,0,2,0,차대차 - 측면충돌,안전운전불이행,건조,맑음,단일로 - 기타,승용,여,54세,상해없음,승용,남,39세,경상
2018070600100489,2018년 7월 6일 19시,금요일,충청남도 천안시 서북구 성환읍,중상사고,0,1,0,0,차대차 - 기타,안전운전불이행,건조,맑음,단일로 - 기타,승용,여,53세,중상,승용,남,55세,상해없음
2018070600100491,2018년 7월 6일 19시,금요일,충청남도 천안시 동남구 신부동,중상사고,0,2,2,0,차대차 - 기타,안전거리미확보,건조,맑음,단일로 - 기타,승용,남,45세,상해없음,승합,남,35세,상해없음
2018070600100542,2018년 7월 6일 21시,금요일,충청남도 천안시 서북구 백석동,사망사고,1,0,0,0,차대사람 - 횡단중,과속,건조,맑음,단일로 - 기타,승용,남,25세,상해없음,보행자,남,53세,사망
2018070600100543,2018년 7월 6일 21시,금요일,충청남도 당진시 시곡리,중상사고,0,1,0,0,차대사람 - 길가장자리구역통행중,안전운전불이행,건조,맑음,단일로 - 기타,승용,남,57세,상해없음,보행자,남,45세,중상
2018070600100544,2018년 7월 6일 21시,금요일,충청남도 금산군 군북면,중상사고,0,1,1,0,차대차 - 추돌,안전운전불이행,건조,맑음,교차로 - 교차로부근,승용,남,57세,중상,승용,남,43세,경상
2018070600100575,2018년 7월 6일 22시,금요일,충청남도 천안시 서북구 백석동,경상사고,0,0,1,0,차대차 - 기타,직진우회전진행방해,건조,맑음,교차로 - 교차로안,승용,남,26세,상해없음,이륜,남,37세,경상
2018070600100576,2018년 7월 6일 22시,금요일,충청남도 예산군 예산읍,중상사고,0,2,3,0,차대차 - 추돌,안전운전불이행,건조,맑음,단일로 - 기타,승용,남,58세,상해없음,승용,남,52세,중상
2018070600100601,2018년 7월 6일 23시,금요일,충청남도 천안시 서북구 성정동,경상사고,0,0,1,0,차대차 - 기타,안전거리미확보,건조,맑음,교차로 - 교차로안,승용,남,30세,상해없음,승용,여,47세,경상
2018070700100082,2018년 7월 7일 04시,토요일,충청남도 천안시 서북구 직산읍,중상사고,0,1,0,0,차대차 - 측면충돌,신호위반,건조,맑음,교차로 - 교차로안,승용,남,75세,상해없음,승용,여,48세,중상
2018070700100083,2018년 7월 7일 04시,토요일,충청남도 천안시 서북구 성거읍,경상사고,0,0,1,0,차대차 - 측면충돌,교차로운행방법위반,건조,맑음,단일로 - 기타,화물,남,63세,기타불명,승용,남,23세,경상
2018070700100084,2018년 7월 7일 04시,토요일,충청남도 당진시 송악읍,중상사고,0,1,0,0,차대차 - 추돌,안전운전불이행,건조,맑음,단일로 - 기타,화물,여,59세,상해없음,화물,남,37세,기타불명
2018070700100095,2018년 7월 7일 05시,토요일,충청남도 아산시 방축동,경상사고,0,0,2,0,차대차 - 기타,신호위반,건조,맑음,교차로 - 교차로안,이륜,남,56세,상해없음,승용,남,41세,경상
2018070700100096,2018년 7월 7일 05시,토요일,충청남도 서천군 판교면,중상사고,0,1,0,0,차량단독 - 공작물충돌,안전운전불이행,건조,맑음,교차로 - 교차로안,승용,남,20세,중상,,,,
2018070700100119,2018년 7월 7일 07시,토요일,충청남도 천안시 동남구 목천읍,경상사고,0,0,1,0,차대차 - 추돌,안전운전불이행,건조,흐림,단일로 - 기타,화물,남,45세,상해없음,승합,남,54세,경상
2018070700100138,2018년 7월 7일 08시,토요일,충청남도 천안시 서북구 입장면,경상사고,0,0,1,0,차대차 - 측면충돌,교차로운행방법위반,건조,맑음,교차로 - 교차로안,승용,남,29세,상해없음,승용,남,27세,경상
2018070700100139,2018년 7월 7일 08시,토요일,충청남도 부여군 홍산면,경상사고,0,0,3,0,차대차 - 측면충돌,교차로운행방법위반,건조,맑음,교차로 - 교차로안,화물,남,53세,상해없음,승용,남,28세,경상
2018070700100159,2018년 7월 7일 09시,토요일,충청남도 청양군 남양면,중상사고,0,1,0,0,차대차 - 측면충돌,직진우회전진행방해,건조,맑음,교차로 - 교차로안,건설기계,남,57세,상해없음,이륜,남,30세,중상
2018070700100262,2018년 7월 7일 12시,토요일,충청남도 당진시 합덕읍,경상사고,0,0,1,0,차대차 - 후진중충돌,안전운전불이행,젖음/습기,흐림,교차로 - 교차로안,화물,남,67세,상해없음,승용,남,75세,경상
2018070700100298,2018년 7월 7일 13시,토요일,충청남도 천안시 서북구 성환읍,부상신고사고,0,0,0,1,차대차 - 기타,직진우회전진행방해,건조,맑음,교차로 - 교차로안,승용,남,30세,상해없음,이륜,남,50세,부상신고
2018070700100376,2018년 7월 7일 15시,토요일,충청남도 천안시 서북구 불당동,경상사고,0,0,1,0,차대사람 - 기타,안전운전불이행,건조,맑음,교차로 - 교차로안,승용,여,38세,상해없음,보행자,남,17세,경상
2018070700100440,2018년 7월 7일 17시,토요일,충청남도 공주시 신관동,경상사고,0,0,5,0,차대차 - 추돌,안전운전불이행,건조,맑음,교차로 - 교차로안,승용,남,63세,상해없음,승용,남,34세,경상
2018070700100479,2018년 7월 7일 18시,토요일,충청남도 천안시 서북구 불당동,경상사고,0,0,1,0,차대차 - 측면충돌,중앙선침범,건조,맑음,교차로 - 교차로부근,이륜,남,58세,상해없음,승용,남,47세,경상
2018070700100480,2018년 7월 7일 18시,토요일,충청남도 천안시 서북구 성정동,경상사고,0,0,1,0,차대차 - 측면충돌,불법유턴,건조,맑음,단일로 - 기타,자전거,남,65세,경상,승용,남,70세,상해없음
2018070700100481,2018년 7월 7일 18시,토요일,충청남도 공주시 우성면,경상사고,0,0,1,0,차대차 - 기타,안전운전불이행,건조,맑음,단일로 - 기타,승용,남,26세,상해없음,화물,남,39세,경상
2018070700100532,2018년 7월 7일 19시,토요일,충청남도 천안시 서북구 성정동,경상사고,0,0,1,0,차대사람 - 횡단중,보행자보호의무위반,건조,맑음,교차로 - 교차로횡단보도내,승용,남,26세,상해없음,보행자,남,72세,경상
2018070700100557,2018년 7월 7일 20시,토요일,충청남도 아산시 온천동,중상사고,0,1,0,0,차대사람 - 기타,안전운전불이행,건조,맑음,단일로 - 기타,자전거,남,16세,상해없음,보행자,여,86세,중상
2018070700100558,2018년 7월 7일 20시,토요일,충청남도 천안시 동남구 병천면,경상사고,0,0,7,0,차대차 - 측면충돌,중앙선침범,건조,맑음,단일로 - 기타,승용,여,58세,상해없음,승합,남,66세,경상
2018070700100613,2018년 7월 7일 22시,토요일,충청남도 천안시 동남구 봉명동,경상사고,0,0,2,0,차대차 - 기타,안전거리미확보,건조,맑음,교차로 - 교차로안,승용,여,32세,상해없음,승용,남,48세,경상
2018070700100637,2018년 7월 7일 23시,토요일,충청남도 아산시 염치읍,중상사고,0,1,2,0,차대차 - 기타,안전운전불이행,건조,기타,단일로 - 기타,승용,여,40세,상해없음,승용,여,47세,중상
2018070700100638,2018년 7월 7일 23시,토요일,충청남도 천안시 동남구 병천면,중상사고,0,1,0,0,차대차 - 기타,불법유턴,건조,맑음,단일로 - 기타,승용,남,46세,기타불명,이륜,남,59세,중상