사고번호,사고일시,요일,시군구,사고내용,사망자수,중상자수,경상자수,부상신고자수,사고유형,법규위반,노면상태,기상상태,도로형태,가해운전자 차종,가해운전자 성별,가해운전자 연령,가해운전자 상해정도,피해운전자 차종,피해운전자 성별,피해운전자 연령,피해운전자 상해정도
2018070800100007,2018년 7월 8일 00시,일요일,충청남도 천안시 서북구 성정동,경상사고,0,0,1,0,차대사람 - 횡단중,안전운전불이행,건조,맑음,단일로 - 기타,승용,남,20세,상해없음,보행자,여,24세,경상
2018070800100008,2018년 7월 8일 00시,일요일,충청남도 아산시 용화동,중상사고,0,1,0,0,차대차 - 측면충돌,중앙선침범,건조,맑음,단일로 - 기타,승합,남,34세,상해없음,이륜,남,17세,중상
2018070800100009,2018년 7월 8일 00시,일요일,충청남도 부여군 부여읍,경상사고,0,0,1,0,차대차 - 정면충돌,안전거리미확보,건조,맑음,단일로 - 기타,승용,남,61세,상해없음,승용,여,44세,상해없음
2018070800100010,2018년 7월 8일 00시,일요일,충청남도 태안군 태안읍,중상사고,0,3,2,0,차대차 - 측면충돌,기타,건조,맑음,교차로 - 교차로안,승용,남,60세,경상,승용,남,54세,중상
2018070800100025,2018년 7월 8일 01시,일요일,충청남도 천안시 서북구 성정동,경상사고,0,0,1,0,차대차 - 추돌,신호위반,건조,맑음,교차로 - 교차로안,승용,남,30세,상해없음,승용,남,65세,경상
2018070800100026,2018년 7월 8일 01시,일요일,충청남도 천안시 서북구 두정동,경상사고,0,0,2,0,차대사람 - 차도통행중,안전운전불이행,건조,맑음,교차로 - 교차로안,승용,남,33세,상해없음,보행자,남,26세,경상
2018070800100027,2018년 7월 8일 01시,일요일,충청남도 천안시 서북구 백석동,경상사고,0,0,1,0,차대차 - 측면충돌,안전운전불이행,건조,맑음,교차로 - 교차로안,승용,남,26세,상해없음,승용,남,23세,경상
2018070800100038,2018년 7월 8일 03시,일요일,충청남도 아산시 염치읍,중상사고,0,2,1,0,차대차 - 추돌,안전운전불이행,건조,맑음,교차로 - 교차로안,승용,남,30세,상해없음,화물,남,57세,중상
2018070800100042,2018년 7월 8일 04시,일요일,충청남도 천안시 서북구 백석동,경상사고,0,0,1,0,차대차 - 측면충돌,교차로운행방법위반,건조,맑음,교차로 - 교차로안,승용,남,23세,상해없음,승용,남,51세,경상
2018070800100094,2018년 7월 8일 09시,일요일,충청남도 아산시 둔포면,중상사고,0,1,1,0,차대차 - 측면충돌,신호위반,건조,맑음,교차로 - 교차로안,화물,남,50세,상해없음,원동기,남,32세,경상
2018070800100125,2018년 7월 8일 11시,일요일,충청남도 태안군 남면,경상사고,0,0,1,0,차대차 - 측면충돌,불법유턴,건조,맑음,단일로 - 기타,승용,남,24세,상해없음,승용,남,37세,경상
2018070800100147,2018년 7월 8일 12시,일요일,충청남도 서산시 대산읍,경상사고,0,0,1,0,차대차 - 기타,기타,건조,맑음,교차로 - 교차로안,이륜,남,40세,경상,승용,남,50세,기타불명
2018070800100148,2018년 7월 8일 12시,일요일,충청남도 보령시 궁촌동,중상사고,0,1,0,0,차대차 - 추돌,안전거리미확보,건조,맑음,단일로 - 기타,승용,남,43세,상해없음,승용,여,59세,중상
2018070800100149,2018년 7월 8일 12시,일요일,충청남도 예산군 삽교읍,중상사고,0,2,0,0,차대차 - 기타,직진우회전진행방해,건조,맑음,교차로 - 교차로안,화물,남,49세,상해없음,승용,남,52세,중상
2018070800100176,2018년 7월 8일 13시,일요일,충청남도 천안시 서북구 두정동,경상사고,0,0,1,0,차대사람 - 기타,안전운전불이행,건조,맑음,교차로 - 교차로부근,승용,여,45세,상해없음,보행자,여,27세,경상
2018070800100177,2018년 7월 8일 13시,일요일,충청남도 천안시 동남구 원성동,경상사고,0,0,1,0,차대차 - 추돌,안전운전불이행,건조,맑음,단일로 - 기타,승용,남,51세,상해없음,승용,여,57세,경상
2018070800100203,2018년 7월 8일 14시,일요일,충청남도 천안시 서북구 두정동,경상사고,0,0,1,0,차대차 - 측면충돌,안전운전불이행,건조,맑음,교차로 - 교차로부근,승용,남,55세,상해없음,승용,남,38세,경상
2018070800100204,2018년 7월 8일 14시,일요일,충청남도 아산시 둔포면,경상사고,0,0,2,0,차대차 - 측면충돌,신호위반,건조,맑음,교차로 - 교차로안,승용,여,55세,경상,승용,여,29세,경상
2018070800100205,2018년 7월 8일 14시,일요일,충청남도 금산군 군북면,경상사고,0,0,2,0,차대차 - 측면충돌,교차로운행방법위반,건조,맑음,교차로 - 교차로안,화물,여,53세,상해없음,승용,남,36세,경상
2018070800100206,2018년 7월 8일 14시,일요일,충청남도 금산군 복수면,사망사고,1,2,0,0,차량단독 - 공작물충돌,안전운전불이행,건조,맑음,단일로 - 기타,승용,남,44세,중상,,,,
2018070800100235,2018년 7월 8일 15시,일요일,충청남도 천안시 서북구 직산읍,중상사고,0,1,3,0,차대차 - 추돌,안전운전불이행,건조,맑음,단일로 - 기타,승용,여,25세,상해없음,승용,남,31세,중상
2018070800100236,2018년 7월 8일 15시,일요일,충청남도 아산시 송악면,경상사고,0,0,1,0,차대차 - 추돌,안전운전불이행,건조,맑음,기타 - 기타,승용,여,34세,상해없음,자전거,남,74세,경상
2018070800100271,2018년 7월 8일 16시,일요일,충청남도 아산시 선장면,중상사고,0,1,0,0,차대차 - 정면충돌,과속,건조,맑음,단일로 - 기타,승용,남,72세,상해없음,자전거,남,27세,중상
2018070800100272,2018년 7월 8일 16시,일요일,충청남도 아산시 송악면,경상사고,0,0,3,0,차대차 - 추돌,안전운전불이행,건조,맑음,기타 - 기타,승용,남,25세,상해없음,승용,여,57세,경상
2018070800100274,2018년 7월 8일 16시,일요일,충청남도 당진시 석문면,중상사고,0,3,2,0,차대차 - 정면충돌,중앙선침범,건조,맑음,단일로 - 기타,승용,남,59세,상해없음,승용,남,26세,중상
2018070800100275,2018년 7월 8일 16시,일요일,충청남도 천안시 동남구 광덕면,경상사고,0,0,2,0,차대차 - 측면충돌,안전운전불이행,건조,맑음,단일로 - 기타,화물,남,54세,상해없음,승용,남,28세,경상
2018070800100307,2018년 7월 8일 17시,일요일,충청남도 천안시 서북구 성정동,경상사고,0,0,1,0,차대차 - 측면충돌,교차로운행방법위반,건조,맑음,교차로 - 교차로안,승용,남,32세,상해없음,승용,남,49세,경상
2018070800100336,2018년 7월 8일 18시,일요일,충청남도 천안시 동남구 신방동,경상사고,0,0,4,0,차대차 - 측면충돌,안전운전불이행,건조,맑음,교차로 - 교차로안,화물,여,44세,경상,승용,여,34세,경상
2018070800100397,2018년 7월 8일 20시,일요일,충청남도 아산시 배방읍,경상사고,0,0,1,0,차대차 - 측면충돌,안전운전불이행,건조,맑음,교차로 - 교차로안,승용,여,63세,상해없음,이륜,남,22세,경상
2018070800100398,2018년 7월 8일 20시,일요일,충청남도 당진시 읍내리,중상사고,0,1,0,0,차대사람 - 횡단중,안전운전불이행,건조,맑음,단일로 - 기타,승용,남,63세,상해없음,보행자,여,50세,중상
2018070800100433,2018년 7월 8일 22시,일요일,충청남도 아산시 권곡동,경상사고,0,0,3,0,차대차 - 추돌,안전운전불이행,건조,맑음,교차로 - 교차로안,승용,남,42세,상해없음,승용,남,46세,경상
2018070900100021,2018년 7월 9일 01시,월요일,충청남도 당진시 송악읍,중상사고,0,1,0,0,차대차 - 측면충돌,교차로운행방법위반,건조,맑음,교차로 - 교차로안,승용,남,37세,상해없음,승용,남,48세,상해없음
2018070900100061,2018년 7월 9일 07시,월요일,충청남도 논산시 연산면,경상사고,0,0,1,0,차대차 - 측면충돌,안전운전불이행,젖음/습기,비,교차로 - 교차로안,이륜,여,75세,경상,화물,남,58세,상해없음
2018070900100093,2018년 7월 9일 08시,월요일,충청남도 서천군 서천읍,경상사고,0,0,2,0,차대차 - 측면충돌,직진우회전진행방해,건조,맑음,교차로 - 교차로안,승용,남,71세,상해없음,승용,여,25세,경상
2018070900100136,2018년 7월 9일 10시,월요일,충청남도 서산시 고북면,경상사고,0,0,1,0,차대차 - 측면충돌,안전거리미확보,젖음/습기,비,단일로 - 기타,화물,남,60세,상해없음,승용,여,60세,경상
2018070900100247,2018년 7월 9일 14시,월요일,충청남도 당진시 읍내리,중상사고,0,1,0,0,차대사람 - 횡단중,보행자보호의무위반,젖음/습기,비,교차로 - 교차로안,화물,남,38세,상해없음,보행자,여,83세,중상
2018070900100339,2018년 7월 9일 17시,월요일,충청남도 당진시 채운동,경상사고,0,0,1,0,차대차 - 추돌,안전운전불이행,건조,맑음,단일로 - 기타,승용,남,54세,기타불명,승용,여,47세,경상
2018070900100383,2018년 7월 9일 18시,월요일,충청남도 천안시 서북구 불당동,경상사고,0,0,1,0,차대차 - 측면충돌,안전운전불이행,건조,맑음,교차로 - 교차로안,승용,남,32세,상해없음,원동기,남,33세,경상
2018070900100384,2018년 7월 9일 18시,월요일,충청남도 당진시 신평면,경상사고,0,0,2,0,차대차 - 측면충돌,안전운전불이행,건조,맑음,교차로 - 교차로안,승용,남,45세,경상,승용,남,22세,경상
2018070900100453,2018년 7월 9일 20시,월요일,충청남도 논산시 내동,중상사고,0,1,0,0,차대차 - 기타,중앙선침범,건조,맑음,단일로 - 기타,승용,남,69세,상해없음,승용,여,23세,중상
2018070900100454,2018년 7월 9일 20시,월요일,충청남도 당진시 시곡리,경상사고,0,0,3,0,차대차 - 추돌,안전운전불이행,젖음/습기,비,단일로 - 기타,화물,남,39세,기타불명,승용,남,42세,경상
2018070900100482,2018년 7월 9일 21시,월요일,충청남도 예산군 신암면,중상사고,0,1,0,0,차량단독 - 공작물충돌,안전운전불이행,건조,맑음,교차로 - 교차로안,승용,남,62세,중상,,,,
2018071000100052,2018년 7월 10일 04시,화요일,충청남도 예산군 예산읍,중상사고,0,2,0,0,차대차 - 추돌,안전운전불이행,건조,맑음,단일로 - 기타,승용,남,61세,상해없음,농기계,남,77세,중상
2018071000100074,2018년 7월 10일 06시,화요일,충청남도 천안시 서북구 두정동,중상사고,0,1,0,0,차대차 - 기타,안전운전불이행,건조,맑음,단일로 - 기타,승용,남,38세,상해없음,승합,남,42세,상해없음
2018071000100075,2018년 7월 10일 06시,화요일,충청남도 논산시 등화동,중상사고,0,1,0,0,차대차 - 추돌,안전운전불이행,건조,맑음,단일로 - 기타,화물,남,58세,상해없음,농기계,남,70세,중상
2018071000100090,2018년 7월 10일 07시,화요일,충청남도 천안시 서북구 백석동,부상신고사고,0,0,0,1,차대차 - 측면충돌,안전운전불이행,건조,맑음,교차로 - 교차로부근,승용,남,54세,상해없음,자전거,남,71세,부상신고
2018071000100091,2018년 7월 10일 07시,화요일,충청남도 계룡시 엄사면,경상사고,0,0,1,0,차대차 - 측면충돌,신호위반,건조,맑음,교차로 - 교차로안,승용,여,50세,상해없음,승용,남,40세,경상
2018071000100146,2018년 7월 10일 09시,화요일,충청남도 부여군 구룡면,경상사고,0,0,1,0,차대차 - 측면충돌,중앙선침범,건조,맑음,단일로 - 기타,승용,남,76세,상해없음,화물,남,71세,경상
2018071000100167,2018년 7월 10일 10시,화요일,충청남도 홍성군 구항면,사망사고,1,0,3,0,차대차 - 측면충돌,중앙선침범,건조,맑음,교차로 - 교차로부근,농기계,남,76세,사망,승용,여,25세,경상
2018071000100205,2018년 7월 10일 11시,화요일,충청남도 금산군 제원면,중상사고,0,1,0,0,차대차 - 정면충돌,중앙선침범,건조,맑음,단일로 - 기타,이륜,남,75세,중상,승용,남,73세,상해없음
2018071000100221,2018년 7월 10일 12시,화요일,충청남도 예산군 예산읍,경상사고,0,0,1,0,차대차 - 측면충돌,안전거리미확보,건조,맑음,단일로 - 고가도로위,화물,남,76세,상해없음,승용,남,27세,경상
2018071000100222,2018년 7월 10일 12시,화요일,충청남도 천안시 동남구 청당동,경상사고,0,0,2,0,차대차 - 기타,안전운전불이행,건조,맑음,단일로 - 기타,승용,남,59세,상해없음,승용,남,35세,경상
2018071000100253,2018년 7월 10일 13시,화요일,충청남도 천안시 동남구 병천면,중상사고,0,2,0,0,차대차 - 측면충돌,중앙선침범,건조,맑음,단일로 - 기타,승용,남,53세,중상,화물,남,39세,중상
2018071000100286,2018년 7월 10일 14시,화요일,충청남도 논산시 상월면,중상사고,0,2,1,0,차대차 - 기타,중앙선침범,건조,맑음,단일로 - 기타,화물,남,63세,상해없음,승용,남,41세,중상
2018071000100322,2018년 7월 10일 15시,화요일,충청남도 서산시 석림동,중상사고,0,1,0,0,차대차 - 측면충돌,교차로운행방법위반,건조,맑음,교차로 - 교차로안,승용,여,34세,상해없음,이륜,남,70세,중상
2018071000100323,2018년 7월 10일 15시,화요일,충청남도 서천군 서면,경상사고,0,0,2,0,차대차 - 측면충돌,안전거리미확보,건조,맑음,단일로 - 기타,화물,남,44세,상해없음,승용,여,63세,상해없음
2018071000100324,2018년 7월 10일 15시,화요일,충청남도 천안시 동남구 원성동,중상사고,0,1,0,0,차대차 - 측면충돌,안전운전불이행,건조,맑음,교차로 - 교차로안,승용,여,55세,상해없음,이륜,남,36세,중상
2018071000100360,2018년 7월 10일 16시,화요일,충청남도 논산시 상월면,경상사고,0,0,1,0,차대차 - 기타,중앙선침범,건조,맑음,단일로 - 기타,농기계,남,80세,상해없음,승용,여,33세,경상
2018071000100397,2018년 7월 10일 17시,화요일,충청남도 논산시 내동,중상사고,0,1,0,0,차대차 - 측면충돌,교차로운행방법위반,건조,맑음,교차로 - 교차로안,승합,남,44세,상해없음,이륜,남,51세,중상
2018071000100433,2018년 7월 10일 18시,화요일,충청남도 서천군 기산면,경상사고,0,0,1,0,차대차 - 측면충돌,직진우회전진행방해,건조,맑음,교차로 - 교차로안,화물,남,73세,상해없음,승용,여,46세,경상
2018071000100528,2018년 7월 10일 21시,화요일,충청남도 공주시 금학동,경상사고,0,0,1,0,차대차 - 추돌,안전운전불이행,건조,맑음,교차로 - 교차로부근,승합,여,40세,상해없음,승용,여,49세,경상
2018071000100569,2018년 7월 10일 22시,화요일,충청남도 천안시 동남구 신부동,경상사고,0,0,1,0,차대차 - 기타,안전운전불이행,건조,맑음,단일로 - 기타,승용,남,45세,상해없음,승용,여,29세,경상
2018071100100007,2018년 7월 11일 00시,수요일,충청남도 천안시 서북구 불당동,경상사고,0,0,1,0,차대차 - 추돌,안전운전불이행,건조,맑음,교차로 - 교차로부근,승용,남,41세,상해없음,승용,여,50세,경상
2018071100100048,2018년 7월 11일 04시,수요일,충청남도 서산시 동문동,중상사고,0,1,0,0,차대사람 - 기타,안전운전불이행,건조,맑음,주차장 - 주차장,승용,여,48세,상해없음,보행자,여,65세,중상
2018071100100065,2018년 7월 11일 06시,수요일,충청남도 서산시 수석동,중상사고,0,1,1,1,차대차 - 추돌,신호위반,젖음/습기,비,교차로 - 교차로안,승용,여,59세,부상신고,승용,여,23세,중상
2018071100100083,2018년 7월 11일 07시,수요일,충청남도 아산시 염치읍,중상사고,0,1,0,0,차대차 - 추돌,안전운전불이행,건조,맑음,단일로 - 기타,승용,남,35세,중상,특수,남,61세,상해없음
2018071100100084,2018년 7월 11일 07시,수요일,충청남도 서천군 서천읍,경상사고,0,0,2,0,차대차 - 측면충돌,중앙선침범,건조,맑음,단일로 - 기타,승용,여,65세,상해없음,승용,남,46세,경상
2018071100100112,2018년 7월 11일 08시,수요일,충청남도 공주시 중학동,경상사고,0,0,1,0,차대차 - 측면충돌,안전운전불이행,건조,맑음,교차로 - 교차로안,승용,여,49세,상해없음,승용,여,29세,경상
2018071100100202,2018년 7월 11일 10시,수요일,충청남도 공주시 신관동,경상사고,0,0,1,0,차대차 - 추돌,안전운전불이행,건조,맑음,주차장 - 주차장,승용,남,32세,상해없음,화물,남,41세,경상
2018071100100222,2018년 7월 11일 11시,수요일,충청남도 논산시 강경읍,중상사고,0,1,0,0,차대차 - 정면충돌,중앙선침범,건조,맑음,단일로 - 기타,승용,여,35세,상해없음,화물,남,61세,중상
2018071100100223,2018년 7월 11일 11시,수요일,충청남도 천안시 동남구 풍세면,중상사고,0,2,0,0,차대차 - 기타,교차로운행방법위반,건조,맑음,교차로 - 교차로안,화물,남,59세,중상,승용,여,71세,중상
2018071100100274,2018년 7월 11일 13시,수요일,충청남도 아산시 모종동,경상사고,0,0,2,0,차대사람 - 기타,기타,건조,맑음,단일로 - 기타,화물,남,57세,상해없음,보행자,여,39세,경상
2018071100100275,2018년 7월 11일 13시,수요일,충청남도 서천군 마서면,중상사고,0,1,0,0,차대차 - 정면충돌,중앙선침범,건조,맑음,단일로 - 기타,원동기,남,17세,중상,승용,남,70세,상해없음
2018071100100315,2018년 7월 11일 14시,수요일,충청남도 서산시 해미면,중상사고,0,1,1,0,차대차 - 측면충돌,차로위반,건조,맑음,단일로 - 기타,승용,남,61세,상해없음,승용,남,58세,경상
2018071100100316,2018년 7월 11일 14시,수요일,충청남도 아산시 염치읍,사망사고,1,0,0,0,차대차 - 측면충돌,기타,젖음/습기,비,단일로 - 기타,화물,남,68세,상해없음,이륜,남,82세,사망
2018071100100317,2018년 7월 11일 14시,수요일,충청남도 금산군 복수면,중상사고,0,1,0,0,차대사람 - 기타,안전운전불이행,건조,맑음,단일로 - 기타,승합,남,43세,상해없음,보행자,여,77세,중상
2018071100100352,2018년 7월 11일 15시,수요일,충청남도 아산시 방축동,경상사고,0,0,1,0,차대차 - 측면충돌,신호위반,건조,맑음,교차로 - 교차로안,승용,남,40세,상해없음,승용,여,60세,경상
2018071100100353,2018년 7월 11일 15시,수요일,충청남도 아산시 신창면,중상사고,0,1,0,0,차대차 - 측면충돌,교차로운행방법위반,건조,맑음,교차로 - 교차로안,승용,남,68세,상해없음,이륜,남,84세,중상
2018071100100459,2018년 7월 11일 18시,수요일,충청남도 서산시 인지면,중상사고,0,1,0,0,차대차 - 기타,안전거리미확보,건조,맑음,단일로 - 기타,건설기계,남,58세,상해없음,승용,여,50세,중상
2018071100100460,2018년 7월 11일 18시,수요일,충청남도 천안시 서북구 성정동,경상사고,0,0,1,1,차대차 - 측면충돌,교차로운행방법위반,건조,맑음,교차로 - 교차로안,화물,남,49세,부상신고,승용,남,60세,경상
2018071100100462,2018년 7월 11일 18시,수요일,충청남도 천안시 동남구 수신면,사망사고,1,1,0,0,차대차 - 측면충돌,안전운전불이행,건조,맑음,교차로 - 교차로부근,이륜,남,74세,사망,화물,여,62세,중상
2018071100100463,2018년 7월 11일 18시,수요일,충청남도 천안시 동남구 청당동,경상사고,0,0,1,0,차대차 - 측면충돌,신호위반,건조,맑음,교차로 - 교차로안,특수,남,31세,상해없음,승용,남,38세,경상
2018071100100503,2018년 7월 11일 19시,수요일,충청남도 천안시 서북구 불당동,부상신고사고,0,0,0,1,차량단독 - 전도전복 - 전도,안전운전불이행,젖음/습기,맑음,단일로 - 기타,이륜,남,17세,부상신고,미분류,미분류,미분류,미분류
2018071100100504,2018년 7월 11일 19시,수요일,충청남도 논산시 가야곡면,경상사고,0,0,2,0,차대차 - 측면충돌,직진우회전진행방해,건조,맑음,교차로 - 교차로안,농기계,남,63세,상해없음,승합,여,49세,경상
2018071100100505,2018년 7월 11일 19시,수요일,충청남도 아산시 배방읍,경상사고,0,0,1,0,차대차 - 측면충돌,교차로운행방법위반,건조,맑음,교차로 - 교차로안,승용,여,49세,상해없음,이륜,남,39세,경상
2018071100100543,2018년 7월 11일 20시,수요일,충청남도 천안시 서북구 쌍용동,경상사고,0,0,5,0,차대차 - 측면충돌,직진우회전진행방해,건조,맑음,교차로 - 교차로안,승용,여,51세,상해없음,승용,여,39세,경상
2018071100100544,2018년 7월 11일 20시,수요일,충청남도 천안시 동남구 목천읍,중상사고,0,1,0,0,차대차 - 추돌,안전운전불이행,건조,맑음,교차로 - 교차로안,이륜,남,64세,중상,승용,여,48세,상해없음
2018071100100574,2018년 7월 11일 21시,수요일,충청남도 서산시 예천동,경상사고,0,0,1,0,차대차 - 기타,차로위반,건조,맑음,교차로 - 교차로부근,승합,남,62세,상해없음,승용,남,55세,경상
2018071100100575,2018년 7월 11일 21시,수요일,충청남도 천안시 서북구 두정동,경상사고,0,0,1,0,차대사람 - 기타,안전운전불이행,건조,맑음,단일로 - 기타,승용,남,38세,상해없음,보행자,여,46세,경상
2018071100100576,2018년 7월 11일 21시,수요일,충청남도 천안시 서북구 쌍용동,경상사고,0,0,1,0,차대차 - 측면충돌,안전운전불이행,건조,맑음,교차로 - 교차로안,승용,남,50세,상해없음,승용,남,57세,경상
2018071100100595,2018년 7월 11일 22시,수요일,충청남도 천안시 서북구 직산읍,경상사고,0,0,2,0,차대차 - 정면충돌,중앙선침범,건조,맑음,단일로 - 기타,승용,남,30세,상해없음,승용,여,54세,경상
2018071100100596,2018년 7월 11일 22시,수요일,충청남도 천안시 서북구 쌍용동,경상사고,0,0,2,0,차대차 - 추돌,안전운전불이행,건조,맑음,단일로 - 기타,승용,남,51세,상해없음,승용,남,26세,경상
2018071200100017,2018년 7월 12일 00시,목요일,충청남도 천안시 서북구 성환읍,부상신고사고,0,0,0,1,차량단독 - 기타,안전운전불이행,건조,맑음,교차로 - 교차로부근,승용,남,29세,부상신고,,,,
2018071200100018,2018년 7월 12일 00시,목요일,충청남도 천안시 서북구 성정동,경상사고,0,0,2,0,차대차 - 추돌,안전운전불이행,건조,맑음,교차로 - 교차로부근,승용,남,29세,상해없음,승용,여,35세,경상
2018071200100019,2018년 7월 12일 00시,목요일,충청남도 천안시 서북구 백석동,중상사고,0,1,1,0,차대차 - 추돌,안전운전불이행,건조,맑음,교차로 - 교차로안,승용,남,45세,상해없음,승용,남,31세,중상
2018071200100048,2018년 7월 12일 03시,목요일,충청남도 천안시 서북구 성정동,경상사고,0,0,3,0,차대차 - 기타,안전운전불이행,건조,맑음,단일로 - 기타,승용,남,34세,상해없음,승용,남,30세,경상
2018071200100063,2018년 7월 12일 05시,목요일,충청남도 서산시 동문동,경상사고,0,0,2,0,차대차 - 기타,중앙선침범,건조,맑음,교차로 - 교차로부근,화물,남,60세,상해없음,승용,남,40세,경상
2018071200100073,2018년 7월 12일 06시,목요일,충청남도 서산시 인지면,중상사고,0,1,1,0,차대차 - 측면충돌,안전운전불이행,건조,맑음,단일로 - 기타,승용,남,23세,상해없음,화물,남,34세,중상
2018071200100088,2018년 7월 12일 07시,목요일,충청남도 예산군 신암면,중상사고,0,1,0,0,차대사람 - 횡단중,안전운전불이행,건조,맑음,교차로 - 교차로안,승용,남,63세,상해없음,보행자,여,62세,중상
2018071200100089,2018년 7월 12일 07시,목요일,충청남도 천안시 동남구 광덕면,경상사고,0,0,1,0,차대차 - 추돌,안전운전불이행,건조,맑음,교차로 - 교차로부근,승용,남,25세,상해없음,승용,남,50세,경상
2018071200100123,2018년 7월 12일 08시,목요일,충청남도 금산군 금산읍,경상사고,0,0,2,0,차대차 - 측면충돌,안전운전불이행,건조,흐림,교차로 - 교차로안,승용,남,58세,상해없음,이륜,남,77세,경상
2018071200100214,2018년 7월 12일 11시,목요일,충청남도 금산군 금산읍,중상사고,0,1,0,0,차대차 - 측면충돌,교차로운행방법위반,건조,맑음,교차로 - 교차로안,화물,남,59세,상해없음,이륜,남,77세,중상
2018071200100215,2018년 7월 12일 11시,목요일,충청남도 태안군 안면읍,중상사고,0,1,0,0,차대차 - 기타,기타,건조,맑음,단일로 - 기타,승용,여,49세,상해없음,승용,남,73세,중상
2018071200100274,2018년 7월 12일 13시,목요일,충청남도 서산시 동문동,경상사고,0,0,1,0,차대차 - 후진중충돌,안전운전불이행,건조,맑음,주차장 - 주차장,승용,여,51세,상해없음,승용,남,38세,상해없음
2018071200100311,2018년 7월 12일 14시,목요일,충청남도 계룡시 엄사면,경상사고,0,0,1,0,차대사람 - 횡단중,안전운전불이행,건조,맑음,교차로 - 교차로부근,승용,여,34세,상해없음,보행자,여,67세,경상
2018071200100383,2018년 7월 12일 16시,목요일,충청남도 천안시 서북구 백석동,중상사고,0,1,0,0,차대차 - 추돌,안전운전불이행,건조,맑음,교차로 - 교차로부근,승용,남,50세,기타불명,승용,남,38세,중상
2018071200100413,2018년 7월 12일 17시,목요일,충청남도 천안시 서북구 쌍용동,부상신고사고,0,0,0,1,차대차 - 측면충돌,교차로운행방법위반,건조,맑음,교차로 - 교차로안,승합,남,49세,상해없음,승용,여,57세,부상신고
2018071200100414,2018년 7월 12일 17시,목요일,충청남도 논산시 연무읍,중상사고,0,1,0,0,차대차 - 측면충돌,안전운전불이행,건조,맑음,교차로 - 교차로안,승용,여,23세,상해없음,이륜,여,71세,중상
2018071200100415,2018년 7월 12일 17시,목요일,충청남도 홍성군 갈산면,경상사고,0,0,1,0,차대차 - 추돌,안전운전불이행,건조,맑음,교차로 - 교차로안,승용,남,62세,상해없음,승용,여,33세,경상
2018071200100460,2018년 7월 12일 18시,목요일,충청남도 금산군 금산읍,경상사고,0,0,1,0,차대차 - 측면충돌,신호위반,건조,맑음,교차로 - 교차로안,승용,남,22세,상해없음,이륜,여,29세,경상
2018071200100498,2018년 7월 12일 19시,목요일,충청남도 서산시 성연면,중상사고,0,1,2,0,차대차 - 측면충돌,신호위반,건조,맑음,교차로 - 교차로안,이륜,남,19세,중상,승용,남,30세,경상
2018071200100499,2018년 7월 12일 19시,목요일,충청남도 천안시 서북구 성성동,경상사고,0,0,1,0,차대차 - 추돌,안전운전불이행,건조,맑음,단일로 - 기타,승용,남,39세,상해없음,승용,남,63세,경상
2018071200100500,2018년 7월 12일 19시,목요일,충청남도 논산시 내동,경상사고,0,0,1,0,차대차 - 측면충돌,차로위반,건조,맑음,교차로 - 교차로횡단보도내,화물,남,56세,상해없음,승용,남,55세,경상
2018071200100557,2018년 7월 12일 21시,목요일,충청남도 천안시 서북구 성거읍,중상사고,0,1,2,0,차대차 - 기타,안전운전불이행,건조,맑음,교차로 - 교차로부근,승용,남,32세,기타불명,승용,여,24세,경상
2018071200100558,2018년 7월 12일 21시,목요일,충청남도 홍성군 홍성읍,경상사고,0,0,1,0,차대차 - 정면충돌,신호위반,건조,맑음,교차로 - 교차로안,승용,남,64세,상해없음,승용,여,42세,경상
2018071300100007,2018년 7월 13일 00시,금요일,충청남도 천안시 동남구 신방동,경상사고,0,0,1,0,차대차 - 측면충돌,안전운전불이행,건조,맑음,주차장 - 주차장,승용,남,34세,경상,승용,남,42세,기타불명
2018071300100064,2018년 7월 13일 06시,금요일,충청남도 부여군 구룡면,중상사고,0,1,0,0,차대차 - 추돌,안전운전불이행,건조,맑음,단일로 - 기타,화물,남,46세,상해없음,농기계,남,64세,중상
2018071300100083,2018년 7월 13일 07시,금요일,충청남도 서천군 서천읍,중상사고,0,1,0,0,차대사람 - 횡단중,보행자보호의무위반,건조,맑음,교차로 - 교차로횡단보도내,승용,남,72세,상해없음,보행자,여,71세,중상
2018071300100115,2018년 7월 13일 08시,금요일,충청남도 보령시 궁촌동,중상사고,0,1,0,0,차대차 - 측면충돌,안전운전불이행,건조,맑음,교차로 - 교차로부근,승용,남,79세,상해없음,원동기,여,23세,중상
2018071300100116,2018년 7월 13일 08시,금요일,충청남도 당진시 송산면,경상사고,0,0,1,0,차대차 - 측면충돌,안전운전불이행,건조,맑음,단일로 - 기타,화물,남,31세,상해없음,화물,남,62세,경상
2018071300100170,2018년 7월 13일 09시,금요일,충청남도 천안시 서북구 성환읍,경상사고,0,0,3,0,차대차 - 추돌,안전운전불이행,건조,맑음,교차로 - 교차로부근,승합,남,58세,상해없음,승용,여,69세,경상
2018071300100171,2018년 7월 13일 09시,금요일,충청남도 천안시 서북구 불당동,부상신고사고,0,0,0,1,차대차 - 측면충돌,안전운전불이행,건조,맑음,교차로 - 교차로부근,자전거,여,37세,부상신고,승용,여,47세,상해없음
2018071300100172,2018년 7월 13일 09시,금요일,충청남도 부여군 남면,경상사고,0,0,1,0,차대차 - 측면충돌,직진우회전진행방해,건조,맑음,교차로 - 교차로부근,이륜,남,86세,경상,승용,여,59세,상해없음