사고번호,사고일시,요일,시군구,사고내용,사망자수,중상자수,경상자수,부상신고자수,사고유형,법규위반,노면상태,기상상태,도로형태,가해운전자 차종,가해운전자 성별,가해운전자 연령,가해운전자 상해정도,피해운전자 차종,피해운전자 성별,피해운전자 연령,피해운전자 상해정도
2018071800100197,2018년 7월 18일 10시,수요일,충청남도 천안시 동남구 청당동,경상사고,0,0,3,0,차대차 - 측면충돌,안전운전불이행,건조,맑음,교차로 - 교차로부근,화물,남,45세,상해없음,승용,여,34세,경상
2018071800100224,2018년 7월 18일 11시,수요일,충청남도 보령시 대천동,중상사고,0,1,0,0,차대차 - 측면충돌,안전운전불이행,건조,맑음,기타 - 기타,화물,남,64세,상해없음,승용,여,49세,중상
2018071800100225,2018년 7월 18일 11시,수요일,충청남도 부여군 규암면,중상사고,0,1,0,0,차대차 - 측면충돌,안전운전불이행,건조,맑음,교차로 - 교차로안,화물,여,59세,상해없음,이륜,남,69세,중상
2018071800100249,2018년 7월 18일 12시,수요일,충청남도 공주시 신관동,경상사고,0,0,3,0,차대차 - 측면충돌,안전운전불이행,건조,맑음,단일로 - 기타,승용,여,49세,상해없음,승합,남,53세,경상
2018071800100250,2018년 7월 18일 12시,수요일,충청남도 당진시 석문면,중상사고,0,1,0,0,차대차 - 측면충돌,안전운전불이행,건조,맑음,단일로 - 기타,이륜,남,82세,중상,승용,남,65세,상해없음
2018071800100251,2018년 7월 18일 12시,수요일,충청남도 금산군 금성면,경상사고,0,0,1,0,차대차 - 추돌,안전운전불이행,건조,맑음,단일로 - 기타,승용,여,47세,경상,승용,남,34세,상해없음
2018071800100281,2018년 7월 18일 13시,수요일,충청남도 천안시 동남구 북면,경상사고,0,0,1,0,차대차 - 추돌,안전운전불이행,건조,맑음,교차로 - 교차로부근,승용,여,47세,상해없음,승용,여,29세,경상
2018071800100349,2018년 7월 18일 15시,수요일,충청남도 예산군 예산읍,경상사고,0,0,1,0,차대사람 - 기타,안전운전불이행,건조,맑음,단일로 - 기타,이륜,남,68세,상해없음,보행자,남,56세,경상
2018071800100386,2018년 7월 18일 16시,수요일,충청남도 아산시 영인면,경상사고,0,0,3,0,차대차 - 기타,안전운전불이행,건조,맑음,단일로 - 기타,화물,남,43세,기타불명,승용,남,32세,경상
2018071800100387,2018년 7월 18일 16시,수요일,충청남도 공주시 신관동,경상사고,0,0,3,0,차대사람 - 횡단중,보행자보호의무위반,건조,맑음,교차로 - 교차로안,승용,여,41세,상해없음,보행자,여,32세,경상
2018071800100388,2018년 7월 18일 16시,수요일,충청남도 천안시 동남구 다가동,경상사고,0,0,2,0,차대차 - 측면충돌,신호위반,건조,맑음,교차로 - 교차로안,승용,여,36세,경상,승용,여,37세,경상
2018071800100429,2018년 7월 18일 17시,수요일,충청남도 당진시 송악읍,경상사고,0,0,1,0,차대차 - 기타,안전운전불이행,건조,맑음,교차로 - 교차로안,승용,남,65세,상해없음,자전거,남,50세,경상
2018071800100430,2018년 7월 18일 17시,수요일,충청남도 청양군 청양읍,사망사고,1,0,0,0,차대차 - 측면충돌,과속,건조,맑음,기타 - 기타,화물,남,56세,상해없음,자전거,남,70세,사망
2018071800100480,2018년 7월 18일 18시,수요일,충청남도 계룡시 엄사면,경상사고,0,0,2,0,차대차 - 측면충돌,안전운전불이행,건조,맑음,교차로 - 교차로부근,승용,남,50세,상해없음,승용,여,33세,경상
2018071800100481,2018년 7월 18일 18시,수요일,충청남도 부여군 부여읍,중상사고,0,1,0,0,차대차 - 측면충돌,안전운전불이행,건조,맑음,교차로 - 교차로부근,승용,남,52세,상해없음,자전거,여,63세,중상
2018071800100558,2018년 7월 18일 20시,수요일,충청남도 서산시 성연면,중상사고,0,1,1,0,차대차 - 기타,신호위반,건조,맑음,교차로 - 교차로안,승용,여,69세,상해없음,승용,여,48세,경상
2018071800100559,2018년 7월 18일 20시,수요일,충청남도 천안시 동남구 목천읍,중상사고,0,1,0,0,차대차 - 기타,안전운전불이행,건조,맑음,단일로 - 기타,승용,남,34세,상해없음,자전거,남,35세,중상
2018071800100591,2018년 7월 18일 21시,수요일,충청남도 아산시 영인면,사망사고,1,0,0,0,차대차 - 추돌,안전운전불이행,건조,맑음,단일로 - 기타,화물,남,76세,사망,건설기계,남,47세,상해없음
2018071800100642,2018년 7월 18일 23시,수요일,충청남도 서천군 종천면,사망사고,1,3,1,0,차량단독 - 기타,안전운전불이행,건조,맑음,단일로 - 기타,승용,남,17세,경상,,,,
2018071900100008,2018년 7월 19일 00시,목요일,충청남도 서산시 동문동,중상사고,0,1,0,0,차대사람 - 횡단중,안전운전불이행,건조,맑음,교차로 - 교차로안,승용,여,60세,기타불명,보행자,남,67세,중상
2018071900100009,2018년 7월 19일 00시,목요일,충청남도 서산시 석림동,경상사고,0,0,1,0,차대차 - 측면충돌,안전운전불이행,건조,맑음,단일로 - 기타,화물,남,63세,상해없음,승용,남,30세,경상
2018071900100059,2018년 7월 19일 05시,목요일,충청남도 공주시 월송동,경상사고,0,0,1,0,차대사람 - 차도통행중,기타,건조,맑음,단일로 - 기타,화물,남,71세,기타불명,보행자,여,71세,경상
2018071900100074,2018년 7월 19일 06시,목요일,충청남도 예산군 예산읍,경상사고,0,0,3,0,차대차 - 추돌,안전운전불이행,건조,맑음,교차로 - 교차로부근,승용,남,35세,기타불명,화물,남,45세,경상
2018071900100090,2018년 7월 19일 07시,목요일,충청남도 공주시 금흥동,경상사고,0,0,1,0,차대차 - 측면충돌,안전운전불이행,건조,맑음,교차로 - 교차로안,승용,남,53세,상해없음,승용,남,46세,경상
2018071900100091,2018년 7월 19일 07시,목요일,충청남도 당진시 시곡리,경상사고,0,0,1,0,차대차 - 후진중충돌,안전운전불이행,건조,맑음,단일로 - 기타,승용,여,37세,상해없음,승합,남,48세,경상
2018071900100125,2018년 7월 19일 08시,목요일,충청남도 서산시 대산읍,중상사고,0,1,0,0,차대차 - 측면충돌,안전거리미확보,건조,맑음,단일로 - 기타,승용,남,56세,상해없음,화물,남,24세,중상
2018071900100126,2018년 7월 19일 08시,목요일,충청남도 보령시 주교면,중상사고,0,1,0,0,차대차 - 기타,안전운전불이행,건조,맑음,단일로 - 기타,승용,여,43세,상해없음,이륜,남,72세,중상
2018071900100127,2018년 7월 19일 08시,목요일,충청남도 당진시 시곡리,중상사고,0,1,1,0,차대차 - 측면충돌,안전운전불이행,건조,맑음,단일로 - 기타,승용,남,45세,상해없음,승용,남,30세,중상
2018071900100128,2018년 7월 19일 08시,목요일,충청남도 당진시 원당리,경상사고,0,0,2,0,차대차 - 추돌,안전운전불이행,건조,맑음,교차로 - 교차로안,승합,남,51세,상해없음,승용,남,61세,경상
2018071900100129,2018년 7월 19일 08시,목요일,충청남도 천안시 동남구 원성동,중상사고,0,2,0,1,차대차 - 측면충돌,중앙선침범,건조,맑음,단일로 - 기타,승용,남,24세,상해없음,승합,남,74세,부상신고
2018071900100225,2018년 7월 19일 10시,목요일,충청남도 논산시 관촉동,중상사고,0,1,0,0,차대차 - 측면충돌,안전운전불이행,건조,맑음,교차로 - 교차로안,이륜,남,58세,중상,화물,남,49세,상해없음
2018071900100259,2018년 7월 19일 11시,목요일,충청남도 공주시 중동,경상사고,0,0,1,0,차대차 - 측면충돌,교차로운행방법위반,건조,맑음,교차로 - 교차로안,승용,남,50세,상해없음,자전거,남,53세,경상
2018071900100288,2018년 7월 19일 12시,목요일,충청남도 서산시 수석동,경상사고,0,0,1,0,차대차 - 측면충돌,안전거리미확보,건조,맑음,단일로 - 기타,승용,여,39세,상해없음,이륜,남,82세,경상
2018071900100289,2018년 7월 19일 12시,목요일,충청남도 서산시 성연면,사망사고,1,0,0,0,차량단독 - 공작물충돌,안전운전불이행,건조,맑음,단일로 - 기타,화물,남,75세,사망,,,,
2018071900100290,2018년 7월 19일 12시,목요일,충청남도 천안시 서북구 성거읍,경상사고,0,0,1,0,차대차 - 측면충돌,신호위반,건조,맑음,교차로 - 교차로안,이륜,남,80세,경상,승용,남,36세,상해없음
2018071900100291,2018년 7월 19일 12시,목요일,충청남도 공주시 사곡면,중상사고,0,2,0,0,차대차 - 정면충돌,중앙선침범,건조,맑음,단일로 - 기타,화물,남,58세,중상,화물,남,28세,중상
2018071900100326,2018년 7월 19일 13시,목요일,충청남도 당진시 석문면,경상사고,0,0,2,0,차대차 - 추돌,안전운전불이행,건조,맑음,단일로 - 기타,화물,남,58세,경상,건설기계,남,69세,경상
2018071900100327,2018년 7월 19일 13시,목요일,충청남도 천안시 동남구 청당동,경상사고,0,0,2,0,차대차 - 기타,안전거리미확보,건조,맑음,교차로 - 교차로안,승용,여,51세,상해없음,승용,남,48세,경상
2018071900100328,2018년 7월 19일 13시,목요일,충청남도 공주시 유구읍,경상사고,0,0,2,0,차대차 - 측면충돌,안전운전불이행,건조,맑음,기타 - 기타,화물,남,68세,상해없음,승용,남,46세,경상
2018071900100362,2018년 7월 19일 14시,목요일,충청남도 논산시 연무읍,경상사고,0,0,2,0,차대차 - 추돌,안전운전불이행,건조,맑음,교차로 - 교차로부근,승용,남,23세,상해없음,승용,여,21세,경상
2018071900100389,2018년 7월 19일 15시,목요일,충청남도 아산시 배방읍,부상신고사고,0,0,0,2,차대차 - 추돌,안전운전불이행,건조,맑음,교차로 - 교차로부근,승용,남,69세,상해없음,승용,여,54세,부상신고
2018071900100390,2018년 7월 19일 15시,목요일,충청남도 서천군 장항읍,경상사고,0,0,3,0,차대차 - 측면충돌,직진우회전진행방해,건조,맑음,교차로 - 교차로안,승용,남,71세,경상,승용,남,69세,경상
2018071900100391,2018년 7월 19일 15시,목요일,충청남도 당진시 읍내리,중상사고,0,1,1,0,차대차 - 측면충돌,신호위반,건조,맑음,교차로 - 교차로안,승용,남,28세,경상,승용,여,52세,중상
2018071900100392,2018년 7월 19일 15시,목요일,충청남도 천안시 동남구 신부동,경상사고,0,0,3,0,차대차 - 측면충돌,안전운전불이행,건조,맑음,단일로 - 기타,승용,남,47세,상해없음,승용,남,43세,경상
2018071900100424,2018년 7월 19일 16시,목요일,충청남도 예산군 삽교읍,경상사고,0,0,1,0,차량단독 - 전도전복 - 전도,안전운전불이행,건조,맑음,교차로 - 교차로안,이륜,남,60세,경상,미분류,미분류,미분류,미분류
2018071900100481,2018년 7월 19일 17시,목요일,충청남도 서산시 대산읍,중상사고,0,1,0,0,차대사람 - 횡단중,안전운전불이행,건조,맑음,단일로 - 기타,화물,남,69세,상해없음,보행자,남,14세,중상
2018071900100482,2018년 7월 19일 17시,목요일,충청남도 천안시 서북구 성정동,경상사고,0,0,1,0,차대차 - 측면충돌,교차로운행방법위반,건조,맑음,교차로 - 교차로안,화물,남,48세,상해없음,승용,여,66세,경상
2018071900100483,2018년 7월 19일 17시,목요일,충청남도 천안시 서북구 백석동,경상사고,0,0,1,0,차대차 - 측면충돌,신호위반,건조,맑음,교차로 - 교차로안,승용,남,29세,상해없음,승용,여,58세,경상
2018071900100484,2018년 7월 19일 17시,목요일,충청남도 천안시 서북구 성성동,경상사고,0,0,1,0,차대차 - 측면충돌,안전거리미확보,건조,맑음,교차로 - 교차로부근,승용,여,27세,상해없음,화물,남,33세,경상
2018071900100485,2018년 7월 19일 17시,목요일,충청남도 천안시 서북구 두정동,경상사고,0,0,1,0,차대차 - 측면충돌,안전거리미확보,건조,맑음,교차로 - 교차로부근,승용,여,29세,상해없음,승용,남,60세,경상
2018071900100486,2018년 7월 19일 17시,목요일,충청남도 당진시 신평면,경상사고,0,0,1,0,차대사람 - 기타,안전운전불이행,건조,맑음,기타 - 기타,승용,남,37세,상해없음,보행자,남,8세,경상
2018071900100487,2018년 7월 19일 17시,목요일,충청남도 천안시 동남구 쌍용동,경상사고,0,0,1,0,차대차 - 측면충돌,안전운전불이행,건조,맑음,단일로 - 기타,승용,남,73세,상해없음,승용,남,55세,경상
2018071900100541,2018년 7월 19일 18시,목요일,충청남도 천안시 서북구 부대동,경상사고,0,0,1,0,차대차 - 추돌,안전운전불이행,건조,맑음,교차로 - 교차로부근,승용,남,54세,상해없음,승용,남,43세,경상
2018071900100542,2018년 7월 19일 18시,목요일,충청남도 홍성군 홍성읍,경상사고,0,0,1,0,차대사람 - 보도통행중,안전운전불이행,건조,맑음,단일로 - 기타,승용,남,61세,상해없음,보행자,남,35세,경상
2018071900100543,2018년 7월 19일 18시,목요일,충청남도 아산시 배방읍,경상사고,0,0,1,0,차대차 - 기타,중앙선침범,건조,맑음,단일로 - 기타,승용,여,51세,상해없음,이륜,남,24세,경상
2018071900100589,2018년 7월 19일 19시,목요일,충청남도 천안시 서북구 성정동,경상사고,0,0,1,0,차대차 - 추돌,안전거리미확보,건조,맑음,단일로 - 기타,승용,남,41세,상해없음,승용,남,20세,경상
2018071900100591,2018년 7월 19일 19시,목요일,충청남도 태안군 안면읍,경상사고,0,0,1,0,차대차 - 측면충돌,안전운전불이행,건조,맑음,기타 - 기타,농기계,남,72세,상해없음,승용,남,28세,경상
2018071900100620,2018년 7월 19일 20시,목요일,충청남도 논산시 취암동,경상사고,0,0,1,0,차대차 - 추돌,안전운전불이행,건조,맑음,교차로 - 교차로부근,이륜,남,27세,경상,승합,남,56세,상해없음
2018071900100621,2018년 7월 19일 20시,목요일,충청남도 논산시 내동,경상사고,0,0,1,0,차대차 - 추돌,안전운전불이행,건조,맑음,교차로 - 교차로부근,승용,남,24세,경상,화물,남,55세,기타불명
2018071900100654,2018년 7월 19일 21시,목요일,충청남도 서산시 지곡면,경상사고,0,0,1,0,차대차 - 측면충돌,안전거리미확보,건조,맑음,단일로 - 기타,승용,남,55세,상해없음,승용,남,29세,경상
2018071900100656,2018년 7월 19일 21시,목요일,충청남도 천안시 동남구 병천면,경상사고,0,0,1,0,차대차 - 기타,신호위반,건조,맑음,교차로 - 교차로안,화물,남,44세,상해없음,승용,남,36세,경상
2018071900100686,2018년 7월 19일 22시,목요일,충청남도 공주시 우성면,경상사고,0,0,1,0,차대차 - 기타,중앙선침범,건조,맑음,단일로 - 기타,기타불명,기타불명,미분류,기타불명,승용,여,28세,상해없음
2018071900100713,2018년 7월 19일 23시,목요일,충청남도 천안시 동남구 풍세면,경상사고,0,0,1,0,차량단독 - 공작물충돌,안전운전불이행,건조,맑음,단일로 - 기타,화물,남,24세,경상,,,,
2018072000100010,2018년 7월 20일 00시,금요일,충청남도 논산시 내동,중상사고,0,1,2,0,차대차 - 측면충돌,신호위반,건조,맑음,교차로 - 교차로안,승용,남,20세,경상,승용,남,26세,중상
2018072000100025,2018년 7월 20일 01시,금요일,충청남도 천안시 서북구 쌍용동,중상사고,0,1,0,0,차대사람 - 기타,안전운전불이행,건조,맑음,단일로 - 기타,승용,남,22세,상해없음,보행자,남,18세,중상
2018072000100133,2018년 7월 20일 08시,금요일,충청남도 당진시 석문면,중상사고,0,3,0,0,차대차 - 추돌,안전운전불이행,건조,맑음,단일로 - 기타,승용,남,58세,중상,승용,여,45세,중상
2018072000100181,2018년 7월 20일 09시,금요일,충청남도 천안시 서북구 백석동,중상사고,0,1,0,0,차대차 - 추돌,안전운전불이행,건조,맑음,단일로 - 기타,화물,남,55세,상해없음,승용,남,49세,중상
2018072000100182,2018년 7월 20일 09시,금요일,충청남도 당진시 정미면,경상사고,0,0,2,0,차대차 - 측면충돌,신호위반,건조,맑음,교차로 - 교차로안,화물,남,62세,상해없음,화물,남,27세,경상
2018072000100183,2018년 7월 20일 09시,금요일,충청남도 천안시 동남구 신방동,경상사고,0,0,3,0,차대차 - 기타,교차로운행방법위반,건조,맑음,교차로 - 교차로안,승용,여,35세,경상,승용,남,26세,경상
2018072000100289,2018년 7월 20일 12시,금요일,충청남도 천안시 서북구 쌍용동,사망사고,1,0,0,0,차대사람 - 횡단중,안전운전불이행,건조,맑음,교차로 - 교차로횡단보도내,승용,여,43세,상해없음,보행자,여,76세,사망
2018072000100290,2018년 7월 20일 12시,금요일,충청남도 보령시 대천동,중상사고,0,1,0,0,차대차 - 정면충돌,안전운전불이행,건조,맑음,교차로 - 교차로안,승용,남,63세,기타불명,승합,남,51세,중상
2018072000100363,2018년 7월 20일 14시,금요일,충청남도 아산시 권곡동,중상사고,0,2,0,0,차대차 - 기타,안전운전불이행,건조,맑음,단일로 - 기타,승합,남,54세,상해없음,승용,남,33세,중상
2018072000100364,2018년 7월 20일 14시,금요일,충청남도 천안시 서북구 성거읍,중상사고,0,3,2,0,차대차 - 추돌,안전운전불이행,건조,맑음,단일로 - 기타,승용,남,48세,중상,승용,남,31세,경상
2018072000100411,2018년 7월 20일 15시,금요일,충청남도 천안시 서북구 백석동,경상사고,0,0,2,0,차대차 - 추돌,안전운전불이행,건조,맑음,교차로 - 교차로부근,승용,여,28세,상해없음,승용,여,49세,경상
2018072000100412,2018년 7월 20일 15시,금요일,충청남도 홍성군 홍성읍,중상사고,0,1,0,0,차대사람 - 횡단중,보행자보호의무위반,건조,맑음,단일로 - 기타,이륜,남,20세,상해없음,보행자,남,8세,중상
2018072000100413,2018년 7월 20일 15시,금요일,충청남도 천안시 동남구 문화동,경상사고,0,0,1,0,차대차 - 기타,신호위반,건조,맑음,교차로 - 교차로안,승합,남,53세,상해없음,승합,남,54세,상해없음
2018072000100454,2018년 7월 20일 16시,금요일,충청남도 천안시 동남구 다가동,중상사고,0,3,4,0,차대차 - 기타,안전운전불이행,건조,맑음,교차로 - 교차로부근,승용,남,64세,중상,화물,남,49세,상해없음
2018072000100455,2018년 7월 20일 16시,금요일,충청남도 태안군 남면,중상사고,0,1,0,0,차대차 - 측면충돌,신호위반,건조,맑음,교차로 - 교차로안,화물,남,53세,상해없음,승용,여,37세,중상
2018072000100456,2018년 7월 20일 16시,금요일,충청남도 태안군 안면읍,경상사고,0,0,1,0,차대차 - 측면충돌,중앙선침범,건조,맑음,기타 - 기타,화물,남,64세,상해없음,화물,남,18세,경상
2018072000100509,2018년 7월 20일 17시,금요일,충청남도 아산시 음봉면,부상신고사고,0,0,0,1,차대차 - 측면충돌,안전운전불이행,건조,맑음,교차로 - 교차로안,농기계,남,80세,부상신고,승용,남,25세,상해없음
2018072000100510,2018년 7월 20일 17시,금요일,충청남도 예산군 예산읍,경상사고,0,0,1,0,차대사람 - 기타,안전운전불이행,건조,맑음,기타 - 기타,승용,남,45세,상해없음,보행자,여,52세,경상
2018072000100511,2018년 7월 20일 17시,금요일,충청남도 당진시 읍내리,중상사고,0,1,0,0,차대차 - 기타,기타,건조,맑음,단일로 - 기타,화물,남,59세,상해없음,이륜,남,38세,중상
2018072000100580,2018년 7월 20일 18시,금요일,충청남도 서산시 대산읍,중상사고,0,2,1,0,차대차 - 측면충돌,불법유턴,건조,맑음,단일로 - 기타,화물,남,64세,경상,승용,남,69세,중상
2018072000100582,2018년 7월 20일 18시,금요일,충청남도 예산군 예산읍,중상사고,0,1,0,0,차대차 - 기타,교차로운행방법위반,건조,맑음,교차로 - 교차로안,승용,남,57세,상해없음,이륜,남,63세,중상
2018072000100630,2018년 7월 20일 19시,금요일,충청남도 서산시 해미면,중상사고,0,1,0,0,차대사람 - 횡단중,보행자보호의무위반,건조,맑음,교차로 - 교차로횡단보도내,승용,남,46세,상해없음,보행자,남,26세,중상
2018072000100631,2018년 7월 20일 19시,금요일,충청남도 아산시 모종동,경상사고,0,0,1,0,차대차 - 측면충돌,안전운전불이행,건조,맑음,교차로 - 교차로안,승합,남,44세,상해없음,승용,남,51세,경상
2018072000100670,2018년 7월 20일 20시,금요일,충청남도 당진시 면천면,사망사고,1,0,0,0,차대사람 - 길가장자리구역통행중,안전운전불이행,건조,맑음,단일로 - 기타,승용,남,42세,상해없음,보행자,여,84세,사망
2018072000100722,2018년 7월 20일 21시,금요일,충청남도 금산군 금산읍,중상사고,0,1,3,0,차대차 - 기타,과속,건조,맑음,단일로 - 기타,화물,남,70세,상해없음,승용,여,59세,경상
2018072000100757,2018년 7월 20일 22시,금요일,충청남도 천안시 서북구 쌍용동,경상사고,0,0,1,0,차대차 - 측면충돌,신호위반,건조,맑음,교차로 - 교차로안,승용,여,44세,상해없음,승용,남,61세,경상
2018072000100786,2018년 7월 20일 23시,금요일,충청남도 천안시 서북구 성거읍,중상사고,0,2,0,0,차대차 - 기타,안전운전불이행,건조,맑음,단일로 - 기타,화물,남,60세,상해없음,승용,남,56세,중상
2018072100100012,2018년 7월 21일 00시,토요일,충청남도 논산시 화지동,중상사고,0,2,0,0,차대사람 - 기타,안전운전불이행,건조,맑음,교차로 - 교차로안,화물,남,57세,상해없음,보행자,여,70세,중상
2018072100100014,2018년 7월 21일 00시,토요일,충청남도 천안시 동남구 성남면,경상사고,0,0,2,0,차대차 - 측면충돌,신호위반,건조,맑음,교차로 - 교차로안,승용,남,37세,경상,승용,남,59세,경상
2018072100100015,2018년 7월 21일 00시,토요일,충청남도 태안군 안면읍,중상사고,0,1,0,0,차량단독 - 공작물충돌,안전거리미확보,건조,맑음,교차로 - 교차로부근,승용,남,31세,중상,,,,
2018072100100047,2018년 7월 21일 02시,토요일,충청남도 당진시 합덕읍,중상사고,0,1,1,0,차량단독 - 기타,안전운전불이행,건조,맑음,단일로 - 기타,승용,여,17세,상해없음,,,,
2018072100100291,2018년 7월 21일 13시,토요일,충청남도 천안시 서북구 성정동,중상사고,0,1,0,0,차대차 - 측면충돌,안전운전불이행,건조,맑음,단일로 - 기타,승용,여,55세,상해없음,이륜,남,50세,중상
2018072100100292,2018년 7월 21일 13시,토요일,충청남도 서천군 마서면,경상사고,0,0,5,0,차대차 - 측면충돌,직진우회전진행방해,건조,맑음,교차로 - 교차로안,승용,여,60세,경상,승용,남,52세,경상
2018072100100334,2018년 7월 21일 14시,토요일,충청남도 천안시 동남구 다가동,경상사고,0,0,1,0,차대차 - 측면충돌,불법유턴,건조,맑음,단일로 - 기타,이륜,남,70세,경상,승용,남,45세,상해없음
2018072100100369,2018년 7월 21일 15시,토요일,충청남도 천안시 서북구 쌍용동,경상사고,0,0,1,0,차대차 - 측면충돌,신호위반,건조,맑음,교차로 - 교차로안,승용,여,56세,상해없음,화물,남,32세,경상
2018072100100370,2018년 7월 21일 15시,토요일,충청남도 태안군 근흥면,경상사고,0,0,1,0,차대사람 - 기타,안전운전불이행,건조,맑음,기타 - 기타,승용,남,69세,상해없음,보행자,남,48세,경상
2018072100100397,2018년 7월 21일 16시,토요일,충청남도 천안시 동남구 원성동,경상사고,0,0,1,1,차대차 - 측면충돌,안전거리미확보,건조,맑음,단일로 - 기타,승용,여,43세,부상신고,승용,남,28세,경상
2018072100100398,2018년 7월 21일 16시,토요일,충청남도 천안시 동남구 신부동,중상사고,0,1,0,0,차대차 - 측면충돌,안전운전불이행,건조,맑음,단일로 - 기타,이륜,남,20세,중상,승용,남,23세,상해없음
2018072100100430,2018년 7월 21일 17시,토요일,충청남도 아산시 탕정면,경상사고,0,0,1,0,차대사람 - 횡단중,보행자보호의무위반,건조,맑음,교차로 - 교차로안,화물,남,61세,상해없음,보행자,여,60세,경상
2018072100100431,2018년 7월 21일 17시,토요일,충청남도 아산시 배방읍,경상사고,0,0,4,0,차대차 - 추돌,안전운전불이행,건조,맑음,단일로 - 기타,승용,남,23세,상해없음,승용,여,39세,경상
2018072100100432,2018년 7월 21일 17시,토요일,충청남도 당진시 송산면,경상사고,0,0,1,0,차대차 - 측면충돌,직진우회전진행방해,건조,맑음,교차로 - 교차로안,승용,남,25세,상해없음,화물,남,67세,상해없음
2018072100100433,2018년 7월 21일 17시,토요일,충청남도 천안시 동남구 목천읍,경상사고,0,0,1,0,차대차 - 추돌,안전운전불이행,건조,맑음,단일로 - 기타,승용,남,61세,상해없음,승용,남,29세,상해없음
2018072100100477,2018년 7월 21일 18시,토요일,충청남도 보령시 신흑동,경상사고,0,0,1,0,차대차 - 측면충돌,안전운전불이행,건조,맑음,교차로 - 교차로안,승용,남,22세,상해없음,자전거,남,12세,경상
2018072100100507,2018년 7월 21일 19시,토요일,충청남도 천안시 서북구 성거읍,부상신고사고,0,0,0,1,차량단독 - 도로외이탈 - 기타,안전운전불이행,건조,맑음,단일로 - 기타,자전거,남,44세,부상신고,,,,
2018072100100538,2018년 7월 21일 20시,토요일,충청남도 천안시 동남구 유량동,경상사고,0,0,1,0,차대차 - 기타,안전운전불이행,건조,맑음,단일로 - 기타,승용,여,57세,상해없음,승용,남,30세,경상
2018072100100569,2018년 7월 21일 21시,토요일,충청남도 아산시 둔포면,중상사고,0,1,2,0,차대차 - 정면충돌,안전운전불이행,건조,맑음,교차로 - 교차로안,승용,여,55세,경상,승용,남,31세,중상
2018072100100570,2018년 7월 21일 21시,토요일,충청남도 태안군 소원면,경상사고,0,0,1,2,차량단독 - 전도전복 - 전도,안전운전불이행,건조,맑음,교차로 - 교차로안,기타불명,남,55세,상해없음,미분류,미분류,미분류,미분류
2018072100100597,2018년 7월 21일 22시,토요일,충청남도 서산시 예천동,경상사고,0,0,3,0,차대차 - 추돌,안전운전불이행,건조,맑음,교차로 - 교차로부근,승용,남,24세,상해없음,승용,남,36세,경상
2018072200100038,2018년 7월 22일 02시,일요일,충청남도 천안시 서북구 두정동,경상사고,0,0,2,0,차대차 - 기타,신호위반,건조,맑음,교차로 - 교차로안,승용,남,47세,경상,승용,남,22세,상해없음
2018072200100052,2018년 7월 22일 04시,일요일,충청남도 공주시 신관동,경상사고,0,0,1,1,차대차 - 측면충돌,안전운전불이행,건조,맑음,교차로 - 교차로안,승용,남,27세,부상신고,승용,남,27세,경상
2018072200100120,2018년 7월 22일 09시,일요일,충청남도 부여군 구룡면,경상사고,0,0,1,0,차대차 - 측면충돌,안전운전불이행,건조,맑음,교차로 - 교차로안,승용,여,58세,상해없음,이륜,남,63세,경상
2018072200100134,2018년 7월 22일 10시,일요일,충청남도 공주시 웅진동,경상사고,0,0,1,0,차대차 - 측면충돌,안전운전불이행,건조,맑음,교차로 - 교차로안,승용,남,62세,상해없음,승용,남,51세,경상
2018072200100135,2018년 7월 22일 10시,일요일,충청남도 천안시 동남구 신방동,경상사고,0,0,1,0,차대차 - 추돌,안전운전불이행,건조,맑음,단일로 - 기타,승용,남,37세,상해없음,승용,여,23세,경상
2018072200100187,2018년 7월 22일 12시,일요일,충청남도 아산시 온천동,경상사고,0,0,1,0,차대차 - 추돌,안전운전불이행,건조,맑음,교차로 - 교차로안,화물,남,59세,상해없음,승용,여,46세,경상
2018072200100222,2018년 7월 22일 13시,일요일,충청남도 천안시 서북구 두정동,경상사고,0,0,1,0,차대차 - 추돌,안전거리미확보,건조,맑음,교차로 - 교차로안,승용,남,65세,상해없음,승용,남,48세,경상
2018072200100223,2018년 7월 22일 13시,일요일,충청남도 공주시 신관동,경상사고,0,0,1,0,차대차 - 측면충돌,안전운전불이행,건조,맑음,단일로 - 기타,승용,여,47세,상해없음,자전거,남,17세,경상
2018072200100248,2018년 7월 22일 14시,일요일,충청남도 계룡시 두마면,중상사고,0,1,0,0,차대차 - 기타,안전운전불이행,기타,맑음,단일로 - 기타,이륜,남,61세,중상,승용,남,34세,상해없음
2018072200100249,2018년 7월 22일 14시,일요일,충청남도 예산군 오가면,중상사고,0,1,1,0,차대차 - 추돌,안전거리미확보,건조,맑음,단일로 - 기타,승용,남,57세,상해없음,승용,남,54세,경상
2018072200100250,2018년 7월 22일 14시,일요일,충청남도 당진시 수청리,사망사고,1,5,0,0,차대차 - 정면충돌,중앙선침범,건조,맑음,단일로 - 기타,승용,남,70세,사망,승용,남,54세,중상
2018072200100251,2018년 7월 22일 14시,일요일,충청남도 천안시 동남구 신부동,경상사고,0,0,3,0,차대차 - 기타,안전운전불이행,건조,맑음,단일로 - 기타,승용,남,26세,기타불명,화물,남,25세,경상