사고번호,사고일시,요일,시군구,사고내용,사망자수,중상자수,경상자수,부상신고자수,사고유형,법규위반,노면상태,기상상태,도로형태,가해운전자 차종,가해운전자 성별,가해운전자 연령,가해운전자 상해정도,피해운전자 차종,피해운전자 성별,피해운전자 연령,피해운전자 상해정도
2018072800100115,2018년 7월 28일 07시,토요일,충청남도 천안시 서북구 성정동,경상사고,0,0,2,0,차대차 - 측면충돌,교차로운행방법위반,건조,맑음,교차로 - 교차로안,승용,남,23세,상해없음,승용,여,35세,경상
2018072800100130,2018년 7월 28일 08시,토요일,충청남도 공주시 교동,경상사고,0,0,1,0,차대차 - 측면충돌,안전운전불이행,건조,맑음,교차로 - 교차로안,이륜,남,36세,경상,승합,남,41세,상해없음
2018072800100155,2018년 7월 28일 09시,토요일,충청남도 천안시 서북구 쌍용동,중상사고,0,1,0,0,차대차 - 측면충돌,신호위반,건조,맑음,교차로 - 교차로안,승용,남,77세,상해없음,승용,남,78세,중상
2018072800100156,2018년 7월 28일 09시,토요일,충청남도 공주시 반포면,중상사고,0,1,0,0,차대사람 - 차도통행중,안전운전불이행,건조,맑음,기타 - 기타,화물,남,66세,상해없음,보행자,여,67세,중상
2018072800100223,2018년 7월 28일 11시,토요일,충청남도 서산시 부석면,중상사고,0,1,0,0,차량단독 - 기타,안전운전불이행,건조,맑음,단일로 - 기타,사륜오토바이(ATV),여,60세,중상,,,,
2018072800100225,2018년 7월 28일 11시,토요일,충청남도 보령시 웅천읍,중상사고,0,1,1,0,차대차 - 측면충돌,신호위반,건조,맑음,교차로 - 교차로안,승용,남,49세,상해없음,승용,남,47세,중상
2018072800100335,2018년 7월 28일 14시,토요일,충청남도 서산시 대산읍,중상사고,0,1,0,0,차대차 - 기타,안전거리미확보,건조,맑음,단일로 - 기타,이륜,남,56세,중상,승용,남,55세,상해없음
2018072800100416,2018년 7월 28일 17시,토요일,충청남도 천안시 서북구 성거읍,중상사고,0,2,0,0,차대차 - 기타,안전운전불이행,건조,맑음,교차로 - 교차로안,승합,남,37세,상해없음,화물,남,54세,중상
2018072800100417,2018년 7월 28일 17시,토요일,충청남도 논산시 가야곡면,경상사고,0,0,2,0,차대차 - 측면충돌,신호위반,건조,맑음,교차로 - 교차로안,승용,여,36세,상해없음,화물,남,55세,경상
2018072800100418,2018년 7월 28일 17시,토요일,충청남도 서천군 서면,경상사고,0,0,1,0,차대차 - 측면충돌,직진우회전진행방해,건조,맑음,교차로 - 교차로안,화물,남,50세,상해없음,승용,여,50세,경상
2018072800100419,2018년 7월 28일 17시,토요일,충청남도 당진시 석문면,중상사고,0,1,0,0,차대사람 - 횡단중,안전운전불이행,건조,맑음,기타 - 기타,승용,남,36세,상해없음,보행자,남,71세,중상
2018072800100456,2018년 7월 28일 18시,토요일,충청남도 예산군 고덕면,중상사고,0,1,0,0,차대차 - 측면충돌,교차로운행방법위반,건조,맑음,교차로 - 교차로안,승용,남,63세,상해없음,이륜,남,70세,중상
2018072800100457,2018년 7월 28일 18시,토요일,충청남도 청양군 정산면,중상사고,0,1,0,0,차량단독 - 도로외이탈 - 추락,안전운전불이행,건조,맑음,단일로 - 기타,사륜오토바이(ATV),여,59세,중상,,,,
2018072800100507,2018년 7월 28일 20시,토요일,충청남도 서산시 성연면,경상사고,0,0,1,0,차대차 - 측면충돌,안전운전불이행,건조,맑음,단일로 - 기타,승용,남,65세,상해없음,승용,남,36세,상해없음
2018072800100508,2018년 7월 28일 20시,토요일,충청남도 아산시 인주면,사망사고,1,0,0,0,차대차 - 추돌,안전운전불이행,건조,맑음,단일로 - 기타,이륜,남,31세,사망,승용,남,55세,상해없음
2018072800100509,2018년 7월 28일 20시,토요일,충청남도 당진시 읍내리,중상사고,0,1,0,0,차대차 - 측면충돌,교차로운행방법위반,건조,맑음,교차로 - 교차로안,승용,남,32세,상해없음,이륜,남,42세,중상
2018072800100569,2018년 7월 28일 22시,토요일,충청남도 보령시 명천동,중상사고,0,1,0,0,차대차 - 측면충돌,안전운전불이행,건조,맑음,교차로 - 교차로안,승용,남,45세,상해없음,승용,여,36세,중상
2018072800100592,2018년 7월 28일 23시,토요일,충청남도 천안시 서북구 쌍용동,경상사고,0,0,1,0,차대차 - 기타,불법유턴,건조,맑음,단일로 - 기타,승용,남,61세,상해없음,이륜,남,23세,경상
2018072900100007,2018년 7월 29일 00시,일요일,충청남도 아산시 배방읍,경상사고,0,0,1,0,차대차 - 추돌,안전운전불이행,건조,맑음,단일로 - 기타,화물,남,40세,상해없음,승용,여,25세,경상
2018072900100023,2018년 7월 29일 01시,일요일,충청남도 당진시 읍내리,경상사고,0,0,3,0,차대차 - 추돌,안전운전불이행,건조,맑음,교차로 - 교차로안,승용,남,31세,상해없음,승용,여,47세,경상
2018072900100058,2018년 7월 29일 04시,일요일,충청남도 아산시 용화동,중상사고,0,1,0,0,차대차 - 측면충돌,안전운전불이행,건조,맑음,교차로 - 교차로부근,승용,남,34세,상해없음,이륜,남,26세,중상
2018072900100115,2018년 7월 29일 09시,일요일,충청남도 보령시 동대동,중상사고,0,1,0,0,차대차 - 추돌,안전거리미확보,건조,맑음,교차로 - 교차로안,화물,남,55세,상해없음,승용,남,58세,중상
2018072900100138,2018년 7월 29일 10시,일요일,충청남도 금산군 진산면,경상사고,0,0,6,0,차대차 - 추돌,안전운전불이행,건조,맑음,단일로 - 기타,화물,남,61세,상해없음,승용,남,57세,경상
2018072900100214,2018년 7월 29일 13시,일요일,충청남도 예산군 예산읍,경상사고,0,0,1,0,차대사람 - 횡단중,안전운전불이행,건조,맑음,단일로 - 기타,화물,남,46세,상해없음,보행자,여,63세,경상
2018072900100269,2018년 7월 29일 15시,일요일,충청남도 당진시 석문면,중상사고,0,1,0,0,차대사람 - 기타,안전운전불이행,건조,맑음,단일로 - 기타,화물,남,63세,상해없음,보행자,남,4세,중상
2018072900100302,2018년 7월 29일 16시,일요일,충청남도 홍성군 구항면,사망사고,1,0,0,0,차량단독 - 전도전복 - 전복,안전운전불이행,건조,맑음,단일로 - 기타,농기계,남,45세,사망,미분류,미분류,미분류,미분류
2018072900100336,2018년 7월 29일 17시,일요일,충청남도 태안군 남면,중상사고,0,1,2,0,차대차 - 기타,신호위반,건조,맑음,교차로 - 교차로안,승용,여,54세,중상,승용,남,32세,경상
2018072900100373,2018년 7월 29일 18시,일요일,충청남도 금산군 남이면,중상사고,0,1,2,0,차대차 - 측면충돌,중앙선침범,건조,맑음,교차로 - 교차로부근,화물,남,59세,상해없음,승용,남,53세,중상
2018072900100400,2018년 7월 29일 19시,일요일,충청남도 서산시 석림동,경상사고,0,0,1,0,차대사람 - 기타,안전운전불이행,건조,맑음,교차로 - 교차로안,승용,남,23세,상해없음,보행자,남,57세,경상
2018072900100401,2018년 7월 29일 19시,일요일,충청남도 논산시 연무읍,중상사고,0,1,0,0,차대사람 - 기타,안전운전불이행,건조,맑음,교차로 - 교차로부근,승용,남,62세,상해없음,보행자,남,5세,중상
2018072900100429,2018년 7월 29일 20시,일요일,충청남도 천안시 서북구 성정동,중상사고,0,1,0,0,차대사람 - 횡단중,안전운전불이행,건조,맑음,단일로 - 기타,승용,남,39세,상해없음,보행자,여,83세,중상
2018072900100430,2018년 7월 29일 20시,일요일,충청남도 공주시 신관동,경상사고,0,0,1,0,차대사람 - 차도통행중,안전운전불이행,건조,맑음,기타 - 기타,승용,여,48세,상해없음,보행자,여,41세,경상
2018072900100497,2018년 7월 29일 23시,일요일,충청남도 천안시 서북구 성정동,경상사고,0,0,1,0,차대차 - 측면충돌,신호위반,건조,맑음,교차로 - 교차로안,승용,남,46세,상해없음,이륜,남,48세,경상
2018073000100016,2018년 7월 30일 01시,월요일,충청남도 보령시 신흑동,경상사고,0,0,1,0,차대차 - 측면충돌,불법유턴,건조,맑음,단일로 - 기타,승용,남,20세,상해없음,이륜,남,22세,경상
2018073000100058,2018년 7월 30일 06시,월요일,충청남도 태안군 원북면,경상사고,0,0,1,0,차량단독 - 기타,안전운전불이행,건조,맑음,단일로 - 기타,승용,여,63세,경상,,,,
2018073000100108,2018년 7월 30일 08시,월요일,충청남도 서산시 해미면,중상사고,0,2,1,0,차대차 - 추돌,안전운전불이행,건조,맑음,교차로 - 교차로부근,화물,남,63세,상해없음,승용,남,36세,중상
2018073000100109,2018년 7월 30일 08시,월요일,충청남도 천안시 서북구 백석동,경상사고,0,0,1,0,차대차 - 측면충돌,교차로운행방법위반,건조,맑음,교차로 - 교차로안,승용,남,27세,상해없음,승용,여,24세,경상
2018073000100111,2018년 7월 30일 08시,월요일,충청남도 천안시 동남구 목천읍,사망사고,1,0,0,0,차대차 - 측면충돌,안전운전불이행,건조,맑음,교차로 - 교차로안,건설기계,남,48세,상해없음,자전거,남,60세,사망
2018073000100154,2018년 7월 30일 09시,월요일,충청남도 서산시 지곡면,경상사고,0,0,2,0,차대차 - 추돌,안전운전불이행,건조,맑음,교차로 - 교차로부근,화물,남,63세,상해없음,승용,남,67세,경상
2018073000100219,2018년 7월 30일 11시,월요일,충청남도 천안시 서북구 두정동,중상사고,0,1,2,0,차대차 - 측면충돌,기타,건조,맑음,교차로 - 교차로안,승용,남,25세,경상,이륜,남,37세,중상
2018073000100273,2018년 7월 30일 12시,월요일,충청남도 태안군 남면,중상사고,0,1,0,0,차대사람 - 기타,안전운전불이행,건조,맑음,단일로 - 기타,승용,남,44세,상해없음,보행자,남,5세,중상
2018073000100307,2018년 7월 30일 13시,월요일,충청남도 당진시 대덕리,중상사고,0,1,1,0,차대차 - 측면충돌,직진우회전진행방해,건조,맑음,교차로 - 교차로안,승용,남,68세,상해없음,승용,여,52세,경상
2018073000100345,2018년 7월 30일 14시,월요일,충청남도 서산시 석림동,사망사고,1,0,0,0,차대차 - 측면충돌,안전운전불이행,건조,맑음,교차로 - 교차로부근,화물,남,54세,상해없음,자전거,여,67세,사망
2018073000100346,2018년 7월 30일 14시,월요일,충청남도 천안시 서북구 불당동,경상사고,0,0,2,0,차대차 - 측면충돌,안전운전불이행,건조,맑음,교차로 - 교차로안,승용,여,43세,상해없음,승용,여,51세,경상
2018073000100423,2018년 7월 30일 16시,월요일,충청남도 서산시 잠홍동,경상사고,0,0,3,0,차대차 - 측면충돌,신호위반,건조,맑음,교차로 - 교차로부근,승용,여,45세,경상,승용,남,27세,경상
2018073000100424,2018년 7월 30일 16시,월요일,충청남도 천안시 서북구 백석동,중상사고,0,1,0,0,차대사람 - 횡단중,안전운전불이행,건조,맑음,교차로 - 교차로부근,승용,남,36세,상해없음,보행자,여,74세,중상
2018073000100425,2018년 7월 30일 16시,월요일,충청남도 청양군 운곡면,중상사고,0,1,0,0,차대차 - 추돌,기타,건조,맑음,단일로 - 교량,승용,여,26세,상해없음,농기계,남,78세,중상
2018073000100426,2018년 7월 30일 16시,월요일,충청남도 천안시 동남구 신부동,경상사고,0,0,1,0,차대차 - 측면충돌,안전운전불이행,건조,맑음,단일로 - 기타,승용,남,57세,상해없음,이륜,남,24세,경상
2018073000100461,2018년 7월 30일 17시,월요일,충청남도 논산시 광석면,중상사고,0,1,0,0,차대차 - 측면충돌,직진우회전진행방해,건조,맑음,교차로 - 교차로안,이륜,남,59세,중상,승용,남,64세,상해없음
2018073000100462,2018년 7월 30일 17시,월요일,충청남도 부여군 부여읍,중상사고,0,1,0,0,차대사람 - 횡단중,보행자보호의무위반,건조,맑음,교차로 - 교차로횡단보도내,화물,남,67세,상해없음,보행자,여,31세,중상
2018073000100518,2018년 7월 30일 18시,월요일,충청남도 천안시 서북구 성정동,중상사고,0,1,0,0,차량단독 - 기타,안전운전불이행,건조,맑음,단일로 - 기타,승합,남,50세,상해없음,,,,
2018073000100519,2018년 7월 30일 18시,월요일,충청남도 당진시 송악읍,경상사고,0,0,1,0,차대차 - 측면충돌,직진우회전진행방해,건조,맑음,교차로 - 교차로안,승용,여,56세,상해없음,승용,남,44세,경상
2018073000100520,2018년 7월 30일 18시,월요일,충청남도 천안시 동남구 수신면,중상사고,0,1,0,0,차대차 - 측면충돌,안전운전불이행,건조,맑음,단일로 - 기타,화물,남,53세,상해없음,승용,남,62세,상해없음
2018073000100563,2018년 7월 30일 19시,월요일,충청남도 천안시 서북구 쌍용동,중상사고,0,1,0,0,차대사람 - 횡단중,안전운전불이행,건조,맑음,교차로 - 교차로안,승용,여,56세,상해없음,보행자,남,12세,중상
2018073000100564,2018년 7월 30일 19시,월요일,충청남도 천안시 서북구 성정동,경상사고,0,0,2,0,차대차 - 측면충돌,교차로운행방법위반,건조,맑음,교차로 - 교차로안,승용,남,62세,상해없음,승용,남,27세,경상
2018073000100590,2018년 7월 30일 20시,월요일,충청남도 당진시 순성면,경상사고,0,0,1,0,차대사람 - 기타,안전운전불이행,건조,맑음,주차장 - 주차장,승용,남,41세,상해없음,보행자,남,59세,경상
2018073100100042,2018년 7월 31일 04시,화요일,충청남도 천안시 서북구 성정동,경상사고,0,0,1,0,차대사람 - 차도통행중,안전운전불이행,건조,맑음,단일로 - 기타,기타불명,기타불명,미분류,기타불명,보행자,여,23세,경상
2018073100100064,2018년 7월 31일 06시,화요일,충청남도 천안시 서북구 차암동,경상사고,0,0,1,0,차대차 - 기타,안전운전불이행,건조,맑음,단일로 - 기타,승용,여,48세,상해없음,승용,여,49세,경상
2018073100100065,2018년 7월 31일 06시,화요일,충청남도 공주시 정안면,중상사고,0,1,0,0,차대차 - 측면충돌,중앙선침범,건조,맑음,교차로 - 교차로안,승용,남,38세,상해없음,승용,남,34세,중상
2018073100100083,2018년 7월 31일 07시,화요일,충청남도 예산군 예산읍,중상사고,0,1,0,0,차대차 - 추돌,안전운전불이행,건조,맑음,단일로 - 기타,승용,여,50세,기타불명,기타불명,여,85세,중상
2018073100100111,2018년 7월 31일 08시,화요일,충청남도 보령시 대천동,경상사고,0,0,1,0,차대차 - 정면충돌,안전운전불이행,건조,맑음,교차로 - 교차로안,이륜,남,36세,상해없음,승용,여,31세,경상
2018073100100147,2018년 7월 31일 09시,화요일,충청남도 천안시 서북구 백석동,중상사고,0,1,1,0,차대차 - 기타,신호위반,건조,맑음,교차로 - 교차로안,승용,여,60세,상해없음,승용,남,61세,경상
2018073100100148,2018년 7월 31일 09시,화요일,충청남도 서천군 장항읍,경상사고,0,0,1,0,차대차 - 측면충돌,직진우회전진행방해,건조,맑음,교차로 - 교차로안,승용,남,20세,상해없음,승용,남,34세,경상
2018073100100149,2018년 7월 31일 09시,화요일,충청남도 공주시 교동,경상사고,0,0,1,0,차대차 - 측면충돌,안전운전불이행,건조,맑음,단일로 - 기타,승용,여,62세,상해없음,이륜,남,75세,경상
2018073100100183,2018년 7월 31일 10시,화요일,충청남도 공주시 신풍면,중상사고,0,1,2,0,차대차 - 추돌,안전운전불이행,건조,맑음,단일로 - 기타,화물,남,43세,중상,화물,남,48세,경상
2018073100100185,2018년 7월 31일 10시,화요일,충청남도 청양군 화성면,경상사고,0,0,2,0,차대차 - 측면충돌,중앙선침범,건조,맑음,기타 - 기타,승용,여,63세,상해없음,승용,여,41세,경상
2018073100100186,2018년 7월 31일 10시,화요일,충청남도 천안시 동남구 신부동,중상사고,0,2,1,1,차대차 - 추돌,신호위반,건조,맑음,단일로 - 기타,승용,남,54세,중상,화물,남,41세,상해없음
2018073100100214,2018년 7월 31일 11시,화요일,충청남도 홍성군 홍북읍,경상사고,0,0,1,0,차대차 - 측면충돌,안전운전불이행,건조,맑음,단일로 - 기타,승용,여,58세,상해없음,승용,남,29세,경상
2018073100100248,2018년 7월 31일 12시,화요일,충청남도 예산군 예산읍,중상사고,0,1,0,0,차대차 - 측면충돌,안전운전불이행,건조,맑음,단일로 - 기타,승용,여,36세,상해없음,이륜,남,31세,중상
2018073100100283,2018년 7월 31일 13시,화요일,충청남도 천안시 서북구 두정동,경상사고,0,0,1,0,차대차 - 기타,안전운전불이행,건조,맑음,단일로 - 기타,이륜,남,28세,상해없음,승용,남,57세,경상
2018073100100320,2018년 7월 31일 14시,화요일,충청남도 천안시 동남구 성남면,경상사고,0,0,1,0,차대차 - 기타,안전운전불이행,건조,맑음,단일로 - 기타,승용,남,68세,상해없음,이륜,남,59세,경상
2018073100100357,2018년 7월 31일 15시,화요일,충청남도 공주시 석장리동,중상사고,0,1,1,2,차량단독 - 공작물충돌,안전운전불이행,건조,맑음,단일로 - 기타,승용,남,72세,경상,,,,
2018073100100387,2018년 7월 31일 16시,화요일,충청남도 홍성군 홍성읍,중상사고,0,1,1,0,차대차 - 추돌,안전운전불이행,건조,맑음,교차로 - 교차로안,화물,남,52세,상해없음,이륜,남,83세,중상
2018073100100388,2018년 7월 31일 16시,화요일,충청남도 예산군 예산읍,경상사고,0,0,2,0,차대차 - 측면충돌,신호위반,건조,맑음,교차로 - 교차로안,승용,남,54세,상해없음,승용,여,54세,경상
2018073100100389,2018년 7월 31일 16시,화요일,충청남도 태안군 안면읍,중상사고,0,1,1,1,차대차 - 측면충돌,직진우회전진행방해,건조,맑음,교차로 - 교차로안,화물,남,58세,부상신고,화물,남,57세,경상
2018073100100423,2018년 7월 31일 17시,화요일,충청남도 홍성군 홍북읍,사망사고,1,0,0,0,차량단독 - 전도전복 - 전도,안전운전불이행,건조,맑음,단일로 - 기타,이륜,남,61세,상해없음,미분류,미분류,미분류,미분류
2018073100100424,2018년 7월 31일 17시,화요일,충청남도 예산군 삽교읍,중상사고,0,1,0,0,차대차 - 기타,불법유턴,건조,맑음,단일로 - 기타,승용,남,77세,상해없음,이륜,남,80세,중상
2018073100100425,2018년 7월 31일 17시,화요일,충청남도 천안시 동남구 목천읍,경상사고,0,0,1,0,차대차 - 측면충돌,안전운전불이행,건조,맑음,단일로 - 기타,화물,남,66세,상해없음,승용,여,57세,경상
2018073100100578,2018년 7월 31일 21시,화요일,충청남도 천안시 동남구 청수동,경상사고,0,0,1,0,차대차 - 측면충돌,안전운전불이행,건조,맑음,단일로 - 기타,기타불명,남,24세,경상,승용,남,26세,상해없음
2018073100100625,2018년 7월 31일 23시,화요일,충청남도 천안시 서북구 불당동,경상사고,0,0,1,0,차대차 - 기타,중앙선침범,건조,맑음,교차로 - 교차로부근,승용,남,23세,상해없음,승용,남,58세,경상
2018073100100626,2018년 7월 31일 23시,화요일,충청남도 논산시 광석면,경상사고,0,0,1,0,차대차 - 추돌,안전운전불이행,건조,맑음,교차로 - 교차로부근,승용,남,28세,상해없음,화물,남,44세,경상
2018080100100026,2018년 8월 1일 01시,수요일,충청남도 천안시 동남구 동면,중상사고,0,1,0,0,차량단독 - 기타,안전운전불이행,건조,맑음,단일로 - 기타,승용,남,34세,중상,,,,
2018080100100043,2018년 8월 1일 02시,수요일,충청남도 논산시 취암동,경상사고,0,0,1,0,차대차 - 측면충돌,신호위반,건조,맑음,교차로 - 교차로안,이륜,남,28세,경상,기타불명,기타불명,미분류,기타불명
2018080100100044,2018년 8월 1일 02시,수요일,충청남도 금산군 복수면,경상사고,0,0,1,0,차량단독 - 공작물충돌,안전운전불이행,건조,맑음,단일로 - 터널,승용,남,66세,경상,,,,
2018080100100050,2018년 8월 1일 03시,수요일,충청남도 천안시 서북구 성정동,경상사고,0,0,1,0,차대차 - 측면충돌,신호위반,건조,맑음,교차로 - 교차로횡단보도내,승용,남,33세,상해없음,개인형이동수단(PM),남,31세,경상
2018080100100061,2018년 8월 1일 04시,수요일,충청남도 천안시 서북구 두정동,중상사고,0,1,0,0,차대차 - 측면충돌,안전운전불이행,건조,맑음,단일로 - 기타,승용,남,41세,상해없음,승용,남,60세,중상
2018080100100083,2018년 8월 1일 06시,수요일,충청남도 천안시 서북구 쌍용동,경상사고,0,0,1,0,차대차 - 측면충돌,직진우회전진행방해,건조,맑음,교차로 - 교차로안,승용,남,26세,상해없음,승용,남,47세,경상
2018080100100084,2018년 8월 1일 06시,수요일,충청남도 논산시 은진면,중상사고,0,1,0,2,차대차 - 측면충돌,교차로운행방법위반,건조,맑음,교차로 - 교차로안,화물,여,64세,부상신고,화물,남,49세,중상
2018080100100108,2018년 8월 1일 07시,수요일,충청남도 보령시 주산면,경상사고,0,0,4,0,차대차 - 후진중충돌,기타,건조,맑음,단일로 - 기타,승용,남,72세,상해없음,승용,남,59세,경상
2018080100100134,2018년 8월 1일 08시,수요일,충청남도 서산시 인지면,중상사고,0,1,0,0,차대사람 - 횡단중,안전운전불이행,건조,맑음,단일로 - 기타,화물,남,61세,상해없음,보행자,여,73세,중상
2018080100100305,2018년 8월 1일 13시,수요일,충청남도 논산시 성동면,경상사고,0,0,1,0,차량단독 - 공작물충돌,안전운전불이행,건조,맑음,교차로 - 교차로부근,화물,남,75세,경상,,,,
2018080100100306,2018년 8월 1일 13시,수요일,충청남도 공주시 유구읍,중상사고,0,1,0,0,차대차 - 기타,안전운전불이행,건조,맑음,단일로 - 기타,승용,남,60세,상해없음,이륜,여,52세,중상
2018080100100335,2018년 8월 1일 14시,수요일,충청남도 아산시 둔포면,경상사고,0,0,3,0,차대차 - 기타,안전운전불이행,건조,맑음,단일로 - 기타,승용,남,32세,상해없음,승용,여,27세,경상
2018080100100336,2018년 8월 1일 14시,수요일,충청남도 당진시 원당리,경상사고,0,0,1,0,차대사람 - 횡단중,보행자보호의무위반,건조,맑음,단일로 - 기타,이륜,남,34세,상해없음,보행자,남,30세,경상
2018080100100369,2018년 8월 1일 15시,수요일,충청남도 서산시 읍내동,경상사고,0,0,2,0,차대차 - 측면충돌,안전운전불이행,건조,맑음,교차로 - 교차로부근,승용,여,49세,경상,승용,여,59세,경상
2018080100100411,2018년 8월 1일 16시,수요일,충청남도 공주시 정안면,중상사고,0,1,0,0,차대차 - 정면충돌,중앙선침범,건조,맑음,단일로 - 기타,화물,남,33세,상해없음,승용,여,50세,중상
2018080100100456,2018년 8월 1일 17시,수요일,충청남도 당진시 채운동,경상사고,0,0,1,0,차대차 - 측면충돌,불법유턴,건조,맑음,단일로 - 기타,이륜,남,69세,경상,승용,남,65세,상해없음
2018080100100457,2018년 8월 1일 17시,수요일,충청남도 천안시 동남구 목천읍,경상사고,0,0,1,0,차대차 - 기타,교차로운행방법위반,건조,맑음,교차로 - 교차로안,승합,남,37세,상해없음,승용,여,51세,경상
2018080100100458,2018년 8월 1일 17시,수요일,충청남도 태안군 이원면,중상사고,0,2,0,0,차대차 - 측면충돌,교차로운행방법위반,건조,맑음,교차로 - 교차로안,승용,남,46세,상해없음,승용,여,45세,중상
2018080100100505,2018년 8월 1일 18시,수요일,충청남도 서산시 운산면,중상사고,0,1,0,0,차대차 - 추돌,안전운전불이행,건조,맑음,단일로 - 기타,승용,남,51세,상해없음,농기계,남,81세,중상
2018080100100506,2018년 8월 1일 18시,수요일,충청남도 서산시 성연면,경상사고,0,0,1,0,차대차 - 기타,안전운전불이행,건조,맑음,교차로 - 교차로안,이륜,남,18세,경상,승용,여,45세,기타불명
2018080100100507,2018년 8월 1일 18시,수요일,충청남도 천안시 서북구 불당동,경상사고,0,0,1,0,차대차 - 추돌,안전운전불이행,건조,맑음,단일로 - 기타,승용,여,47세,상해없음,이륜,남,38세,경상
2018080100100508,2018년 8월 1일 18시,수요일,충청남도 보령시 동대동,경상사고,0,0,1,0,차대차 - 측면충돌,불법유턴,건조,맑음,교차로 - 교차로안,승용,남,51세,상해없음,승용,남,30세,경상
2018080100100509,2018년 8월 1일 18시,수요일,충청남도 공주시 신관동,중상사고,0,1,0,0,차대차 - 측면충돌,안전운전불이행,건조,맑음,교차로 - 교차로안,승용,남,34세,상해없음,이륜,남,20세,중상
2018080100100568,2018년 8월 1일 20시,수요일,충청남도 서산시 온석동,중상사고,0,1,0,0,차대차 - 정면충돌,교차로운행방법위반,건조,맑음,교차로 - 교차로안,승용,남,30세,상해없음,이륜,남,35세,중상
2018080100100569,2018년 8월 1일 20시,수요일,충청남도 천안시 동남구 신방동,경상사고,0,0,1,0,차대차 - 추돌,안전운전불이행,건조,맑음,교차로 - 교차로부근,승용,남,32세,상해없음,승용,여,46세,경상
2018080100100605,2018년 8월 1일 21시,수요일,충청남도 천안시 서북구 두정동,중상사고,0,1,0,0,차대차 - 측면충돌,안전운전불이행,건조,맑음,단일로 - 기타,승용,남,27세,상해없음,이륜,남,49세,중상
2018080100100607,2018년 8월 1일 21시,수요일,충청남도 태안군 소원면,중상사고,0,4,2,0,차대차 - 기타,과속,건조,맑음,기타 - 기타,승용,남,34세,상해없음,사륜오토바이(ATV),남,38세,기타불명
2018080100100637,2018년 8월 1일 22시,수요일,충청남도 천안시 서북구 성거읍,경상사고,0,0,1,0,차대차 - 추돌,안전운전불이행,건조,맑음,교차로 - 교차로부근,승용,남,48세,상해없음,이륜,남,26세,경상
2018080100100638,2018년 8월 1일 22시,수요일,충청남도 아산시 배방읍,경상사고,0,0,1,0,차대차 - 기타,신호위반,건조,맑음,교차로 - 교차로안,승용,여,37세,상해없음,승용,여,47세,경상
2018080100100639,2018년 8월 1일 22시,수요일,충청남도 천안시 동남구 신부동,경상사고,0,0,1,0,차대사람 - 횡단중,안전운전불이행,건조,맑음,단일로 - 기타,자전거,남,39세,상해없음,보행자,남,24세,경상
2018080200100061,2018년 8월 2일 05시,목요일,충청남도 청양군 남양면,중상사고,0,1,0,0,차대차 - 추돌,안전운전불이행,건조,맑음,단일로 - 기타,승용,여,39세,상해없음,농기계,남,77세,중상
2018080200100062,2018년 8월 2일 05시,목요일,충청남도 청양군 남양면,중상사고,0,2,0,0,차대차 - 추돌,안전운전불이행,건조,맑음,단일로 - 기타,승용,남,75세,상해없음,농기계,남,73세,중상
2018080200100072,2018년 8월 2일 06시,목요일,충청남도 아산시 배방읍,경상사고,0,0,1,0,차대사람 - 기타,안전운전불이행,건조,맑음,단일로 - 기타,승용,남,37세,상해없음,보행자,여,3세,경상
2018080200100073,2018년 8월 2일 06시,목요일,충청남도 보령시 주산면,중상사고,0,2,0,0,차량단독 - 도로외이탈 - 추락,안전운전불이행,건조,맑음,단일로 - 기타,사륜오토바이(ATV),남,77세,중상,,,,
2018080200100097,2018년 8월 2일 07시,목요일,충청남도 천안시 동남구 삼룡동,경상사고,0,0,3,0,차대차 - 기타,안전운전불이행,건조,맑음,단일로 - 기타,승용,남,57세,상해없음,승용,남,32세,상해없음
2018080200100134,2018년 8월 2일 08시,목요일,충청남도 보령시 대천동,중상사고,0,1,0,0,차대사람 - 횡단중,보행자보호의무위반,건조,맑음,교차로 - 교차로횡단보도내,화물,남,68세,상해없음,보행자,여,84세,중상
2018080200100211,2018년 8월 2일 10시,목요일,충청남도 예산군 예산읍,사망사고,1,0,2,0,차대차 - 추돌,안전거리미확보,건조,맑음,교차로 - 교차로안,화물,남,32세,상해없음,승용,남,28세,경상
2018080200100234,2018년 8월 2일 11시,목요일,충청남도 서산시 동문동,경상사고,0,0,1,0,차대차 - 기타,안전운전불이행,건조,맑음,단일로 - 기타,승용,남,63세,상해없음,자전거,여,64세,경상
2018080200100273,2018년 8월 2일 12시,목요일,충청남도 아산시 송악면,사망사고,1,7,0,0,차대차 - 정면충돌,중앙선침범,건조,맑음,단일로 - 기타,화물,남,66세,사망,승합,남,32세,중상
2018080200100274,2018년 8월 2일 12시,목요일,충청남도 천안시 동남구 원성동,중상사고,0,1,0,0,차대차 - 측면충돌,신호위반,건조,맑음,교차로 - 교차로안,승용,여,47세,상해없음,승용,남,71세,중상
2018080200100301,2018년 8월 2일 13시,목요일,충청남도 공주시 송선동,경상사고,0,0,2,0,차대차 - 추돌,안전운전불이행,건조,맑음,단일로 - 기타,승용,여,34세,경상,승용,남,51세,경상
2018080200100336,2018년 8월 2일 14시,목요일,충청남도 서천군 장항읍,경상사고,0,0,1,0,차대사람 - 길가장자리구역통행중,안전운전불이행,건조,맑음,교차로 - 교차로부근,승용,여,70세,상해없음,보행자,여,76세,경상