사고번호,사고일시,요일,시군구,사고내용,사망자수,중상자수,경상자수,부상신고자수,사고유형,법규위반,노면상태,기상상태,도로형태,가해운전자 차종,가해운전자 성별,가해운전자 연령,가해운전자 상해정도,피해운전자 차종,피해운전자 성별,피해운전자 연령,피해운전자 상해정도
2018080200100399,2018년 8월 2일 16시,목요일,충청남도 금산군 금성면,경상사고,0,0,1,0,차대차 - 측면충돌,안전운전불이행,건조,맑음,교차로 - 교차로안,자전거,남,12세,경상,승용,남,46세,상해없음
2018080200100476,2018년 8월 2일 18시,목요일,충청남도 서산시 운산면,경상사고,0,0,1,0,차대차 - 추돌,안전운전불이행,건조,맑음,단일로 - 기타,자전거,남,65세,경상,특수,남,37세,상해없음
2018080200100513,2018년 8월 2일 19시,목요일,충청남도 천안시 서북구 입장면,중상사고,0,1,0,0,차대차 - 측면충돌,중앙선침범,건조,맑음,단일로 - 기타,이륜,남,32세,중상,화물,남,62세,상해없음
2018080200100549,2018년 8월 2일 20시,목요일,충청남도 천안시 서북구 두정동,경상사고,0,0,2,0,차대차 - 측면충돌,차로위반,건조,맑음,단일로 - 기타,승용,남,82세,상해없음,승용,남,27세,경상
2018080200100550,2018년 8월 2일 20시,목요일,충청남도 천안시 서북구 두정동,경상사고,0,0,1,0,차대차 - 측면충돌,신호위반,건조,맑음,교차로 - 교차로안,승용,남,25세,상해없음,승용,남,64세,경상
2018080200100551,2018년 8월 2일 20시,목요일,충청남도 공주시 사곡면,중상사고,0,1,0,0,차대사람 - 횡단중,안전운전불이행,건조,맑음,단일로 - 기타,승합,남,60세,상해없음,보행자,남,80세,중상
2018080200100552,2018년 8월 2일 20시,목요일,충청남도 공주시 신관동,경상사고,0,0,1,0,차대차 - 후진중충돌,안전운전불이행,건조,맑음,교차로 - 교차로부근,승용,남,39세,상해없음,승용,남,29세,경상
2018080200100553,2018년 8월 2일 20시,목요일,충청남도 천안시 동남구 봉명동,경상사고,0,0,2,3,차대차 - 추돌,안전운전불이행,건조,맑음,단일로 - 기타,승용,남,54세,상해없음,승용,남,51세,부상신고
2018080200100578,2018년 8월 2일 21시,목요일,충청남도 홍성군 구항면,중상사고,0,1,0,0,차대차 - 기타,안전운전불이행,건조,맑음,교차로 - 교차로안,승용,남,48세,상해없음,이륜,남,20세,중상
2018080200100608,2018년 8월 2일 22시,목요일,충청남도 예산군 삽교읍,사망사고,1,0,0,0,차대차 - 추돌,안전운전불이행,건조,맑음,단일로 - 기타,승용,여,33세,상해없음,원동기,남,32세,사망
2018080300100048,2018년 8월 3일 04시,금요일,충청남도 아산시 용화동,중상사고,0,1,0,0,차대차 - 추돌,안전운전불이행,건조,맑음,단일로 - 기타,기타불명,기타불명,미분류,기타불명,화물,남,57세,상해없음
2018080300100073,2018년 8월 3일 06시,금요일,충청남도 부여군 양화면,중상사고,0,1,0,0,차대차 - 기타,안전운전불이행,건조,맑음,단일로 - 기타,승용,여,37세,상해없음,자전거,남,75세,중상
2018080300100104,2018년 8월 3일 08시,금요일,충청남도 보령시 죽정동,중상사고,0,1,2,0,차대차 - 기타,안전운전불이행,건조,맑음,단일로 - 기타,승용,여,61세,상해없음,화물,남,64세,경상
2018080300100105,2018년 8월 3일 08시,금요일,충청남도 당진시 송산면,경상사고,0,0,2,0,차대차 - 측면충돌,신호위반,건조,맑음,교차로 - 교차로안,승용,남,54세,경상,승용,남,31세,경상
2018080300100134,2018년 8월 3일 09시,금요일,충청남도 서산시 석림동,중상사고,0,2,0,0,차대차 - 추돌,안전운전불이행,건조,맑음,교차로 - 교차로부근,화물,남,60세,상해없음,승용,남,69세,중상
2018080300100135,2018년 8월 3일 09시,금요일,충청남도 논산시 성동면,중상사고,0,1,0,0,차대차 - 후진중충돌,안전운전불이행,건조,맑음,교차로 - 교차로안,화물,남,60세,상해없음,이륜,여,73세,중상
2018080300100136,2018년 8월 3일 09시,금요일,충청남도 천안시 동남구 신방동,경상사고,0,0,1,0,차대차 - 기타,안전거리미확보,건조,맑음,단일로 - 기타,기타불명,기타불명,미분류,기타불명,승용,여,58세,경상
2018080300100172,2018년 8월 3일 10시,금요일,충청남도 보령시 동대동,경상사고,0,0,2,0,차대차 - 추돌,안전운전불이행,건조,맑음,교차로 - 교차로안,승용,기타불명,미분류,기타불명,승용,남,69세,경상
2018080300100209,2018년 8월 3일 11시,금요일,충청남도 천안시 서북구 신당동,경상사고,0,0,1,0,차대차 - 측면충돌,안전운전불이행,건조,맑음,단일로 - 기타,화물,남,57세,상해없음,승용,남,35세,경상
2018080300100233,2018년 8월 3일 12시,금요일,충청남도 예산군 예산읍,중상사고,0,1,0,0,차대차 - 측면충돌,직진우회전진행방해,건조,맑음,교차로 - 교차로안,화물,남,58세,상해없음,이륜,남,57세,중상
2018080300100267,2018년 8월 3일 13시,금요일,충청남도 천안시 서북구 성거읍,경상사고,0,0,3,0,차대차 - 기타,중앙선침범,건조,맑음,교차로 - 교차로부근,승용,남,20세,상해없음,승합,남,55세,경상
2018080300100268,2018년 8월 3일 13시,금요일,충청남도 논산시 연산면,부상신고사고,0,0,0,1,차량단독 - 전도전복 - 전도,안전운전불이행,건조,맑음,단일로 - 기타,이륜,남,58세,부상신고,미분류,미분류,미분류,미분류
2018080300100269,2018년 8월 3일 13시,금요일,충청남도 아산시 배방읍,경상사고,0,0,1,0,차대사람 - 기타,안전운전불이행,건조,맑음,단일로 - 기타,승용,남,32세,상해없음,보행자,여,20세,경상
2018080300100310,2018년 8월 3일 14시,금요일,충청남도 천안시 서북구 두정동,경상사고,0,0,1,0,차대차 - 측면충돌,교차로운행방법위반,건조,맑음,교차로 - 교차로안,승용,남,25세,상해없음,승용,남,44세,경상
2018080300100340,2018년 8월 3일 15시,금요일,충청남도 천안시 서북구 성정동,경상사고,0,0,1,0,차대차 - 기타,직진우회전진행방해,건조,맑음,교차로 - 교차로안,승용,남,55세,상해없음,승용,여,27세,경상
2018080300100375,2018년 8월 3일 16시,금요일,충청남도 공주시 신관동,경상사고,0,0,2,0,차대차 - 후진중충돌,안전운전불이행,건조,맑음,기타 - 기타,승용,여,52세,상해없음,승용,남,22세,경상
2018080300100417,2018년 8월 3일 17시,금요일,충청남도 천안시 서북구 쌍용동,경상사고,0,0,1,0,차대사람 - 보도통행중,안전운전불이행,건조,맑음,단일로 - 기타,자전거,남,17세,상해없음,보행자,여,47세,경상
2018080300100455,2018년 8월 3일 18시,금요일,충청남도 예산군 삽교읍,경상사고,0,0,1,0,차대차 - 측면충돌,안전운전불이행,건조,맑음,교차로 - 교차로부근,이륜,남,85세,경상,승용,남,51세,상해없음
2018080300100456,2018년 8월 3일 18시,금요일,충청남도 천안시 동남구 목천읍,경상사고,0,0,1,0,차대사람 - 기타,기타,건조,맑음,기타 - 기타,이륜,남,46세,상해없음,보행자,여,2세,경상
2018080300100500,2018년 8월 3일 19시,금요일,충청남도 천안시 서북구 쌍용동,경상사고,0,0,1,0,차대사람 - 기타,안전운전불이행,건조,맑음,교차로 - 교차로안,승용,남,25세,상해없음,보행자,여,53세,경상
2018080300100533,2018년 8월 3일 20시,금요일,충청남도 천안시 서북구 백석동,경상사고,0,0,1,0,차대차 - 기타,직진우회전진행방해,건조,맑음,교차로 - 교차로안,승용,남,45세,상해없음,승용,여,40세,경상
2018080300100534,2018년 8월 3일 20시,금요일,충청남도 천안시 동남구 신방동,중상사고,0,1,0,0,차대차 - 측면충돌,안전운전불이행,건조,맑음,교차로 - 교차로안,승용,남,45세,상해없음,승용,남,49세,상해없음
2018080300100566,2018년 8월 3일 21시,금요일,충청남도 천안시 서북구 백석동,경상사고,0,0,1,0,차대차 - 측면충돌,안전운전불이행,건조,맑음,교차로 - 교차로부근,승용,남,34세,상해없음,승용,남,26세,경상
2018080300100567,2018년 8월 3일 21시,금요일,충청남도 아산시 배방읍,경상사고,0,0,3,0,차대차 - 측면충돌,안전거리미확보,건조,맑음,단일로 - 기타,승용,남,54세,상해없음,승용,남,57세,경상
2018080300100624,2018년 8월 3일 23시,금요일,충청남도 아산시 신창면,경상사고,0,0,1,0,차대차 - 기타,신호위반,건조,맑음,교차로 - 교차로안,승용,남,39세,상해없음,승용,남,47세,경상
2018080300100625,2018년 8월 3일 23시,금요일,충청남도 천안시 동남구 목천읍,중상사고,0,2,2,0,차대차 - 추돌,안전운전불이행,건조,맑음,단일로 - 기타,화물,남,44세,상해없음,승용,여,46세,경상
2018080400100017,2018년 8월 4일 00시,토요일,충청남도 천안시 서북구 백석동,경상사고,0,0,1,0,차대차 - 측면충돌,안전거리미확보,건조,맑음,교차로 - 교차로부근,승용,남,25세,상해없음,승용,남,25세,경상
2018080400100018,2018년 8월 4일 00시,토요일,충청남도 공주시 신관동,중상사고,0,1,0,0,차대차 - 측면충돌,중앙선침범,건조,맑음,기타 - 기타,이륜,남,24세,중상,승용,남,26세,상해없음
2018080400100032,2018년 8월 4일 01시,토요일,충청남도 천안시 서북구 두정동,중상사고,0,1,1,0,차대차 - 기타,안전운전불이행,건조,맑음,교차로 - 교차로부근,승용,남,25세,상해없음,승용,남,33세,경상
2018080400100049,2018년 8월 4일 02시,토요일,충청남도 태안군 안면읍,중상사고,0,1,0,0,차대사람 - 기타,안전운전불이행,건조,맑음,주차장 - 주차장,승용,여,53세,상해없음,보행자,남,62세,중상
2018080400100111,2018년 8월 4일 07시,토요일,충청남도 태안군 근흥면,중상사고,0,1,0,0,차대차 - 기타,안전운전불이행,건조,맑음,교차로 - 교차로안,화물,남,57세,상해없음,이륜,남,77세,중상
2018080400100132,2018년 8월 4일 08시,토요일,충청남도 당진시 신평면,중상사고,0,1,1,0,차대차 - 기타,안전운전불이행,건조,맑음,단일로 - 기타,승용,남,48세,상해없음,승용,남,32세,중상
2018080400100175,2018년 8월 4일 10시,토요일,충청남도 천안시 서북구 입장면,부상신고사고,0,0,0,1,차대차 - 추돌,안전운전불이행,건조,맑음,단일로 - 기타,승용,여,38세,부상신고,화물,남,44세,상해없음
2018080400100207,2018년 8월 4일 11시,토요일,충청남도 서천군 판교면,사망사고,1,0,0,0,차량단독 - 공작물충돌,안전운전불이행,건조,맑음,교차로 - 교차로안,화물,남,76세,사망,,,,
2018080400100237,2018년 8월 4일 12시,토요일,충청남도 아산시 인주면,부상신고사고,0,0,0,3,차대차 - 기타,안전운전불이행,건조,맑음,교차로 - 교차로부근,특수,남,62세,상해없음,승용,남,41세,부상신고
2018080400100238,2018년 8월 4일 12시,토요일,충청남도 서천군 비인면,경상사고,0,0,1,0,차대차 - 측면충돌,직진우회전진행방해,건조,맑음,교차로 - 교차로안,화물,남,59세,상해없음,승용,여,60세,경상
2018080400100265,2018년 8월 4일 13시,토요일,충청남도 아산시 권곡동,중상사고,0,1,0,0,차대사람 - 횡단중,신호위반,건조,맑음,교차로 - 교차로횡단보도내,승용,남,65세,상해없음,보행자,여,50세,중상
2018080400100322,2018년 8월 4일 15시,토요일,충청남도 논산시 대교동,중상사고,0,1,0,0,차대차 - 측면충돌,안전운전불이행,건조,맑음,단일로 - 기타,승용,남,46세,상해없음,이륜,남,64세,중상
2018080400100351,2018년 8월 4일 16시,토요일,충청남도 서산시 고북면,중상사고,0,1,0,0,차대차 - 후진중충돌,안전운전불이행,건조,맑음,단일로 - 기타,화물,남,57세,상해없음,이륜,여,80세,중상
2018080400100352,2018년 8월 4일 16시,토요일,충청남도 서산시 죽성동,사망사고,1,0,0,0,차량단독 - 전도전복 - 전도,안전운전불이행,건조,맑음,단일로 - 기타,이륜,남,77세,사망,미분류,미분류,미분류,미분류
2018080400100353,2018년 8월 4일 16시,토요일,충청남도 보령시 주산면,경상사고,0,0,2,0,차대차 - 측면충돌,교차로운행방법위반,건조,맑음,교차로 - 교차로부근,화물,남,69세,상해없음,승용,여,39세,경상
2018080400100354,2018년 8월 4일 16시,토요일,충청남도 천안시 동남구 광덕면,경상사고,0,0,3,0,차대차 - 기타,안전운전불이행,건조,맑음,단일로 - 기타,승용,남,55세,상해없음,승용,여,38세,경상
2018080400100383,2018년 8월 4일 17시,토요일,충청남도 보령시 웅천읍,중상사고,0,2,0,0,차량단독 - 기타,안전운전불이행,건조,맑음,단일로 - 기타,승용,남,19세,상해없음,,,,
2018080400100417,2018년 8월 4일 18시,토요일,충청남도 부여군 초촌면,중상사고,0,1,0,0,차대차 - 측면충돌,교차로운행방법위반,건조,맑음,교차로 - 교차로안,화물,남,44세,상해없음,화물,남,70세,중상
2018080400100418,2018년 8월 4일 18시,토요일,충청남도 당진시 송산면,중상사고,0,1,0,0,차대차 - 측면충돌,신호위반,건조,맑음,교차로 - 교차로안,승합,남,35세,상해없음,승용,남,25세,중상
2018080400100445,2018년 8월 4일 19시,토요일,충청남도 천안시 서북구 성정동,중상사고,0,1,0,0,차대차 - 측면충돌,교차로운행방법위반,건조,맑음,교차로 - 교차로안,승용,남,38세,상해없음,이륜,남,38세,중상
2018080400100474,2018년 8월 4일 20시,토요일,충청남도 서천군 문산면,중상사고,0,1,0,0,차대차 - 추돌,안전운전불이행,건조,맑음,단일로 - 기타,승용,남,59세,상해없음,농기계,여,71세,중상
2018080400100475,2018년 8월 4일 20시,토요일,충청남도 천안시 동남구 병천면,중상사고,0,1,0,0,차대사람 - 횡단중,보행자보호의무위반,건조,맑음,교차로 - 교차로횡단보도내,승용,남,47세,상해없음,보행자,남,25세,중상
2018080400100476,2018년 8월 4일 20시,토요일,충청남도 태안군 태안읍,중상사고,0,1,0,0,차대사람 - 횡단중,안전운전불이행,건조,기타,단일로 - 기타,승용,남,39세,상해없음,보행자,남,7세,중상
2018080400100528,2018년 8월 4일 22시,토요일,충청남도 천안시 서북구 성정동,경상사고,0,0,1,0,차대사람 - 차도통행중,안전운전불이행,건조,맑음,단일로 - 기타,승용,남,55세,상해없음,보행자,남,38세,경상
2018080500100047,2018년 8월 5일 03시,일요일,충청남도 아산시 용화동,경상사고,0,0,1,0,차대사람 - 기타,신호위반,건조,맑음,교차로 - 교차로안,승용,남,25세,상해없음,보행자,남,23세,경상
2018080500100071,2018년 8월 5일 05시,일요일,충청남도 홍성군 홍성읍,중상사고,0,2,0,0,차대차 - 측면충돌,교차로운행방법위반,건조,맑음,교차로 - 교차로안,화물,남,19세,상해없음,화물,남,69세,중상
2018080500100091,2018년 8월 5일 07시,일요일,충청남도 서천군 한산면,경상사고,0,0,1,0,차량단독 - 공작물충돌,안전운전불이행,건조,맑음,단일로 - 기타,화물,남,62세,경상,,,,
2018080500100119,2018년 8월 5일 09시,일요일,충청남도 공주시 검상동,경상사고,0,0,2,0,차대차 - 정면충돌,중앙선침범,건조,맑음,단일로 - 기타,승용,남,25세,기타불명,승용,남,41세,경상
2018080500100120,2018년 8월 5일 09시,일요일,충청남도 당진시 순성면,중상사고,0,1,0,0,차대차 - 측면충돌,교차로운행방법위반,건조,맑음,교차로 - 교차로안,화물,남,45세,상해없음,이륜,남,81세,중상
2018080500100121,2018년 8월 5일 09시,일요일,충청남도 당진시 정미면,중상사고,0,2,1,0,차대차 - 정면충돌,안전운전불이행,건조,맑음,단일로 - 기타,승용,남,61세,중상,승용,남,47세,경상
2018080500100142,2018년 8월 5일 10시,일요일,충청남도 천안시 동남구 광덕면,경상사고,0,0,1,1,차대차 - 측면충돌,안전운전불이행,건조,맑음,단일로 - 기타,화물,남,76세,경상,화물,남,45세,기타불명
2018080500100162,2018년 8월 5일 11시,일요일,충청남도 천안시 동남구 신부동,중상사고,0,2,2,0,차대차 - 측면충돌,직진우회전진행방해,건조,맑음,교차로 - 교차로안,승용,남,58세,중상,승합,남,44세,상해없음
2018080500100209,2018년 8월 5일 13시,일요일,충청남도 당진시 채운동,중상사고,0,1,3,1,차대차 - 측면충돌,차로위반,건조,맑음,단일로 - 기타,승용,남,52세,상해없음,승용,남,51세,경상
2018080500100210,2018년 8월 5일 13시,일요일,충청남도 태안군 안면읍,부상신고사고,0,0,0,2,차대차 - 추돌,안전운전불이행,건조,맑음,단일로 - 기타,승용,남,55세,상해없음,승용,남,43세,부상신고
2018080500100242,2018년 8월 5일 14시,일요일,충청남도 당진시 시곡리,중상사고,0,1,0,0,차대차 - 측면충돌,안전운전불이행,건조,맑음,단일로 - 기타,승용,남,58세,상해없음,이륜,남,76세,중상
2018080500100243,2018년 8월 5일 14시,일요일,충청남도 천안시 동남구 구성동,중상사고,0,1,0,0,차대차 - 측면충돌,안전운전불이행,건조,맑음,교차로 - 교차로안,승용,여,38세,상해없음,이륜,남,68세,중상
2018080500100305,2018년 8월 5일 16시,일요일,충청남도 보령시 화산동,중상사고,0,1,0,0,차대차 - 정면충돌,불법유턴,건조,맑음,교차로 - 교차로부근,화물,여,53세,상해없음,이륜,남,59세,중상
2018080500100306,2018년 8월 5일 16시,일요일,충청남도 보령시 청라면,경상사고,0,0,1,0,차대사람 - 기타,안전운전불이행,건조,맑음,기타 - 기타,화물,남,68세,상해없음,보행자,남,51세,경상
2018080500100307,2018년 8월 5일 16시,일요일,충청남도 보령시 청소면,경상사고,0,0,1,0,차대차 - 추돌,안전운전불이행,건조,맑음,단일로 - 기타,승용,남,33세,상해없음,승용,여,49세,경상
2018080500100334,2018년 8월 5일 17시,일요일,충청남도 천안시 서북구 불당동,경상사고,0,0,6,0,차대차 - 추돌,안전운전불이행,건조,맑음,교차로 - 교차로안,승용,남,46세,상해없음,승용,남,26세,경상
2018080500100335,2018년 8월 5일 17시,일요일,충청남도 아산시 도고면,중상사고,0,1,0,0,차대차 - 기타,안전운전불이행,건조,맑음,단일로 - 기타,사륜오토바이(ATV),여,71세,중상,승용,여,49세,상해없음
2018080500100362,2018년 8월 5일 18시,일요일,충청남도 천안시 서북구 두정동,경상사고,0,0,1,0,차대차 - 측면충돌,안전운전불이행,건조,맑음,교차로 - 교차로안,승용,여,37세,상해없음,이륜,남,38세,경상
2018080500100420,2018년 8월 5일 20시,일요일,충청남도 서산시 석림동,경상사고,0,0,1,0,차대차 - 추돌,안전운전불이행,건조,맑음,교차로 - 교차로부근,화물,남,44세,상해없음,승용,남,41세,경상
2018080500100421,2018년 8월 5일 20시,일요일,충청남도 서산시 갈산동,경상사고,0,0,1,0,차대사람 - 기타,안전운전불이행,건조,맑음,주차장 - 주차장,승용,남,41세,상해없음,보행자,남,38세,경상
2018080500100445,2018년 8월 5일 21시,일요일,충청남도 아산시 음봉면,중상사고,0,1,0,0,차대사람 - 길가장자리구역통행중,안전운전불이행,건조,맑음,단일로 - 기타,기타불명,기타불명,미분류,기타불명,보행자,여,26세,중상
2018080500100473,2018년 8월 5일 22시,일요일,충청남도 서천군 서천읍,중상사고,0,1,0,0,차대사람 - 기타,안전운전불이행,건조,맑음,교차로 - 교차로안,승용,남,58세,상해없음,보행자,남,48세,중상
2018080500100490,2018년 8월 5일 23시,일요일,충청남도 천안시 서북구 성정동,경상사고,0,0,1,0,차대차 - 추돌,안전거리미확보,건조,맑음,교차로 - 교차로부근,승용,여,28세,상해없음,승용,남,25세,경상
2018080600100003,2018년 8월 6일 00시,월요일,충청남도 서산시 고북면,경상사고,0,0,1,0,차대차 - 기타,안전운전불이행,건조,맑음,단일로 - 기타,승용,남,27세,상해없음,승용,남,41세,기타불명
2018080600100004,2018년 8월 6일 00시,월요일,충청남도 태안군 태안읍,중상사고,0,1,0,0,차대차 - 기타,안전운전불이행,기타,기타,단일로 - 기타,승용,남,32세,상해없음,승용,남,29세,중상
2018080600100030,2018년 8월 6일 04시,월요일,충청남도 논산시 취암동,경상사고,0,0,1,0,차대사람 - 기타,안전운전불이행,건조,맑음,교차로 - 교차로부근,승용,여,21세,상해없음,보행자,여,20세,경상
2018080600100083,2018년 8월 6일 08시,월요일,충청남도 공주시 산성동,경상사고,0,0,1,0,차대차 - 측면충돌,안전운전불이행,건조,맑음,교차로 - 교차로안,승용,여,44세,상해없음,자전거,남,61세,경상
2018080600100143,2018년 8월 6일 10시,월요일,충청남도 서산시 음암면,경상사고,0,0,1,0,차대사람 - 기타,안전운전불이행,건조,맑음,기타 - 기타,화물,남,56세,상해없음,보행자,여,59세,경상
2018080600100144,2018년 8월 6일 10시,월요일,충청남도 공주시 정안면,중상사고,0,1,1,0,차대차 - 추돌,안전운전불이행,건조,맑음,단일로 - 기타,화물,남,36세,경상,화물,남,43세,상해없음
2018080600100145,2018년 8월 6일 10시,월요일,충청남도 태안군 태안읍,경상사고,0,0,2,0,차대차 - 추돌,안전운전불이행,건조,맑음,단일로 - 기타,화물,남,59세,상해없음,승용,남,65세,경상
2018080600100184,2018년 8월 6일 11시,월요일,충청남도 아산시 둔포면,경상사고,0,0,1,0,차대차 - 기타,안전운전불이행,건조,맑음,교차로 - 교차로부근,화물,남,60세,상해없음,승용,남,31세,경상
2018080600100185,2018년 8월 6일 11시,월요일,충청남도 예산군 오가면,중상사고,0,1,0,0,차대차 - 정면충돌,신호위반,건조,맑음,교차로 - 교차로안,승용,여,34세,상해없음,승용,남,31세,중상
2018080600100186,2018년 8월 6일 11시,월요일,충청남도 당진시 정미면,경상사고,0,0,2,0,차대차 - 추돌,안전운전불이행,건조,맑음,단일로 - 기타,화물,남,52세,상해없음,승용,남,65세,경상
2018080600100251,2018년 8월 6일 13시,월요일,충청남도 태안군 태안읍,중상사고,0,1,0,0,차대차 - 측면충돌,안전운전불이행,건조,맑음,교차로 - 교차로안,승용,여,58세,상해없음,이륜,남,74세,중상
2018080600100310,2018년 8월 6일 15시,월요일,충청남도 태안군 태안읍,중상사고,0,3,0,0,차대차 - 측면충돌,안전운전불이행,건조,맑음,교차로 - 교차로안,승용,남,78세,중상,화물,남,59세,중상
2018080600100355,2018년 8월 6일 16시,월요일,충청남도 천안시 서북구 성정동,경상사고,0,0,1,0,차대차 - 측면충돌,안전운전불이행,건조,맑음,단일로 - 기타,이륜,남,34세,상해없음,이륜,남,50세,경상
2018080600100356,2018년 8월 6일 16시,월요일,충청남도 논산시 취암동,중상사고,0,1,0,0,차대차 - 기타,교차로운행방법위반,건조,맑음,교차로 - 교차로안,화물,남,21세,상해없음,이륜,남,76세,중상
2018080600100357,2018년 8월 6일 16시,월요일,충청남도 당진시 송악읍,사망사고,1,0,0,0,차량단독 - 도로외이탈 - 추락,안전운전불이행,건조,맑음,기타 - 기타,사륜오토바이(ATV),여,77세,사망,,,,
2018080600100358,2018년 8월 6일 16시,월요일,충청남도 태안군 안면읍,경상사고,0,0,1,1,차대차 - 정면충돌,안전운전불이행,건조,맑음,단일로 - 기타,승용,여,57세,부상신고,승용,남,63세,경상
2018080600100397,2018년 8월 6일 17시,월요일,충청남도 아산시 배방읍,중상사고,0,1,0,0,차대사람 - 횡단중,안전운전불이행,건조,맑음,단일로 - 기타,승용,여,25세,상해없음,보행자,남,9세,중상
2018080600100398,2018년 8월 6일 17시,월요일,충청남도 아산시 방축동,경상사고,0,0,2,0,차대차 - 기타,안전운전불이행,건조,맑음,기타 - 기타,승용,남,65세,경상,승용,남,32세,경상
2018080600100399,2018년 8월 6일 17시,월요일,충청남도 공주시 의당면,경상사고,0,0,1,0,차대사람 - 길가장자리구역통행중,안전운전불이행,건조,맑음,단일로 - 기타,화물,남,25세,상해없음,보행자,남,60세,경상
2018080600100444,2018년 8월 6일 18시,월요일,충청남도 당진시 신평면,중상사고,0,1,0,1,차대차 - 측면충돌,직진우회전진행방해,건조,맑음,교차로 - 교차로안,승용,여,40세,부상신고,승용,남,29세,중상
2018080600100445,2018년 8월 6일 18시,월요일,충청남도 천안시 동남구 청당동,경상사고,0,0,1,0,차대차 - 측면충돌,안전거리미확보,건조,맑음,단일로 - 기타,승용,여,56세,상해없음,승용,여,39세,경상
2018080600100477,2018년 8월 6일 19시,월요일,충청남도 아산시 온천동,경상사고,0,0,1,0,차대차 - 기타,안전운전불이행,건조,맑음,교차로 - 교차로안,승용,남,45세,상해없음,이륜,남,35세,경상
2018080600100502,2018년 8월 6일 20시,월요일,충청남도 당진시 순성면,중상사고,0,2,1,0,차대차 - 추돌,안전운전불이행,건조,맑음,단일로 - 기타,승용,남,55세,상해없음,농기계,남,50세,경상
2018080700100008,2018년 8월 7일 00시,화요일,충청남도 천안시 서북구 쌍용동,경상사고,0,0,2,0,차대차 - 기타,직진우회전진행방해,건조,맑음,교차로 - 교차로안,승용,남,31세,상해없음,이륜,남,17세,경상
2018080700100017,2018년 8월 7일 01시,화요일,충청남도 천안시 서북구 두정동,경상사고,0,0,1,0,차대차 - 측면충돌,직진우회전진행방해,건조,맑음,교차로 - 교차로안,승용,남,42세,상해없음,승용,남,23세,경상
2018080700100038,2018년 8월 7일 03시,화요일,충청남도 천안시 서북구 두정동,경상사고,0,0,3,0,차대차 - 측면충돌,신호위반,건조,맑음,교차로 - 교차로안,승용,남,28세,경상,승용,남,25세,경상
2018080700100045,2018년 8월 7일 04시,화요일,충청남도 천안시 서북구 성거읍,부상신고사고,0,0,0,1,차대차 - 추돌,안전거리미확보,건조,맑음,단일로 - 기타,화물,남,31세,부상신고,화물,남,61세,상해없음
2018080700100050,2018년 8월 7일 05시,화요일,충청남도 청양군 청양읍,중상사고,0,1,0,0,차대차 - 추돌,과속,건조,맑음,기타 - 기타,화물,남,74세,상해없음,농기계,남,67세,중상
2018080700100074,2018년 8월 7일 07시,화요일,충청남도 천안시 서북구 쌍용동,중상사고,0,1,0,0,차대사람 - 횡단중,보행자보호의무위반,건조,맑음,교차로 - 교차로안,승용,남,47세,상해없음,보행자,여,49세,중상
2018080700100102,2018년 8월 7일 08시,화요일,충청남도 아산시 온천동,경상사고,0,0,1,0,차대차 - 기타,안전운전불이행,건조,맑음,교차로 - 교차로안,승용,남,62세,상해없음,승용,여,32세,기타불명
2018080700100131,2018년 8월 7일 09시,화요일,충청남도 천안시 서북구 성정동,중상사고,0,1,0,0,차대차 - 측면충돌,교차로운행방법위반,건조,맑음,교차로 - 교차로안,승용,남,19세,상해없음,이륜,남,75세,중상
2018080700100132,2018년 8월 7일 09시,화요일,충청남도 천안시 서북구 성정동,경상사고,0,0,1,0,차대사람 - 차도통행중,안전운전불이행,건조,맑음,단일로 - 기타,승용,남,45세,상해없음,보행자,남,52세,경상
2018080700100133,2018년 8월 7일 09시,화요일,충청남도 천안시 서북구 입장면,중상사고,0,2,3,0,차대차 - 측면충돌,안전운전불이행,건조,맑음,교차로 - 교차로안,승용,남,41세,경상,승용,남,67세,중상
2018080700100160,2018년 8월 7일 10시,화요일,충청남도 서산시 대산읍,경상사고,0,0,1,0,차대차 - 기타,교차로운행방법위반,건조,맑음,교차로 - 교차로안,승합,남,52세,상해없음,화물,남,46세,경상
2018080700100161,2018년 8월 7일 10시,화요일,충청남도 천안시 서북구 성환읍,경상사고,0,0,1,0,차대차 - 추돌,안전운전불이행,건조,맑음,교차로 - 교차로부근,화물,남,51세,상해없음,승합,남,30세,상해없음
2018080700100195,2018년 8월 7일 11시,화요일,충청남도 서산시 성연면,경상사고,0,0,1,0,차대차 - 기타,안전운전불이행,건조,맑음,단일로 - 기타,승용,남,55세,상해없음,승용,여,43세,경상
2018080700100196,2018년 8월 7일 11시,화요일,충청남도 홍성군 갈산면,중상사고,0,1,0,0,차대차 - 후진중충돌,안전운전불이행,건조,맑음,단일로 - 기타,건설기계,남,53세,상해없음,이륜,여,62세,중상
2018080700100197,2018년 8월 7일 11시,화요일,충청남도 당진시 읍내리,경상사고,0,0,1,0,차대차 - 측면충돌,교차로운행방법위반,건조,맑음,교차로 - 교차로안,승용,남,77세,상해없음,승용,여,59세,경상
2018080700100229,2018년 8월 7일 12시,화요일,충청남도 당진시 순성면,경상사고,0,0,1,0,차대차 - 측면충돌,교차로운행방법위반,건조,맑음,교차로 - 교차로안,승용,남,74세,상해없음,화물,남,50세,경상
2018080700100265,2018년 8월 7일 13시,화요일,충청남도 천안시 서북구 쌍용동,부상신고사고,0,0,0,1,차대차 - 측면충돌,안전운전불이행,건조,맑음,단일로 - 기타,이륜,남,74세,상해없음,승용,남,32세,상해없음