사고번호,사고일시,요일,시군구,사고내용,사망자수,중상자수,경상자수,부상신고자수,사고유형,법규위반,노면상태,기상상태,도로형태,가해운전자 차종,가해운전자 성별,가해운전자 연령,가해운전자 상해정도,피해운전자 차종,피해운전자 성별,피해운전자 연령,피해운전자 상해정도
2018080700100266,2018년 8월 7일 13시,화요일,충청남도 아산시 모종동,경상사고,0,0,1,0,차대차 - 측면충돌,신호위반,건조,맑음,교차로 - 교차로안,승용,남,35세,상해없음,승용,남,60세,경상
2018080700100294,2018년 8월 7일 14시,화요일,충청남도 아산시 배방읍,경상사고,0,0,1,0,차대차 - 기타,안전운전불이행,건조,맑음,단일로 - 기타,화물,남,63세,상해없음,이륜,남,18세,경상
2018080700100296,2018년 8월 7일 14시,화요일,충청남도 천안시 동남구 신부동,중상사고,0,1,3,0,차대차 - 추돌,안전거리미확보,건조,맑음,단일로 - 기타,승용,남,62세,중상,승용,여,45세,경상
2018080700100334,2018년 8월 7일 15시,화요일,충청남도 보령시 남곡동,중상사고,0,1,0,0,차대차 - 측면충돌,안전운전불이행,건조,맑음,단일로 - 기타,건설기계,남,65세,상해없음,승합,남,51세,상해없음
2018080700100364,2018년 8월 7일 16시,화요일,충청남도 서산시 예천동,사망사고,1,0,0,0,차대사람 - 기타,안전운전불이행,건조,맑음,단일로 - 기타,건설기계,남,61세,상해없음,보행자,남,54세,사망
2018080700100365,2018년 8월 7일 16시,화요일,충청남도 부여군 부여읍,중상사고,0,1,2,0,차대차 - 추돌,안전거리미확보,건조,맑음,단일로 - 기타,승용,여,54세,상해없음,승용,여,44세,중상
2018080700100366,2018년 8월 7일 16시,화요일,충청남도 천안시 동남구 대흥동,경상사고,0,0,1,0,차대차 - 기타,신호위반,건조,맑음,교차로 - 교차로안,승합,남,44세,상해없음,승용,남,47세,경상
2018080700100405,2018년 8월 7일 17시,화요일,충청남도 아산시 둔포면,중상사고,0,1,0,0,차대차 - 정면충돌,중앙선침범,건조,맑음,단일로 - 기타,승용,여,37세,상해없음,승용,여,51세,중상
2018080700100452,2018년 8월 7일 18시,화요일,충청남도 서산시 예천동,중상사고,0,1,0,0,차대사람 - 기타,과속,건조,맑음,교차로 - 교차로부근,화물,남,66세,상해없음,보행자,남,5세,중상
2018080700100540,2018년 8월 7일 21시,화요일,충청남도 천안시 동남구 신부동,중상사고,0,1,0,0,차대사람 - 횡단중,안전운전불이행,건조,맑음,교차로 - 교차로안,승용,여,55세,상해없음,보행자,남,57세,중상
2018080700100541,2018년 8월 7일 21시,화요일,충청남도 태안군 소원면,경상사고,0,0,9,0,차대차 - 기타,안전운전불이행,건조,맑음,교차로 - 교차로부근,화물,남,61세,상해없음,승용,남,46세,상해없음
2018080700100567,2018년 8월 7일 22시,화요일,충청남도 천안시 서북구 입장면,경상사고,0,0,1,0,차대차 - 기타,안전운전불이행,건조,맑음,단일로 - 기타,승용,여,45세,상해없음,화물,남,38세,경상
2018080700100586,2018년 8월 7일 23시,화요일,충청남도 천안시 서북구 두정동,경상사고,0,0,1,0,차대사람 - 기타,안전운전불이행,건조,맑음,단일로 - 기타,승용,남,28세,상해없음,보행자,남,20세,경상
2018080800100006,2018년 8월 8일 00시,수요일,충청남도 아산시 배방읍,경상사고,0,0,1,0,차대차 - 기타,안전운전불이행,건조,맑음,단일로 - 기타,승용,남,47세,상해없음,승용,남,39세,경상
2018080800100007,2018년 8월 8일 00시,수요일,충청남도 서천군 서천읍,경상사고,0,0,1,0,차대차 - 측면충돌,직진우회전진행방해,건조,맑음,교차로 - 교차로안,승용,남,57세,상해없음,이륜,남,46세,경상
2018080800100008,2018년 8월 8일 00시,수요일,충청남도 공주시 신관동,중상사고,0,3,2,0,차대차 - 추돌,안전운전불이행,건조,맑음,교차로 - 교차로부근,승용,여,32세,중상,승용,남,69세,중상
2018080800100030,2018년 8월 8일 03시,수요일,충청남도 천안시 동남구 목천읍,사망사고,1,0,0,0,차대차 - 추돌,안전운전불이행,건조,맑음,단일로 - 기타,화물,남,49세,상해없음,특수,남,44세,상해없음
2018080800100044,2018년 8월 8일 05시,수요일,충청남도 천안시 서북구 쌍용동,경상사고,0,0,1,0,차대차 - 추돌,안전운전불이행,건조,맑음,교차로 - 교차로부근,승용,남,32세,상해없음,승용,남,48세,경상
2018080800100045,2018년 8월 8일 05시,수요일,충청남도 천안시 서북구 성거읍,중상사고,0,1,1,0,차대차 - 기타,안전운전불이행,건조,맑음,단일로 - 기타,화물,남,39세,중상,화물,남,50세,경상
2018080800100056,2018년 8월 8일 06시,수요일,충청남도 당진시 신평면,중상사고,0,1,0,0,차대차 - 측면충돌,안전운전불이행,건조,맑음,단일로 - 기타,화물,남,34세,상해없음,자전거,남,55세,중상
2018080800100057,2018년 8월 8일 06시,수요일,충청남도 천안시 동남구 구성동,경상사고,0,0,1,0,차대차 - 기타,안전운전불이행,건조,맑음,교차로 - 교차로안,승합,남,37세,상해없음,승용,남,42세,경상
2018080800100104,2018년 8월 8일 08시,수요일,충청남도 계룡시 엄사면,중상사고,0,1,0,0,차대차 - 측면충돌,직진우회전진행방해,건조,맑음,교차로 - 교차로안,승용,여,25세,상해없음,승용,여,67세,중상
2018080800100145,2018년 8월 8일 09시,수요일,충청남도 태안군 근흥면,중상사고,0,1,0,0,차대차 - 기타,신호위반,건조,맑음,교차로 - 교차로안,화물,남,70세,상해없음,화물,남,65세,중상
2018080800100203,2018년 8월 8일 11시,수요일,충청남도 서산시 읍내동,경상사고,0,0,1,0,차대차 - 측면충돌,교차로운행방법위반,건조,맑음,교차로 - 교차로안,승용,여,67세,상해없음,승용,남,80세,경상
2018080800100225,2018년 8월 8일 12시,수요일,충청남도 천안시 서북구 불당동,경상사고,0,0,3,0,차대차 - 측면충돌,중앙선침범,건조,맑음,단일로 - 기타,승용,여,34세,상해없음,승용,남,56세,경상
2018080800100288,2018년 8월 8일 14시,수요일,충청남도 홍성군 홍성읍,경상사고,0,0,1,0,차대사람 - 횡단중,안전운전불이행,젖음/습기,비,단일로 - 기타,승용,여,59세,상해없음,보행자,여,63세,경상
2018080800100289,2018년 8월 8일 14시,수요일,충청남도 예산군 고덕면,중상사고,0,1,0,0,차대사람 - 기타,안전운전불이행,건조,맑음,단일로 - 기타,화물,남,44세,상해없음,보행자,남,76세,중상
2018080800100329,2018년 8월 8일 15시,수요일,충청남도 금산군 추부면,중상사고,0,1,0,0,차대차 - 측면충돌,안전운전불이행,건조,맑음,단일로 - 기타,화물,남,47세,상해없음,화물,남,64세,기타불명
2018080800100437,2018년 8월 8일 18시,수요일,충청남도 천안시 서북구 두정동,경상사고,0,0,1,0,차대차 - 측면충돌,불법유턴,건조,맑음,교차로 - 교차로안,자전거,남,18세,경상,승용,여,49세,상해없음
2018080800100438,2018년 8월 8일 18시,수요일,충청남도 아산시 배방읍,경상사고,0,0,1,0,차대차 - 기타,차로위반,건조,맑음,단일로 - 기타,승용,남,29세,상해없음,건설기계,남,60세,경상
2018080800100474,2018년 8월 8일 19시,수요일,충청남도 당진시 원당리,경상사고,0,0,1,0,차대차 - 추돌,안전운전불이행,건조,맑음,단일로 - 기타,승용,남,53세,상해없음,승용,남,24세,경상
2018080800100527,2018년 8월 8일 21시,수요일,충청남도 천안시 서북구 두정동,중상사고,0,1,2,1,차대차 - 추돌,안전운전불이행,건조,맑음,단일로 - 기타,승용,여,35세,부상신고,승용,여,26세,경상
2018080800100528,2018년 8월 8일 21시,수요일,충청남도 논산시 내동,중상사고,0,2,0,0,차대차 - 측면충돌,교차로운행방법위반,건조,맑음,교차로 - 교차로안,이륜,남,18세,중상,승용,남,65세,중상
2018080800100570,2018년 8월 8일 23시,수요일,충청남도 홍성군 홍북읍,경상사고,0,0,2,0,차대차 - 측면충돌,안전운전불이행,건조,맑음,기타 - 기타,승용,남,43세,상해없음,승용,남,37세,경상
2018080800100571,2018년 8월 8일 23시,수요일,충청남도 당진시 읍내리,경상사고,0,0,3,0,차대차 - 기타,안전운전불이행,건조,맑음,교차로 - 교차로안,승용,남,34세,상해없음,승용,남,19세,경상
2018080900100063,2018년 8월 9일 05시,목요일,충청남도 예산군 신암면,경상사고,0,0,1,0,차대사람 - 차도통행중,안전운전불이행,건조,맑음,단일로 - 기타,화물,남,41세,상해없음,보행자,남,70세,경상
2018080900100118,2018년 8월 9일 08시,목요일,충청남도 천안시 서북구 성정동,중상사고,0,1,0,0,차대차 - 기타,안전운전불이행,건조,맑음,단일로 - 기타,자전거,남,57세,중상,승용,남,50세,상해없음
2018080900100119,2018년 8월 9일 08시,목요일,충청남도 서천군 서천읍,경상사고,0,0,1,0,차대차 - 측면충돌,직진우회전진행방해,건조,맑음,교차로 - 교차로안,화물,남,64세,상해없음,승용,남,73세,상해없음
2018080900100151,2018년 8월 9일 09시,목요일,충청남도 홍성군 홍성읍,중상사고,0,1,0,0,차대차 - 측면충돌,안전운전불이행,건조,맑음,교차로 - 교차로안,이륜,남,76세,상해없음,승용,남,65세,상해없음
2018080900100153,2018년 8월 9일 09시,목요일,충청남도 천안시 동남구 광덕면,경상사고,0,0,3,0,차대차 - 측면충돌,중앙선침범,건조,맑음,단일로 - 기타,건설기계,남,54세,상해없음,승합,남,58세,경상
2018080900100184,2018년 8월 9일 10시,목요일,충청남도 서천군 마서면,중상사고,0,2,2,0,차대차 - 측면충돌,중앙선침범,건조,맑음,단일로 - 기타,화물,남,72세,경상,승용,여,33세,경상
2018080900100185,2018년 8월 9일 10시,목요일,충청남도 서천군 서천읍,경상사고,0,0,1,0,차대차 - 측면충돌,안전운전불이행,건조,맑음,교차로 - 교차로안,화물,남,82세,상해없음,자전거,남,72세,경상
2018080900100217,2018년 8월 9일 11시,목요일,충청남도 천안시 동남구 신방동,경상사고,0,0,1,0,차대차 - 측면충돌,안전운전불이행,건조,맑음,단일로 - 기타,승용,남,45세,상해없음,승용,남,68세,경상
2018080900100245,2018년 8월 9일 12시,목요일,충청남도 아산시 용화동,경상사고,0,0,1,0,차대차 - 추돌,안전운전불이행,건조,맑음,교차로 - 교차로부근,승용,여,24세,상해없음,승용,남,56세,경상
2018080900100246,2018년 8월 9일 12시,목요일,충청남도 부여군 은산면,경상사고,0,0,2,0,차대차 - 추돌,안전운전불이행,건조,맑음,단일로 - 기타,건설기계,남,58세,상해없음,승용,여,59세,경상
2018080900100247,2018년 8월 9일 12시,목요일,충청남도 청양군 비봉면,중상사고,0,1,1,0,차대차 - 측면충돌,안전운전불이행,건조,맑음,교차로 - 교차로안,승용,남,65세,상해없음,승용,남,48세,경상
2018080900100248,2018년 8월 9일 12시,목요일,충청남도 천안시 동남구 목천읍,경상사고,0,0,2,0,차대차 - 측면충돌,안전운전불이행,건조,맑음,교차로 - 교차로부근,화물,남,59세,상해없음,승용,남,45세,경상
2018080900100249,2018년 8월 9일 12시,목요일,충청남도 태안군 고남면,중상사고,0,1,0,0,차대차 - 추돌,안전운전불이행,건조,맑음,기타 - 기타,화물,남,36세,상해없음,이륜,남,41세,중상
2018080900100282,2018년 8월 9일 13시,목요일,충청남도 태안군 소원면,경상사고,0,0,1,0,차대사람 - 횡단중,안전운전불이행,건조,맑음,단일로 - 기타,승용,남,54세,상해없음,보행자,여,6세,경상
2018080900100314,2018년 8월 9일 14시,목요일,충청남도 천안시 서북구 쌍용동,경상사고,0,0,1,0,차대사람 - 기타,안전운전불이행,건조,맑음,단일로 - 기타,이륜,남,36세,상해없음,보행자,남,7세,경상
2018080900100315,2018년 8월 9일 14시,목요일,충청남도 천안시 서북구 쌍용동,중상사고,0,1,0,0,차대차 - 측면충돌,안전운전불이행,건조,맑음,교차로 - 교차로안,승용,남,66세,상해없음,이륜,남,80세,중상
2018080900100350,2018년 8월 9일 15시,목요일,충청남도 천안시 서북구 성정동,경상사고,0,0,3,0,차대차 - 추돌,안전운전불이행,건조,맑음,단일로 - 기타,승용,남,31세,상해없음,승용,남,68세,경상
2018080900100351,2018년 8월 9일 15시,목요일,충청남도 공주시 탄천면,경상사고,0,0,1,0,차대차 - 측면충돌,안전운전불이행,건조,맑음,단일로 - 기타,이륜,남,75세,경상,화물,남,29세,상해없음
2018080900100352,2018년 8월 9일 15시,목요일,충청남도 태안군 태안읍,경상사고,0,0,1,0,차대차 - 측면충돌,교차로운행방법위반,건조,맑음,교차로 - 교차로안,승용,남,58세,상해없음,승용,남,36세,경상
2018080900100433,2018년 8월 9일 17시,목요일,충청남도 예산군 삽교읍,경상사고,0,0,2,0,차대차 - 측면충돌,안전운전불이행,건조,맑음,단일로 - 기타,승합,남,48세,상해없음,승용,여,56세,경상
2018080900100470,2018년 8월 9일 18시,목요일,충청남도 천안시 서북구 쌍용동,중상사고,0,1,0,0,차대차 - 측면충돌,신호위반,건조,맑음,교차로 - 교차로안,승용,남,45세,상해없음,이륜,남,17세,중상
2018080900100518,2018년 8월 9일 19시,목요일,충청남도 당진시 읍내리,중상사고,0,2,0,0,차대차 - 추돌,안전운전불이행,건조,맑음,단일로 - 기타,승용,남,49세,상해없음,승용,여,42세,중상
2018080900100542,2018년 8월 9일 20시,목요일,충청남도 보령시 웅천읍,중상사고,0,1,0,0,차대차 - 측면충돌,안전운전불이행,건조,맑음,단일로 - 기타,승용,남,56세,상해없음,승용,여,46세,중상
2018080900100592,2018년 8월 9일 22시,목요일,충청남도 천안시 서북구 성거읍,경상사고,0,0,1,0,차대차 - 추돌,안전운전불이행,건조,맑음,단일로 - 기타,승용,남,47세,상해없음,화물,남,51세,경상
2018080900100593,2018년 8월 9일 22시,목요일,충청남도 천안시 동남구 수신면,중상사고,0,1,0,0,차대사람 - 기타,안전운전불이행,건조,맑음,단일로 - 기타,승용,여,50세,상해없음,보행자,남,46세,중상
2018080900100623,2018년 8월 9일 23시,목요일,충청남도 천안시 서북구 두정동,중상사고,0,1,1,0,차대차 - 기타,안전운전불이행,건조,맑음,단일로 - 기타,승용,남,25세,상해없음,승용,남,28세,경상
2018080900100624,2018년 8월 9일 23시,목요일,충청남도 공주시 동현동,경상사고,0,0,1,0,차량단독 - 전도전복 - 전도,안전운전불이행,건조,맑음,단일로 - 기타,승용,남,66세,경상,미분류,미분류,미분류,미분류
2018081000100053,2018년 8월 10일 05시,금요일,충청남도 보령시 궁촌동,경상사고,0,0,1,0,차대차 - 기타,차로위반,건조,맑음,단일로 - 기타,승용,남,66세,상해없음,화물,남,44세,경상
2018081000100127,2018년 8월 10일 08시,금요일,충청남도 홍성군 홍성읍,경상사고,0,0,1,1,차대차 - 측면충돌,안전운전불이행,건조,맑음,기타 - 기타,승용,남,73세,상해없음,승용,남,63세,경상
2018081000100150,2018년 8월 10일 09시,금요일,충청남도 청양군 청양읍,중상사고,0,1,0,0,차대차 - 측면충돌,안전운전불이행,건조,맑음,기타 - 기타,화물,남,43세,상해없음,이륜,남,79세,중상
2018081000100151,2018년 8월 10일 09시,금요일,충청남도 태안군 안면읍,중상사고,0,1,0,0,차량단독 - 공작물충돌,안전운전불이행,건조,맑음,단일로 - 기타,화물,남,63세,중상,,,,
2018081000100208,2018년 8월 10일 11시,금요일,충청남도 천안시 서북구 입장면,중상사고,0,1,0,0,차대차 - 측면충돌,안전운전불이행,건조,맑음,교차로 - 교차로안,화물,남,61세,상해없음,화물,남,62세,중상
2018081000100209,2018년 8월 10일 11시,금요일,충청남도 천안시 동남구 삼룡동,중상사고,0,1,0,0,차대차 - 측면충돌,차로위반,건조,맑음,교차로 - 교차로안,자전거,남,86세,중상,화물,남,64세,상해없음
2018081000100237,2018년 8월 10일 12시,금요일,충청남도 논산시 내동,중상사고,0,1,1,0,차대차 - 측면충돌,중앙선침범,건조,맑음,교차로 - 교차로부근,화물,남,22세,경상,승용,여,47세,중상
2018081000100238,2018년 8월 10일 12시,금요일,충청남도 아산시 도고면,중상사고,0,1,0,0,차대차 - 측면충돌,안전운전불이행,건조,맑음,교차로 - 교차로안,화물,남,34세,상해없음,이륜,여,67세,중상
2018081000100279,2018년 8월 10일 13시,금요일,충청남도 아산시 온천동,경상사고,0,0,1,0,차대사람 - 횡단중,보행자보호의무위반,건조,맑음,교차로 - 교차로횡단보도내,승용,여,55세,상해없음,보행자,여,59세,경상
2018081000100397,2018년 8월 10일 16시,금요일,충청남도 보령시 신흑동,중상사고,0,2,0,0,차대차 - 측면충돌,중앙선침범,건조,맑음,단일로 - 기타,승용,여,53세,상해없음,화물,남,33세,중상
2018081000100439,2018년 8월 10일 17시,금요일,충청남도 서천군 서면,중상사고,0,4,1,0,차대차 - 측면충돌,직진우회전진행방해,건조,맑음,교차로 - 교차로안,화물,여,64세,경상,승용,남,63세,중상
2018081000100440,2018년 8월 10일 17시,금요일,충청남도 천안시 동남구 병천면,중상사고,0,2,0,0,차대차 - 추돌,안전운전불이행,건조,맑음,단일로 - 기타,승용,남,62세,상해없음,승용,남,41세,중상
2018081000100487,2018년 8월 10일 18시,금요일,충청남도 서천군 마서면,중상사고,0,2,0,0,차량단독 - 전도전복 - 전도,안전운전불이행,건조,맑음,단일로 - 기타,농기계,여,55세,중상,미분류,미분류,미분류,미분류
2018081000100488,2018년 8월 10일 18시,금요일,충청남도 공주시 신관동,중상사고,0,1,3,0,차대차 - 측면충돌,안전운전불이행,건조,맑음,교차로 - 교차로안,승용,남,60세,기타불명,승용,남,66세,경상
2018081000100489,2018년 8월 10일 18시,금요일,충청남도 당진시 합덕읍,중상사고,0,1,1,0,차대차 - 측면충돌,교차로운행방법위반,건조,맑음,교차로 - 교차로안,승용,여,51세,중상,승용,남,23세,경상
2018081000100490,2018년 8월 10일 18시,금요일,충청남도 당진시 송산면,중상사고,0,1,0,0,차대차 - 측면충돌,교차로운행방법위반,건조,맑음,교차로 - 교차로안,승용,남,34세,상해없음,승용,남,39세,중상
2018081000100491,2018년 8월 10일 18시,금요일,충청남도 천안시 동남구 병천면,중상사고,0,1,0,0,차대차 - 측면충돌,중앙선침범,건조,맑음,단일로 - 기타,승용,남,32세,상해없음,승용,남,41세,중상
2018081000100533,2018년 8월 10일 19시,금요일,충청남도 천안시 서북구 입장면,중상사고,0,1,0,0,차대차 - 정면충돌,중앙선침범,건조,맑음,교차로 - 교차로부근,승용,남,23세,상해없음,승용,남,52세,중상
2018081000100534,2018년 8월 10일 19시,금요일,충청남도 아산시 배방읍,사망사고,1,0,0,0,차대사람 - 기타,안전운전불이행,건조,맑음,단일로 - 교량,승용,여,25세,상해없음,보행자,남,74세,사망
2018081000100572,2018년 8월 10일 20시,금요일,충청남도 서산시 읍내동,중상사고,0,1,0,0,차대사람 - 횡단중,보행자보호의무위반,건조,맑음,단일로 - 기타,화물,남,58세,상해없음,보행자,여,52세,중상
2018081000100573,2018년 8월 10일 20시,금요일,충청남도 아산시 법곡동,경상사고,0,0,1,0,차대차 - 기타,신호위반,건조,맑음,교차로 - 교차로안,이륜,남,37세,상해없음,승용,남,30세,경상
2018081000100575,2018년 8월 10일 20시,금요일,충청남도 당진시 신평면,중상사고,0,1,2,0,차대차 - 측면충돌,중앙선침범,건조,맑음,단일로 - 기타,승용,남,71세,중상,화물,남,48세,경상
2018081000100607,2018년 8월 10일 21시,금요일,충청남도 금산군 금산읍,경상사고,0,0,1,0,차대차 - 측면충돌,안전운전불이행,건조,맑음,단일로 - 교량,자전거,남,15세,경상,승용,남,53세,상해없음
2018081000100625,2018년 8월 10일 22시,금요일,충청남도 서산시 부석면,사망사고,1,0,0,0,차대차 - 추돌,안전운전불이행,건조,맑음,단일로 - 기타,이륜,남,33세,사망,농기계,남,62세,상해없음
2018081000100626,2018년 8월 10일 22시,금요일,충청남도 서산시 예천동,중상사고,0,1,1,0,차대차 - 추돌,안전운전불이행,건조,맑음,단일로 - 기타,승용,남,48세,상해없음,승용,남,28세,중상
2018081000100627,2018년 8월 10일 22시,금요일,충청남도 천안시 서북구 두정동,경상사고,0,0,1,0,차대사람 - 기타,안전운전불이행,건조,맑음,단일로 - 기타,승용,여,21세,상해없음,보행자,남,36세,경상
2018081000100628,2018년 8월 10일 22시,금요일,충청남도 태안군 태안읍,경상사고,0,0,1,0,차대사람 - 길가장자리구역통행중,안전운전불이행,건조,기타,단일로 - 기타,기타불명,기타불명,미분류,기타불명,보행자,남,51세,경상
2018081100100015,2018년 8월 11일 00시,토요일,충청남도 서산시 읍내동,경상사고,0,0,1,0,차대차 - 측면충돌,안전운전불이행,건조,맑음,단일로 - 기타,승용,남,38세,상해없음,승용,남,41세,경상
2018081100100072,2018년 8월 11일 05시,토요일,충청남도 공주시 신관동,사망사고,1,0,0,0,차대사람 - 횡단중,신호위반,건조,맑음,교차로 - 교차로부근,승용,남,28세,상해없음,보행자,여,63세,사망
2018081100100088,2018년 8월 11일 06시,토요일,충청남도 태안군 태안읍,경상사고,0,0,1,0,차대차 - 측면충돌,안전운전불이행,건조,맑음,교차로 - 교차로부근,화물,남,44세,상해없음,이륜,남,75세,경상
2018081100100153,2018년 8월 11일 09시,토요일,충청남도 천안시 동남구 성남면,경상사고,0,0,1,0,차량단독 - 전도전복 - 전도,안전운전불이행,건조,맑음,단일로 - 기타,이륜,남,17세,경상,미분류,미분류,미분류,미분류
2018081100100181,2018년 8월 11일 10시,토요일,충청남도 논산시 양촌면,경상사고,0,0,1,0,차대차 - 측면충돌,중앙선침범,건조,맑음,단일로 - 기타,승합,남,34세,상해없음,자전거,남,16세,경상
2018081100100237,2018년 8월 11일 12시,토요일,충청남도 아산시 배방읍,경상사고,0,0,3,0,차대차 - 추돌,안전운전불이행,건조,맑음,기타 - 기타,승용,남,30세,상해없음,승용,남,34세,경상
2018081100100271,2018년 8월 11일 13시,토요일,충청남도 천안시 서북구 성정동,부상신고사고,0,0,0,1,차대사람 - 횡단중,안전운전불이행,건조,맑음,교차로 - 교차로안,승합,남,48세,상해없음,보행자,여,79세,부상신고
2018081100100272,2018년 8월 11일 13시,토요일,충청남도 당진시 송산면,중상사고,0,1,0,0,차대차 - 측면충돌,신호위반,건조,맑음,교차로 - 교차로안,화물,남,58세,상해없음,화물,남,22세,중상
2018081100100312,2018년 8월 11일 14시,토요일,충청남도 아산시 모종동,경상사고,0,0,3,0,차대차 - 추돌,안전운전불이행,건조,맑음,기타 - 기타,승용,여,40세,상해없음,승용,남,42세,경상
2018081100100352,2018년 8월 11일 15시,토요일,충청남도 공주시 우성면,경상사고,0,0,2,0,차대차 - 측면충돌,안전운전불이행,건조,맑음,단일로 - 기타,승용,남,43세,상해없음,승용,여,48세,경상
2018081100100353,2018년 8월 11일 15시,토요일,충청남도 당진시 합덕읍,중상사고,0,1,0,0,차대차 - 측면충돌,교차로운행방법위반,건조,맑음,교차로 - 교차로안,승용,여,55세,상해없음,승용,남,40세,상해없음
2018081100100385,2018년 8월 11일 16시,토요일,충청남도 천안시 서북구 두정동,경상사고,0,0,3,0,차대차 - 측면충돌,교차로운행방법위반,건조,맑음,교차로 - 교차로안,승용,여,22세,경상,승용,남,30세,경상
2018081100100386,2018년 8월 11일 16시,토요일,충청남도 천안시 서북구 쌍용동,경상사고,0,0,1,0,차대차 - 추돌,안전운전불이행,건조,맑음,교차로 - 교차로부근,승용,남,54세,상해없음,승용,여,44세,경상
2018081100100387,2018년 8월 11일 16시,토요일,충청남도 당진시 신평면,중상사고,0,1,1,0,차대차 - 추돌,신호위반,건조,맑음,교차로 - 교차로안,승용,여,23세,상해없음,승용,여,57세,중상
2018081100100388,2018년 8월 11일 16시,토요일,충청남도 태안군 소원면,경상사고,0,0,1,0,차량단독 - 기타,안전운전불이행,건조,맑음,기타 - 기타,원동기,여,14세,상해없음,,,,
2018081100100414,2018년 8월 11일 17시,토요일,충청남도 태안군 태안읍,중상사고,0,1,0,0,차대차 - 정면충돌,직진우회전진행방해,건조,맑음,교차로 - 교차로안,화물,남,73세,상해없음,이륜,남,45세,중상
2018081100100415,2018년 8월 11일 17시,토요일,충청남도 태안군 태안읍,중상사고,0,2,0,0,차대차 - 측면충돌,안전운전불이행,건조,맑음,단일로 - 기타,화물,남,63세,상해없음,화물,남,77세,중상
2018081100100454,2018년 8월 11일 18시,토요일,충청남도 태안군 원북면,경상사고,0,0,1,2,차대차 - 정면충돌,중앙선침범,건조,맑음,단일로 - 기타,화물,남,74세,부상신고,승용,남,33세,경상
2018081100100485,2018년 8월 11일 19시,토요일,충청남도 당진시 석문면,중상사고,0,3,0,0,차대차 - 기타,중앙선침범,건조,맑음,단일로 - 기타,승용,여,60세,상해없음,승용,남,64세,중상
2018081100100536,2018년 8월 11일 21시,토요일,충청남도 당진시 송악읍,경상사고,0,0,2,0,차대차 - 추돌,안전운전불이행,건조,맑음,단일로 - 기타,승용,남,57세,상해없음,승용,남,32세,경상
2018081100100574,2018년 8월 11일 23시,토요일,충청남도 천안시 동남구 원성동,중상사고,0,1,0,0,차대차 - 측면충돌,신호위반,건조,맑음,교차로 - 교차로안,이륜,남,24세,중상,승용,남,47세,상해없음
2018081200100007,2018년 8월 12일 00시,일요일,충청남도 천안시 동남구 신부동,중상사고,0,1,0,0,차량단독 - 공작물충돌,안전운전불이행,건조,맑음,교차로 - 교차로안,이륜,남,35세,중상,,,,
2018081200100036,2018년 8월 12일 02시,일요일,충청남도 예산군 예산읍,경상사고,0,0,1,0,차대차 - 측면충돌,신호위반,건조,맑음,교차로 - 교차로안,승용,남,41세,상해없음,승합,남,25세,경상
2018081200100119,2018년 8월 12일 09시,일요일,충청남도 서천군 서면,부상신고사고,0,0,0,1,차대사람 - 차도통행중,안전운전불이행,건조,맑음,교차로 - 교차로부근,이륜,남,54세,상해없음,보행자,남,59세,부상신고
2018081200100120,2018년 8월 12일 09시,일요일,충청남도 보령시 청라면,중상사고,0,1,0,0,차대사람 - 기타,안전운전불이행,건조,맑음,단일로 - 기타,화물,남,46세,상해없음,보행자,여,85세,중상
2018081200100121,2018년 8월 12일 09시,일요일,충청남도 청양군 비봉면,중상사고,0,1,0,0,차대차 - 측면충돌,교차로운행방법위반,건조,맑음,교차로 - 교차로안,승용,남,69세,상해없음,승용,남,61세,중상
2018081200100200,2018년 8월 12일 13시,일요일,충청남도 태안군 안면읍,부상신고사고,0,0,0,1,차대차 - 추돌,안전운전불이행,건조,맑음,교차로 - 교차로부근,화물,남,45세,부상신고,승용,남,50세,상해없음
2018081200100257,2018년 8월 12일 15시,일요일,충청남도 당진시 송악읍,중상사고,0,1,0,0,차대차 - 추돌,기타,건조,맑음,교차로 - 교차로부근,원동기,남,68세,중상,승용,여,33세,상해없음
2018081200100258,2018년 8월 12일 15시,일요일,충청남도 청양군 대치면,경상사고,0,0,1,0,차량단독 - 전도전복 - 전도,안전운전불이행,건조,맑음,단일로 - 기타,승용,여,55세,경상,미분류,미분류,미분류,미분류
2018081200100297,2018년 8월 12일 16시,일요일,충청남도 공주시 계룡면,중상사고,0,1,0,0,차대차 - 추돌,안전운전불이행,건조,흐림,단일로 - 기타,승용,남,54세,상해없음,이륜,남,47세,중상
2018081200100326,2018년 8월 12일 17시,일요일,충청남도 천안시 서북구 불당동,경상사고,0,0,1,0,차대차 - 기타,안전운전불이행,건조,맑음,단일로 - 기타,원동기,남,24세,경상,승용,남,49세,상해없음
2018081200100347,2018년 8월 12일 18시,일요일,충청남도 보령시 동대동,경상사고,0,0,1,0,차대차 - 측면충돌,안전운전불이행,젖음/습기,흐림,교차로 - 교차로안,화물,남,58세,상해없음,이륜,남,47세,경상
2018081200100348,2018년 8월 12일 18시,일요일,충청남도 공주시 봉정동,사망사고,1,0,0,0,차량단독 - 공작물충돌,안전운전불이행,젖음/습기,비,단일로 - 교량,승용,남,52세,사망,,,,
2018081200100349,2018년 8월 12일 18시,일요일,충청남도 공주시 탄천면,중상사고,0,1,1,0,차대차 - 정면충돌,안전운전불이행,젖음/습기,비,기타 - 기타,화물,남,57세,경상,승용,여,58세,중상