사고번호,사고일시,요일,시군구,사고내용,사망자수,중상자수,경상자수,부상신고자수,사고유형,법규위반,노면상태,기상상태,도로형태,가해운전자 차종,가해운전자 성별,가해운전자 연령,가해운전자 상해정도,피해운전자 차종,피해운전자 성별,피해운전자 연령,피해운전자 상해정도
2018081700100431,2018년 8월 17일 16시,금요일,충청남도 서산시 읍내동,경상사고,0,0,1,0,차대차 - 측면충돌,교차로운행방법위반,건조,맑음,교차로 - 교차로안,승용,남,76세,상해없음,승용,여,40세,경상
2018081700100432,2018년 8월 17일 16시,금요일,충청남도 공주시 유구읍,중상사고,0,1,0,0,차대차 - 추돌,안전운전불이행,건조,맑음,단일로 - 기타,화물,여,57세,상해없음,이륜,남,62세,중상
2018081700100433,2018년 8월 17일 16시,금요일,충청남도 당진시 수청리,경상사고,0,0,1,0,차대사람 - 기타,안전운전불이행,건조,맑음,단일로 - 기타,승용,남,65세,상해없음,보행자,여,33세,경상
2018081700100434,2018년 8월 17일 16시,금요일,충청남도 청양군 남양면,경상사고,0,0,1,0,차대사람 - 기타,안전운전불이행,건조,맑음,단일로 - 기타,승용,남,55세,상해없음,보행자,남,48세,경상
2018081700100489,2018년 8월 17일 17시,금요일,충청남도 부여군 규암면,중상사고,0,1,0,0,차대사람 - 기타,기타,건조,맑음,단일로 - 기타,승합,남,55세,상해없음,보행자,여,75세,중상
2018081700100536,2018년 8월 17일 18시,금요일,충청남도 당진시 읍내리,경상사고,0,0,2,0,차대차 - 측면충돌,안전운전불이행,건조,맑음,단일로 - 기타,승용,여,40세,경상,이륜,남,26세,경상
2018081700100579,2018년 8월 17일 19시,금요일,충청남도 천안시 서북구 성정동,중상사고,0,1,0,0,차대사람 - 횡단중,중앙선침범,건조,맑음,단일로 - 기타,이륜,남,22세,상해없음,보행자,남,25세,중상
2018081700100614,2018년 8월 17일 20시,금요일,충청남도 천안시 서북구 백석동,경상사고,0,0,1,0,차대차 - 측면충돌,안전운전불이행,건조,맑음,단일로 - 기타,승용,남,39세,상해없음,승용,남,59세,경상
2018081700100650,2018년 8월 17일 21시,금요일,충청남도 당진시 석문면,중상사고,0,1,0,0,차대차 - 측면충돌,안전운전불이행,건조,맑음,단일로 - 기타,화물,남,50세,상해없음,승용,남,39세,중상
2018081700100678,2018년 8월 17일 22시,금요일,충청남도 천안시 서북구 성정동,경상사고,0,0,1,0,차대차 - 추돌,안전운전불이행,건조,맑음,교차로 - 교차로부근,승용,남,61세,상해없음,승용,남,31세,경상
2018081700100679,2018년 8월 17일 22시,금요일,충청남도 천안시 서북구 백석동,경상사고,0,0,1,0,차대사람 - 횡단중,안전운전불이행,건조,맑음,교차로 - 교차로횡단보도내,기타불명,기타불명,미분류,기타불명,보행자,남,49세,경상
2018081700100697,2018년 8월 17일 23시,금요일,충청남도 서산시 동문동,경상사고,0,0,3,0,차대차 - 추돌,안전운전불이행,건조,맑음,교차로 - 교차로부근,승용,남,39세,상해없음,승용,남,49세,경상
2018081800100070,2018년 8월 18일 04시,토요일,충청남도 천안시 동남구 구성동,경상사고,0,0,1,0,차량단독 - 공작물충돌,안전운전불이행,건조,맑음,단일로 - 기타,이륜,남,18세,경상,,,,
2018081800100105,2018년 8월 18일 07시,토요일,충청남도 천안시 서북구 백석동,경상사고,0,0,1,0,차대차 - 측면충돌,차로위반,건조,맑음,단일로 - 기타,승용,남,53세,상해없음,승용,남,29세,경상
2018081800100106,2018년 8월 18일 07시,토요일,충청남도 당진시 송악읍,경상사고,0,0,1,0,차대차 - 측면충돌,안전거리미확보,건조,맑음,단일로 - 기타,화물,남,58세,상해없음,승용,남,29세,경상
2018081800100107,2018년 8월 18일 07시,토요일,충청남도 천안시 동남구 신방동,경상사고,0,0,1,0,차대차 - 측면충돌,교차로운행방법위반,건조,맑음,단일로 - 기타,승용,남,49세,상해없음,승용,남,30세,경상
2018081800100128,2018년 8월 18일 08시,토요일,충청남도 아산시 풍기동,중상사고,0,1,0,0,차대사람 - 횡단중,안전운전불이행,건조,맑음,교차로 - 교차로안,승용,여,56세,상해없음,보행자,여,18세,중상
2018081800100129,2018년 8월 18일 08시,토요일,충청남도 청양군 장평면,경상사고,0,0,2,0,차대차 - 측면충돌,신호위반,건조,맑음,교차로 - 교차로안,화물,남,50세,경상,화물,남,62세,경상
2018081800100169,2018년 8월 18일 09시,토요일,충청남도 당진시 신평면,경상사고,0,0,1,0,차대사람 - 기타,안전운전불이행,건조,맑음,기타 - 기타,승용,남,56세,기타불명,보행자,남,45세,경상
2018081800100200,2018년 8월 18일 10시,토요일,충청남도 천안시 서북구 불당동,경상사고,0,0,1,0,차대차 - 측면충돌,기타,건조,맑음,단일로 - 기타,승용,남,38세,상해없음,승용,여,63세,경상
2018081800100201,2018년 8월 18일 10시,토요일,충청남도 공주시 유구읍,부상신고사고,0,0,0,1,차대차 - 기타,안전운전불이행,건조,맑음,기타 - 기타,기타불명,기타불명,미분류,기타불명,농기계,남,68세,부상신고
2018081800100202,2018년 8월 18일 10시,토요일,충청남도 당진시 신평면,사망사고,1,0,1,0,차대차 - 정면충돌,안전운전불이행,건조,맑음,단일로 - 기타,승용,여,59세,사망,승용,남,68세,경상
2018081800100203,2018년 8월 18일 10시,토요일,충청남도 당진시 합덕읍,경상사고,0,0,1,0,차대차 - 측면충돌,교차로운행방법위반,건조,맑음,교차로 - 교차로안,이륜,남,77세,경상,승용,여,56세,상해없음
2018081800100204,2018년 8월 18일 10시,토요일,충청남도 당진시 원당리,경상사고,0,0,3,0,차대차 - 기타,안전운전불이행,건조,맑음,교차로 - 교차로안,승용,여,33세,경상,화물,남,66세,경상
2018081800100234,2018년 8월 18일 11시,토요일,충청남도 당진시 우강면,사망사고,1,2,2,0,차대차 - 측면충돌,교차로운행방법위반,건조,맑음,교차로 - 교차로안,승용,남,57세,중상,승합,남,71세,경상
2018081800100235,2018년 8월 18일 11시,토요일,충청남도 당진시 합덕읍,경상사고,0,0,3,0,차대차 - 측면충돌,신호위반,건조,맑음,교차로 - 교차로안,승용,남,57세,상해없음,승용,남,58세,경상
2018081800100270,2018년 8월 18일 12시,토요일,충청남도 공주시 신관동,중상사고,0,1,0,0,차대차 - 측면충돌,기타,건조,맑음,단일로 - 기타,승용,남,52세,상해없음,자전거,남,13세,중상
2018081800100336,2018년 8월 18일 14시,토요일,충청남도 천안시 서북구 쌍용동,경상사고,0,0,1,0,차대차 - 측면충돌,안전거리미확보,건조,맑음,기타 - 기타,승용,여,64세,상해없음,승용,여,51세,경상
2018081800100337,2018년 8월 18일 14시,토요일,충청남도 천안시 동남구 원성동,경상사고,0,0,1,0,차대차 - 측면충돌,안전운전불이행,건조,맑음,단일로 - 기타,자전거,남,17세,경상,승용,남,69세,상해없음
2018081800100338,2018년 8월 18일 14시,토요일,충청남도 태안군 고남면,부상신고사고,0,0,0,1,차대차 - 기타,안전운전불이행,건조,맑음,교차로 - 교차로부근,기타불명,기타불명,미분류,기타불명,이륜,남,78세,부상신고
2018081800100382,2018년 8월 18일 15시,토요일,충청남도 논산시 내동,경상사고,0,0,1,0,차대차 - 측면충돌,안전운전불이행,건조,맑음,교차로 - 교차로안,화물,남,30세,상해없음,자전거,남,14세,경상
2018081800100383,2018년 8월 18일 15시,토요일,충청남도 보령시 궁촌동,경상사고,0,0,2,0,차대차 - 측면충돌,안전운전불이행,건조,맑음,교차로 - 교차로안,승용,남,57세,상해없음,승용,남,24세,경상
2018081800100455,2018년 8월 18일 17시,토요일,충청남도 논산시 양촌면,경상사고,0,0,5,0,차대차 - 측면충돌,중앙선침범,건조,맑음,단일로 - 기타,승용,남,52세,경상,승용,남,35세,경상
2018081800100456,2018년 8월 18일 17시,토요일,충청남도 홍성군 홍성읍,경상사고,0,0,3,0,차대차 - 측면충돌,안전운전불이행,건조,맑음,교차로 - 교차로안,승용,남,50세,상해없음,승용,여,57세,경상
2018081800100521,2018년 8월 18일 19시,토요일,충청남도 서산시 해미면,중상사고,0,1,0,0,차대사람 - 횡단중,안전운전불이행,건조,맑음,단일로 - 기타,화물,남,55세,상해없음,보행자,남,76세,중상
2018081800100522,2018년 8월 18일 19시,토요일,충청남도 서천군 마서면,중상사고,0,2,2,0,차대차 - 측면충돌,직진우회전진행방해,건조,맑음,교차로 - 교차로안,화물,여,54세,경상,이륜,남,37세,중상
2018081800100554,2018년 8월 18일 20시,토요일,충청남도 당진시 신평면,경상사고,0,0,2,0,차대차 - 추돌,안전운전불이행,건조,맑음,교차로 - 교차로부근,화물,남,61세,상해없음,승용,남,49세,경상
2018081800100588,2018년 8월 18일 21시,토요일,충청남도 천안시 서북구 성정동,중상사고,0,1,2,0,차대차 - 기타,기타,건조,맑음,교차로 - 교차로부근,승용,남,22세,상해없음,이륜,남,50세,중상
2018081800100589,2018년 8월 18일 21시,토요일,충청남도 아산시 모종동,경상사고,0,0,2,0,차대차 - 추돌,안전운전불이행,건조,맑음,교차로 - 교차로부근,승용,남,48세,상해없음,승용,여,31세,경상
2018081800100617,2018년 8월 18일 22시,토요일,충청남도 천안시 서북구 쌍용동,중상사고,0,1,1,0,차대차 - 기타,신호위반,건조,맑음,교차로 - 교차로안,화물,남,49세,중상,승용,남,53세,경상
2018081800100618,2018년 8월 18일 22시,토요일,충청남도 아산시 탕정면,중상사고,0,1,0,0,차량단독 - 기타,안전운전불이행,건조,맑음,단일로 - 기타,이륜,남,18세,중상,,,,
2018081800100634,2018년 8월 18일 23시,토요일,충청남도 아산시 신창면,경상사고,0,0,1,0,차대차 - 추돌,안전운전불이행,건조,맑음,교차로 - 교차로안,승용,남,34세,상해없음,승용,남,30세,경상
2018081900100011,2018년 8월 19일 00시,일요일,충청남도 서산시 석남동,사망사고,1,0,0,0,차대차 - 추돌,안전운전불이행,건조,맑음,단일로 - 기타,승용,남,55세,사망,특수,남,36세,기타불명
2018081900100082,2018년 8월 19일 05시,일요일,충청남도 공주시 옥룡동,중상사고,0,1,1,0,차대차 - 측면충돌,신호위반,건조,맑음,교차로 - 교차로안,승용,여,37세,경상,승용,남,45세,중상
2018081900100083,2018년 8월 19일 05시,일요일,충청남도 예산군 응봉면,경상사고,0,0,1,0,차량단독 - 전도전복 - 전도,안전운전불이행,건조,맑음,단일로 - 기타,이륜,남,17세,경상,미분류,미분류,미분류,미분류
2018081900100096,2018년 8월 19일 06시,일요일,충청남도 천안시 동남구 신부동,사망사고,1,0,0,0,차량단독 - 기타,안전운전불이행,건조,맑음,단일로 - 기타,승용,남,43세,사망,,,,
2018081900100120,2018년 8월 19일 08시,일요일,충청남도 당진시 신평면,경상사고,0,0,1,0,차대차 - 기타,안전운전불이행,건조,맑음,단일로 - 기타,화물,남,47세,상해없음,승용,남,47세,경상
2018081900100133,2018년 8월 19일 09시,일요일,충청남도 청양군 청양읍,중상사고,0,1,0,0,차대차 - 추돌,안전운전불이행,건조,맑음,교차로 - 교차로부근,이륜,남,43세,중상,승용,여,63세,상해없음
2018081900100148,2018년 8월 19일 10시,일요일,충청남도 아산시 온천동,중상사고,0,1,0,0,차대사람 - 횡단중,보행자보호의무위반,건조,맑음,교차로 - 교차로횡단보도내,승용,남,58세,상해없음,보행자,남,86세,중상
2018081900100180,2018년 8월 19일 11시,일요일,충청남도 홍성군 홍성읍,중상사고,0,1,0,0,차대사람 - 횡단중,안전운전불이행,건조,맑음,단일로 - 기타,승용,여,43세,상해없음,보행자,남,7세,중상
2018081900100237,2018년 8월 19일 13시,일요일,충청남도 천안시 서북구 쌍용동,부상신고사고,0,0,0,1,차대차 - 측면충돌,안전운전불이행,건조,맑음,교차로 - 교차로안,이륜,남,23세,부상신고,승용,남,72세,상해없음
2018081900100238,2018년 8월 19일 13시,일요일,충청남도 보령시 웅천읍,경상사고,0,0,2,0,차대차 - 측면충돌,중앙선침범,건조,맑음,기타 - 기타,승용,여,50세,상해없음,승용,여,37세,상해없음
2018081900100239,2018년 8월 19일 13시,일요일,충청남도 천안시 동남구 봉명동,경상사고,0,0,2,0,차대차 - 기타,교차로운행방법위반,건조,맑음,교차로 - 교차로안,승용,남,22세,상해없음,승용,남,47세,경상
2018081900100265,2018년 8월 19일 14시,일요일,충청남도 천안시 서북구 성정동,중상사고,0,1,0,0,차대차 - 측면충돌,안전운전불이행,건조,맑음,교차로 - 교차로안,승용,남,28세,상해없음,원동기,남,56세,중상
2018081900100286,2018년 8월 19일 15시,일요일,충청남도 아산시 배방읍,중상사고,0,1,1,0,차대차 - 측면충돌,중앙선침범,건조,맑음,단일로 - 기타,승용,남,54세,상해없음,승용,남,27세,경상
2018081900100289,2018년 8월 19일 15시,일요일,충청남도 당진시 송악읍,경상사고,0,0,5,1,차대차 - 추돌,안전거리미확보,건조,맑음,단일로 - 기타,승용,남,27세,상해없음,승합,여,31세,경상
2018081900100358,2018년 8월 19일 17시,일요일,충청남도 천안시 서북구 직산읍,경상사고,0,0,1,0,차대차 - 측면충돌,신호위반,건조,맑음,교차로 - 교차로안,승용,여,63세,상해없음,승용,남,26세,경상
2018081900100359,2018년 8월 19일 17시,일요일,충청남도 예산군 예산읍,경상사고,0,0,1,0,차대차 - 기타,안전운전불이행,건조,맑음,교차로 - 교차로부근,승용,남,36세,상해없음,승용,여,32세,경상
2018081900100383,2018년 8월 19일 18시,일요일,충청남도 서산시 해미면,중상사고,0,1,0,0,차대차 - 추돌,안전거리미확보,건조,맑음,단일로 - 기타,이륜,남,47세,상해없음,이륜,남,34세,중상
2018081900100417,2018년 8월 19일 19시,일요일,충청남도 공주시 신관동,중상사고,0,1,0,0,차대차 - 측면충돌,안전운전불이행,건조,맑음,교차로 - 교차로안,이륜,남,41세,중상,승용,남,51세,상해없음
2018081900100477,2018년 8월 19일 21시,일요일,충청남도 당진시 석문면,중상사고,0,2,3,0,차대차 - 추돌,안전거리미확보,건조,맑음,교차로 - 교차로부근,승용,여,44세,중상,승용,남,32세,경상
2018082000100011,2018년 8월 20일 01시,월요일,충청남도 당진시 송악읍,사망사고,1,1,1,0,차대사람 - 기타,안전운전불이행,건조,맑음,단일로 - 기타,승용,남,28세,상해없음,보행자,남,59세,사망
2018082000100017,2018년 8월 20일 02시,월요일,충청남도 서산시 음암면,중상사고,0,1,0,0,차량단독 - 전도전복 - 전도,안전운전불이행,건조,맑음,단일로 - 기타,이륜,남,36세,중상,미분류,미분류,미분류,미분류
2018082000100018,2018년 8월 20일 02시,월요일,충청남도 천안시 서북구 백석동,경상사고,0,0,2,0,차대차 - 측면충돌,교차로운행방법위반,건조,맑음,단일로 - 기타,승용,여,27세,상해없음,승용,여,26세,경상
2018082000100045,2018년 8월 20일 06시,월요일,충청남도 서산시 잠홍동,중상사고,0,1,0,0,차대차 - 측면충돌,안전운전불이행,건조,맑음,교차로 - 교차로안,자전거,여,61세,중상,승용,남,65세,상해없음
2018082000100094,2018년 8월 20일 08시,월요일,충청남도 서산시 음암면,경상사고,0,0,1,0,차대차 - 측면충돌,안전운전불이행,건조,맑음,단일로 - 기타,승용,여,34세,상해없음,화물,남,67세,경상
2018082000100095,2018년 8월 20일 08시,월요일,충청남도 당진시 시곡리,중상사고,0,1,0,0,차대차 - 기타,안전거리미확보,건조,맑음,단일로 - 기타,화물,남,60세,상해없음,승용,남,47세,중상
2018082000100133,2018년 8월 20일 09시,월요일,충청남도 논산시 양촌면,중상사고,0,1,0,0,차대차 - 측면충돌,직진우회전진행방해,건조,맑음,교차로 - 교차로안,화물,남,53세,상해없음,이륜,남,80세,중상
2018082000100256,2018년 8월 20일 12시,월요일,충청남도 천안시 서북구 백석동,경상사고,0,0,1,0,차대차 - 측면충돌,신호위반,건조,맑음,교차로 - 교차로안,승용,여,37세,상해없음,승용,여,49세,경상
2018082000100257,2018년 8월 20일 12시,월요일,충청남도 아산시 염치읍,경상사고,0,0,1,0,차대차 - 기타,안전운전불이행,건조,맑음,교차로 - 교차로안,승용,남,56세,상해없음,승용,남,33세,경상
2018082000100298,2018년 8월 20일 13시,월요일,충청남도 부여군 부여읍,경상사고,0,0,1,0,차대차 - 측면충돌,안전운전불이행,건조,맑음,단일로 - 기타,승용,남,62세,상해없음,이륜,여,50세,경상
2018082000100330,2018년 8월 20일 14시,월요일,충청남도 홍성군 갈산면,사망사고,1,0,0,0,차량단독 - 공작물충돌,안전운전불이행,건조,맑음,단일로 - 기타,화물,남,69세,사망,,,,
2018082000100350,2018년 8월 20일 15시,월요일,충청남도 서산시 팔봉면,경상사고,0,0,1,0,차량단독 - 기타,안전운전불이행,건조,맑음,단일로 - 기타,이륜,남,50세,경상,,,,
2018082000100351,2018년 8월 20일 15시,월요일,충청남도 논산시 등화동,중상사고,0,1,0,0,차대차 - 측면충돌,안전운전불이행,건조,맑음,교차로 - 교차로안,승용,남,58세,상해없음,승용,여,53세,중상
2018082000100425,2018년 8월 20일 17시,월요일,충청남도 아산시 용화동,경상사고,0,0,2,0,차대차 - 기타,안전운전불이행,건조,맑음,기타 - 기타,승용,여,38세,상해없음,승용,여,38세,경상
2018082000100426,2018년 8월 20일 17시,월요일,충청남도 당진시 원당리,경상사고,0,0,1,0,차대차 - 측면충돌,안전거리미확보,건조,맑음,단일로 - 기타,화물,남,26세,상해없음,승용,여,52세,경상
2018082000100427,2018년 8월 20일 17시,월요일,충청남도 천안시 동남구 영성동,중상사고,0,1,0,0,차대차 - 측면충돌,중앙선침범,건조,맑음,단일로 - 기타,승합,남,53세,상해없음,이륜,여,59세,중상
2018082000100428,2018년 8월 20일 17시,월요일,충청남도 천안시 동남구 신방동,경상사고,0,0,1,0,차대차 - 측면충돌,교차로운행방법위반,건조,맑음,교차로 - 교차로안,승용,남,57세,상해없음,승용,여,53세,경상
2018082000100463,2018년 8월 20일 18시,월요일,충청남도 태안군 근흥면,경상사고,0,0,2,0,차대차 - 추돌,안전운전불이행,건조,맑음,기타 - 기타,화물,남,61세,상해없음,승용,남,77세,경상
2018082000100526,2018년 8월 20일 20시,월요일,충청남도 천안시 서북구 성정동,중상사고,0,1,0,0,차대사람 - 기타,안전운전불이행,건조,맑음,단일로 - 기타,승용,여,36세,상해없음,보행자,남,64세,중상
2018082000100527,2018년 8월 20일 20시,월요일,충청남도 공주시 사곡면,경상사고,0,0,1,0,차대차 - 추돌,안전운전불이행,건조,맑음,단일로 - 기타,승용,남,67세,상해없음,농기계,남,77세,경상
2018082000100561,2018년 8월 20일 21시,월요일,충청남도 당진시 시곡리,경상사고,0,0,3,0,차대차 - 추돌,안전운전불이행,건조,맑음,단일로 - 기타,승용,여,45세,경상,화물,남,35세,경상
2018082000100562,2018년 8월 20일 21시,월요일,충청남도 청양군 청양읍,중상사고,0,1,0,0,차대차 - 측면충돌,안전거리미확보,건조,맑음,기타 - 기타,승용,여,41세,상해없음,승용,남,54세,중상
2018082100100011,2018년 8월 21일 00시,화요일,충청남도 천안시 서북구 백석동,경상사고,0,0,2,0,차대차 - 기타,안전거리미확보,건조,맑음,단일로 - 기타,승용,남,27세,상해없음,승용,남,36세,경상
2018082100100012,2018년 8월 21일 00시,화요일,충청남도 천안시 서북구 성정동,경상사고,0,0,1,0,차대차 - 추돌,안전운전불이행,건조,맑음,단일로 - 기타,승용,남,26세,경상,승용,남,25세,상해없음
2018082100100056,2018년 8월 21일 05시,화요일,충청남도 보령시 미산면,중상사고,0,1,0,0,차량단독 - 전도전복 - 전도,안전운전불이행,건조,맑음,단일로 - 기타,이륜,남,61세,중상,미분류,미분류,미분류,미분류
2018082100100131,2018년 8월 21일 08시,화요일,충청남도 홍성군 광천읍,경상사고,0,0,2,0,차대차 - 측면충돌,안전운전불이행,젖음/습기,비,교차로 - 교차로안,승용,여,27세,경상,승용,남,29세,경상
2018082100100133,2018년 8월 21일 08시,화요일,충청남도 태안군 태안읍,경상사고,0,0,3,0,차대차 - 추돌,안전거리미확보,젖음/습기,비,교차로 - 교차로부근,승용,남,42세,상해없음,승용,남,44세,경상
2018082100100195,2018년 8월 21일 10시,화요일,충청남도 당진시 대덕리,경상사고,0,0,2,0,차대차 - 측면충돌,신호위반,젖음/습기,비,교차로 - 교차로안,승용,남,64세,경상,승용,남,44세,경상
2018082100100196,2018년 8월 21일 10시,화요일,충청남도 천안시 동남구 다가동,중상사고,0,1,0,0,차대차 - 측면충돌,신호위반,젖음/습기,비,교차로 - 교차로안,승용,남,51세,상해없음,승용,남,42세,중상
2018082100100291,2018년 8월 21일 13시,화요일,충청남도 서산시 음암면,경상사고,0,0,4,0,차대차 - 측면충돌,안전운전불이행,건조,맑음,단일로 - 기타,승용,남,30세,상해없음,승용,남,54세,경상
2018082100100292,2018년 8월 21일 13시,화요일,충청남도 서산시 고북면,중상사고,0,2,0,0,차대차 - 정면충돌,중앙선침범,건조,맑음,교차로 - 교차로부근,승용,남,63세,중상,승용,여,55세,중상
2018082100100325,2018년 8월 21일 14시,화요일,충청남도 서천군 서천읍,중상사고,0,1,0,0,차대차 - 측면충돌,안전운전불이행,건조,맑음,단일로 - 기타,화물,남,60세,상해없음,원동기,남,72세,중상
2018082100100326,2018년 8월 21일 14시,화요일,충청남도 서천군 마서면,경상사고,0,0,1,0,차대차 - 추돌,안전거리미확보,건조,맑음,단일로 - 기타,화물,남,24세,상해없음,승용,남,45세,경상
2018082100100369,2018년 8월 21일 15시,화요일,충청남도 천안시 서북구 불당동,경상사고,0,0,1,0,차대차 - 기타,안전운전불이행,건조,맑음,단일로 - 기타,승용,여,73세,상해없음,승용,여,46세,경상
2018082100100410,2018년 8월 21일 16시,화요일,충청남도 서산시 대산읍,경상사고,0,0,1,0,차대차 - 측면충돌,직진우회전진행방해,건조,맑음,교차로 - 교차로안,승용,여,61세,상해없음,사륜오토바이(ATV),여,68세,경상
2018082100100411,2018년 8월 21일 16시,화요일,충청남도 천안시 서북구 백석동,경상사고,0,0,2,0,차대차 - 기타,신호위반,건조,맑음,교차로 - 교차로안,승용,여,50세,상해없음,승용,남,53세,경상
2018082100100412,2018년 8월 21일 16시,화요일,충청남도 서천군 마서면,경상사고,0,0,3,0,차대차 - 추돌,안전거리미확보,건조,맑음,단일로 - 기타,승합,남,61세,상해없음,승용,여,30세,경상
2018082100100460,2018년 8월 21일 17시,화요일,충청남도 홍성군 갈산면,경상사고,0,0,5,0,차대차 - 기타,안전운전불이행,건조,맑음,기타 - 기타,건설기계,남,59세,상해없음,승용,남,42세,상해없음
2018082100100462,2018년 8월 21일 17시,화요일,충청남도 예산군 오가면,중상사고,0,1,0,0,차대차 - 측면충돌,직진우회전진행방해,건조,맑음,교차로 - 교차로안,이륜,남,75세,중상,화물,여,54세,상해없음
2018082100100463,2018년 8월 21일 17시,화요일,충청남도 부여군 부여읍,중상사고,0,1,0,0,차대차 - 정면충돌,안전운전불이행,건조,맑음,교차로 - 교차로안,승용,남,44세,상해없음,화물,남,56세,중상
2018082100100509,2018년 8월 21일 18시,화요일,충청남도 천안시 서북구 백석동,경상사고,0,0,1,0,차대차 - 추돌,안전운전불이행,건조,맑음,단일로 - 기타,승용,남,29세,상해없음,승용,남,29세,경상
2018082100100550,2018년 8월 21일 19시,화요일,충청남도 당진시 신평면,중상사고,0,1,0,0,차대차 - 측면충돌,신호위반,건조,맑음,교차로 - 교차로안,승용,여,24세,상해없음,승용,남,32세,상해없음
2018082100100580,2018년 8월 21일 20시,화요일,충청남도 천안시 서북구 쌍용동,중상사고,0,1,0,0,차대차 - 측면충돌,중앙선침범,건조,맑음,단일로 - 기타,승용,남,24세,상해없음,이륜,남,16세,중상
2018082100100581,2018년 8월 21일 20시,화요일,충청남도 천안시 동남구 대흥동,경상사고,0,0,1,0,차대사람 - 횡단중,보행자보호의무위반,건조,맑음,단일로 - 기타,승용,남,28세,상해없음,보행자,남,56세,경상
2018082100100618,2018년 8월 21일 21시,화요일,충청남도 천안시 서북구 성환읍,경상사고,0,0,1,0,차대차 - 추돌,안전운전불이행,건조,맑음,단일로 - 기타,승용,남,52세,상해없음,승용,남,68세,경상
2018082100100619,2018년 8월 21일 21시,화요일,충청남도 금산군 제원면,경상사고,0,0,2,0,차대차 - 기타,교차로운행방법위반,건조,맑음,교차로 - 교차로안,승용,여,20세,상해없음,승용,남,64세,경상
2018082100100620,2018년 8월 21일 21시,화요일,충청남도 천안시 동남구 수신면,경상사고,0,0,1,0,차대차 - 추돌,안전운전불이행,건조,맑음,단일로 - 기타,이륜,남,53세,경상,승용,남,21세,상해없음
2018082100100621,2018년 8월 21일 21시,화요일,충청남도 천안시 동남구 신부동,중상사고,0,1,0,0,차량단독 - 기타,안전운전불이행,건조,맑음,단일로 - 기타,승합,남,57세,상해없음,,,,
2018082100100671,2018년 8월 21일 23시,화요일,충청남도 천안시 서북구 백석동,중상사고,0,1,0,0,차대사람 - 횡단중,안전운전불이행,건조,맑음,교차로 - 교차로횡단보도내,승합,남,66세,상해없음,보행자,남,38세,중상
2018082100100672,2018년 8월 21일 23시,화요일,충청남도 천안시 동남구 원성동,경상사고,0,0,1,0,차대사람 - 기타,안전운전불이행,건조,맑음,교차로 - 교차로부근,승용,남,63세,상해없음,보행자,남,25세,경상
2018082200100024,2018년 8월 22일 02시,수요일,충청남도 당진시 송산면,중상사고,0,1,0,0,차대사람 - 길가장자리구역통행중,안전운전불이행,건조,맑음,단일로 - 기타,승용,여,56세,상해없음,보행자,여,52세,중상
2018082200100063,2018년 8월 22일 06시,수요일,충청남도 아산시 용화동,경상사고,0,0,1,0,차대차 - 추돌,신호위반,건조,맑음,교차로 - 교차로안,이륜,남,54세,상해없음,승용,남,57세,상해없음
2018082200100064,2018년 8월 22일 06시,수요일,충청남도 청양군 청남면,중상사고,0,1,0,0,차량단독 - 기타,안전운전불이행,건조,맑음,단일로 - 기타,화물,남,22세,중상,,,,
2018082200100089,2018년 8월 22일 07시,수요일,충청남도 천안시 서북구 두정동,경상사고,0,0,1,0,차대차 - 측면충돌,안전거리미확보,건조,맑음,교차로 - 교차로부근,승용,여,47세,상해없음,승용,남,30세,경상
2018082200100130,2018년 8월 22일 08시,수요일,충청남도 천안시 서북구 성거읍,경상사고,0,0,1,0,차대차 - 기타,안전운전불이행,건조,맑음,단일로 - 기타,화물,남,71세,상해없음,자전거,남,51세,경상
2018082200100131,2018년 8월 22일 08시,수요일,충청남도 논산시 관촉동,중상사고,0,1,0,0,차대차 - 측면충돌,안전운전불이행,건조,맑음,교차로 - 교차로안,화물,남,50세,상해없음,이륜,남,75세,중상
2018082200100132,2018년 8월 22일 08시,수요일,충청남도 예산군 응봉면,중상사고,0,1,0,0,차량단독 - 기타,안전운전불이행,건조,맑음,단일로 - 기타,승합,남,63세,상해없음,,,,
2018082200100133,2018년 8월 22일 08시,수요일,충청남도 천안시 동남구 원성동,중상사고,0,2,5,0,차대차 - 추돌,안전운전불이행,건조,맑음,단일로 - 기타,승용,여,27세,중상,승용,여,51세,경상
2018082200100166,2018년 8월 22일 09시,수요일,충청남도 천안시 서북구 성환읍,경상사고,0,0,1,0,차대차 - 측면충돌,교차로운행방법위반,건조,맑음,교차로 - 교차로안,승용,여,29세,상해없음,승용,남,66세,경상
2018082200100167,2018년 8월 22일 09시,수요일,충청남도 천안시 서북구 성정동,경상사고,0,0,2,0,차대차 - 측면충돌,교차로운행방법위반,건조,맑음,교차로 - 교차로안,승용,남,50세,상해없음,승용,여,59세,경상
2018082200100223,2018년 8월 22일 11시,수요일,충청남도 홍성군 홍성읍,경상사고,0,0,1,0,차대차 - 추돌,안전운전불이행,건조,맑음,단일로 - 기타,승용,남,47세,상해없음,승용,남,45세,경상
2018082200100224,2018년 8월 22일 11시,수요일,충청남도 예산군 덕산면,경상사고,0,0,1,0,차대차 - 측면충돌,신호위반,건조,맑음,교차로 - 교차로안,화물,남,72세,상해없음,화물,남,65세,경상