사고번호,사고일시,요일,시군구,사고내용,사망자수,중상자수,경상자수,부상신고자수,사고유형,법규위반,노면상태,기상상태,도로형태,가해운전자 차종,가해운전자 성별,가해운전자 연령,가해운전자 상해정도,피해운전자 차종,피해운전자 성별,피해운전자 연령,피해운전자 상해정도
2018090100100403,2018년 9월 1일 16시,토요일,충청남도 논산시 성동면,중상사고,0,2,0,0,차대차 - 기타,교차로운행방법위반,건조,맑음,교차로 - 교차로안,승용,남,57세,상해없음,이륜,남,76세,중상
2018090100100404,2018년 9월 1일 16시,토요일,충청남도 서천군 마서면,경상사고,0,0,2,0,차대차 - 추돌,과속,건조,맑음,단일로 - 기타,승용,남,23세,상해없음,승용,남,55세,경상
2018090100100405,2018년 9월 1일 16시,토요일,충청남도 당진시 우강면,중상사고,0,1,0,0,차대차 - 기타,안전운전불이행,건조,맑음,단일로 - 기타,승용,남,70세,상해없음,자전거,남,73세,중상
2018090100100407,2018년 9월 1일 16시,토요일,충청남도 당진시 송악읍,중상사고,0,4,4,0,차대차 - 추돌,안전운전불이행,건조,맑음,단일로 - 기타,승용,여,22세,상해없음,승용,남,47세,경상
2018090100100443,2018년 9월 1일 17시,토요일,충청남도 천안시 서북구 두정동,경상사고,0,0,1,0,차대차 - 측면충돌,안전운전불이행,건조,맑음,교차로 - 교차로안,이륜,남,19세,상해없음,승용,남,28세,경상
2018090100100444,2018년 9월 1일 17시,토요일,충청남도 부여군 초촌면,경상사고,0,0,2,0,차대차 - 측면충돌,중앙선침범,건조,맑음,단일로 - 기타,승용,남,51세,상해없음,승용,남,48세,경상
2018090100100445,2018년 9월 1일 17시,토요일,충청남도 당진시 송악읍,중상사고,0,1,0,0,차대사람 - 기타,안전운전불이행,건조,맑음,기타 - 기타,이륜,남,51세,상해없음,보행자,남,5세,중상
2018090100100469,2018년 9월 1일 18시,토요일,충청남도 천안시 서북구 성거읍,경상사고,0,0,1,0,차대차 - 추돌,안전거리미확보,건조,맑음,교차로 - 교차로부근,승용,남,28세,상해없음,승용,남,28세,경상
2018090100100470,2018년 9월 1일 18시,토요일,충청남도 보령시 동대동,중상사고,0,1,0,0,차대차 - 측면충돌,안전운전불이행,건조,맑음,교차로 - 교차로안,승용,남,43세,상해없음,이륜,남,37세,중상
2018090100100471,2018년 9월 1일 18시,토요일,충청남도 청양군 정산면,경상사고,0,0,1,0,차대차 - 측면충돌,안전운전불이행,건조,맑음,교차로 - 교차로안,이륜,여,74세,경상,승용,남,24세,상해없음
2018090100100504,2018년 9월 1일 19시,토요일,충청남도 당진시 우강면,중상사고,0,1,0,0,차대차 - 기타,신호위반,건조,흐림,교차로 - 교차로안,농기계,남,76세,중상,승용,남,61세,상해없음
2018090100100538,2018년 9월 1일 20시,토요일,충청남도 천안시 서북구 두정동,경상사고,0,0,2,0,차대차 - 측면충돌,안전운전불이행,건조,맑음,교차로 - 교차로안,승용,남,50세,기타불명,승용,여,28세,경상
2018090100100540,2018년 9월 1일 20시,토요일,충청남도 예산군 오가면,경상사고,0,0,4,0,차대차 - 추돌,안전거리미확보,건조,맑음,교차로 - 교차로부근,화물,남,64세,상해없음,화물,남,44세,경상
2018090200100010,2018년 9월 2일 00시,일요일,충청남도 천안시 서북구 쌍용동,경상사고,0,0,1,0,차대사람 - 차도통행중,안전운전불이행,건조,맑음,단일로 - 기타,이륜,남,17세,상해없음,보행자,남,43세,경상
2018090200100024,2018년 9월 2일 01시,일요일,충청남도 홍성군 홍북읍,경상사고,0,0,3,0,차대차 - 기타,신호위반,건조,맑음,교차로 - 교차로안,승용,남,66세,경상,승용,남,33세,상해없음
2018090200100040,2018년 9월 2일 02시,일요일,충청남도 천안시 서북구 두정동,중상사고,0,1,0,0,차량단독 - 기타,안전운전불이행,건조,맑음,단일로 - 기타,원동기,남,43세,중상,,,,
2018090200100041,2018년 9월 2일 02시,일요일,충청남도 서천군 화양면,중상사고,0,1,0,0,차량단독 - 공작물충돌,안전운전불이행,건조,맑음,교차로 - 교차로안,승용,남,62세,중상,,,,
2018090200100042,2018년 9월 2일 02시,일요일,충청남도 천안시 동남구 신방동,중상사고,0,2,0,0,차량단독 - 공작물충돌,안전운전불이행,건조,맑음,단일로 - 기타,승용,남,28세,중상,,,,
2018090200100054,2018년 9월 2일 04시,일요일,충청남도 공주시 신관동,중상사고,0,1,0,0,차대차 - 측면충돌,안전운전불이행,건조,맑음,기타 - 기타,화물,남,47세,상해없음,이륜,여,71세,중상
2018090200100062,2018년 9월 2일 05시,일요일,충청남도 서산시 읍내동,경상사고,0,0,2,0,차대차 - 측면충돌,교차로운행방법위반,건조,맑음,교차로 - 교차로안,화물,남,69세,상해없음,승용,남,26세,경상
2018090200100073,2018년 9월 2일 06시,일요일,충청남도 천안시 동남구 삼룡동,경상사고,0,0,3,0,차대차 - 기타,안전운전불이행,건조,맑음,단일로 - 기타,승용,남,56세,경상,승용,남,35세,경상
2018090200100122,2018년 9월 2일 09시,일요일,충청남도 서천군 마서면,중상사고,0,3,0,0,차대차 - 기타,중앙선침범,건조,맑음,단일로 - 기타,승합,여,36세,상해없음,승용,여,67세,중상
2018090200100142,2018년 9월 2일 10시,일요일,충청남도 천안시 서북구 성정동,경상사고,0,0,2,0,차대차 - 측면충돌,안전거리미확보,건조,맑음,교차로 - 교차로부근,승용,남,73세,상해없음,승용,남,32세,경상
2018090200100214,2018년 9월 2일 13시,일요일,충청남도 당진시 송악읍,중상사고,0,2,1,0,차대차 - 추돌,안전운전불이행,건조,맑음,단일로 - 기타,승용,여,60세,상해없음,승용,남,42세,중상
2018090200100264,2018년 9월 2일 15시,일요일,충청남도 예산군 신양면,중상사고,0,1,0,0,차대차 - 추돌,안전운전불이행,건조,맑음,단일로 - 기타,기타불명,기타불명,미분류,기타불명,자전거,남,82세,중상
2018090200100282,2018년 9월 2일 16시,일요일,충청남도 아산시 둔포면,부상신고사고,0,0,0,1,차대차 - 기타,안전운전불이행,건조,맑음,단일로 - 기타,농기계,남,59세,상해없음,승용,남,32세,부상신고
2018090200100283,2018년 9월 2일 16시,일요일,충청남도 청양군 남양면,중상사고,0,1,0,0,차량단독 - 도로외이탈 - 기타,안전운전불이행,건조,맑음,기타 - 기타,화물,남,73세,상해없음,,,,
2018090200100319,2018년 9월 2일 17시,일요일,충청남도 서산시 대산읍,경상사고,0,0,5,1,차대차 - 추돌,안전운전불이행,건조,맑음,단일로 - 기타,승용,남,34세,부상신고,화물,남,36세,경상
2018090200100371,2018년 9월 2일 19시,일요일,충청남도 공주시 정안면,사망사고,1,0,2,0,차대차 - 정면충돌,중앙선침범,건조,맑음,단일로 - 기타,이륜,남,61세,사망,승용,남,49세,경상
2018090200100372,2018년 9월 2일 19시,일요일,충청남도 당진시 대호지면,사망사고,1,0,0,0,차대사람 - 횡단중,안전운전불이행,건조,맑음,단일로 - 기타,화물,남,58세,상해없음,보행자,여,82세,사망
2018090200100373,2018년 9월 2일 19시,일요일,충청남도 천안시 동남구 신부동,경상사고,0,0,3,0,차대차 - 측면충돌,중앙선침범,건조,맑음,단일로 - 기타,승용,여,31세,상해없음,승합,남,55세,경상
2018090200100432,2018년 9월 2일 21시,일요일,충청남도 태안군 태안읍,중상사고,0,1,0,0,차대차 - 측면충돌,신호위반,건조,맑음,교차로 - 교차로안,승용,남,52세,상해없음,승용,남,46세,중상
2018090300100024,2018년 9월 3일 04시,월요일,충청남도 천안시 서북구 성거읍,사망사고,1,0,0,0,차대사람 - 횡단중,과속,건조,맑음,교차로 - 교차로안,승용,남,56세,상해없음,보행자,여,71세,사망
2018090300100154,2018년 9월 3일 09시,월요일,충청남도 아산시 신창면,중상사고,0,1,0,0,차대사람 - 기타,보행자보호의무위반,젖음/습기,비,교차로 - 교차로안,화물,남,60세,상해없음,보행자,여,74세,중상
2018090300100155,2018년 9월 3일 09시,월요일,충청남도 예산군 예산읍,경상사고,0,0,2,0,차대차 - 추돌,안전운전불이행,건조,맑음,교차로 - 교차로부근,화물,남,49세,상해없음,승용,남,39세,경상
2018090300100220,2018년 9월 3일 11시,월요일,충청남도 홍성군 갈산면,사망사고,1,0,0,0,차대차 - 추돌,과속,건조,맑음,단일로 - 기타,승용,남,23세,상해없음,이륜,여,72세,사망
2018090300100249,2018년 9월 3일 12시,월요일,충청남도 태안군 안면읍,경상사고,0,0,1,0,차대차 - 기타,신호위반,건조,맑음,교차로 - 교차로안,농기계,남,67세,상해없음,건설기계,남,56세,경상
2018090300100305,2018년 9월 3일 14시,월요일,충청남도 당진시 송산면,경상사고,0,0,2,0,차대차 - 측면충돌,안전거리미확보,건조,맑음,단일로 - 기타,화물,남,58세,상해없음,승용,남,43세,경상
2018090300100338,2018년 9월 3일 15시,월요일,충청남도 천안시 동남구 봉명동,중상사고,0,1,0,0,차대사람 - 보도통행중,보행자보호의무위반,건조,맑음,교차로 - 교차로횡단보도내,승용,여,49세,상해없음,보행자,여,72세,중상
2018090300100386,2018년 9월 3일 16시,월요일,충청남도 천안시 동남구 원성동,중상사고,0,1,0,0,차대차 - 측면충돌,교차로운행방법위반,건조,맑음,교차로 - 교차로안,승용,여,26세,상해없음,자전거,여,10세,중상
2018090300100423,2018년 9월 3일 17시,월요일,충청남도 당진시 합덕읍,경상사고,0,0,4,0,차대차 - 추돌,안전운전불이행,젖음/습기,흐림,교차로 - 교차로부근,승용,남,63세,상해없음,승용,남,57세,경상
2018090300100424,2018년 9월 3일 17시,월요일,충청남도 당진시 순성면,경상사고,0,0,4,0,차대차 - 추돌,안전운전불이행,젖음/습기,비,단일로 - 기타,화물,남,40세,상해없음,승합,남,55세,상해없음
2018090300100467,2018년 9월 3일 18시,월요일,충청남도 천안시 서북구 불당동,경상사고,0,0,1,0,차대차 - 측면충돌,안전운전불이행,건조,흐림,단일로 - 기타,승용,여,40세,상해없음,승용,남,42세,경상
2018090300100468,2018년 9월 3일 18시,월요일,충청남도 천안시 서북구 차암동,중상사고,0,1,0,0,차대차 - 기타,신호위반,젖음/습기,비,교차로 - 교차로안,승합,남,56세,상해없음,이륜,남,18세,중상
2018090300100469,2018년 9월 3일 18시,월요일,충청남도 천안시 서북구 직산읍,경상사고,0,0,6,1,차대차 - 측면충돌,중앙선침범,젖음/습기,비,단일로 - 기타,승합,남,52세,상해없음,승용,남,27세,경상
2018090300100470,2018년 9월 3일 18시,월요일,충청남도 부여군 부여읍,중상사고,0,1,2,0,차대차 - 추돌,안전운전불이행,젖음/습기,비,단일로 - 기타,승합,남,46세,상해없음,화물,남,53세,경상
2018090300100525,2018년 9월 3일 19시,월요일,충청남도 천안시 서북구 쌍용동,중상사고,0,1,0,0,차대사람 - 횡단중,신호위반,젖음/습기,비,교차로 - 교차로횡단보도내,승용,여,31세,상해없음,보행자,남,48세,중상
2018090300100526,2018년 9월 3일 19시,월요일,충청남도 당진시 석문면,중상사고,0,1,0,0,차량단독 - 기타,안전운전불이행,젖음/습기,맑음,단일로 - 기타,화물,남,65세,상해없음,,,,
2018090300100570,2018년 9월 3일 20시,월요일,충청남도 천안시 서북구 불당동,경상사고,0,0,1,0,차대차 - 측면충돌,중앙선침범,젖음/습기,비,단일로 - 기타,승용,남,73세,상해없음,승용,남,46세,경상
2018090300100600,2018년 9월 3일 21시,월요일,충청남도 천안시 서북구 두정동,경상사고,0,0,1,0,차대차 - 측면충돌,안전운전불이행,젖음/습기,비,교차로 - 교차로안,승용,남,37세,상해없음,승용,남,26세,경상
2018090300100631,2018년 9월 3일 22시,월요일,충청남도 천안시 서북구 두정동,경상사고,0,0,3,0,차대차 - 정면충돌,중앙선침범,젖음/습기,비,단일로 - 기타,승용,남,42세,상해없음,승용,남,43세,경상
2018090300100666,2018년 9월 3일 23시,월요일,충청남도 천안시 서북구 쌍용동,경상사고,0,0,1,0,차대차 - 추돌,안전운전불이행,젖음/습기,비,교차로 - 교차로안,승용,남,30세,상해없음,이륜,남,33세,경상
2018090300100667,2018년 9월 3일 23시,월요일,충청남도 아산시 탕정면,중상사고,0,1,4,0,차대차 - 정면충돌,중앙선침범,젖음/습기,비,단일로 - 기타,승용,남,21세,상해없음,승용,남,60세,중상
2018090400100011,2018년 9월 4일 00시,화요일,충청남도 천안시 동남구 구성동,경상사고,0,0,1,0,차대차 - 추돌,안전운전불이행,젖음/습기,비,기타 - 기타,승용,남,43세,상해없음,화물,남,47세,경상
2018090400100040,2018년 9월 4일 02시,화요일,충청남도 서산시 예천동,경상사고,0,0,1,0,차대차 - 측면충돌,직진우회전진행방해,건조,맑음,교차로 - 교차로안,승용,남,49세,경상,승합,남,70세,상해없음
2018090400100054,2018년 9월 4일 04시,화요일,충청남도 공주시 우성면,경상사고,0,0,1,0,차대차 - 측면충돌,중앙선침범,건조,흐림,단일로 - 기타,화물,남,45세,기타불명,화물,남,48세,경상
2018090400100081,2018년 9월 4일 07시,화요일,충청남도 서산시 고북면,중상사고,0,1,0,0,차대차 - 기타,안전운전불이행,건조,맑음,기타 - 기타,이륜,남,85세,중상,승용,여,35세,상해없음
2018090400100106,2018년 9월 4일 08시,화요일,충청남도 천안시 서북구 쌍용동,경상사고,0,0,2,0,차대차 - 추돌,안전운전불이행,건조,맑음,단일로 - 기타,승용,남,34세,상해없음,승용,여,47세,경상
2018090400100107,2018년 9월 4일 08시,화요일,충청남도 아산시 둔포면,경상사고,0,0,1,0,차대차 - 측면충돌,안전운전불이행,건조,맑음,교차로 - 교차로안,화물,남,58세,상해없음,승용,여,29세,경상
2018090400100108,2018년 9월 4일 08시,화요일,충청남도 보령시 궁촌동,중상사고,0,1,0,0,차대차 - 측면충돌,교차로운행방법위반,건조,맑음,교차로 - 교차로안,승용,여,48세,상해없음,승용,여,49세,중상
2018090400100109,2018년 9월 4일 08시,화요일,충청남도 부여군 부여읍,경상사고,0,0,1,0,차량단독 - 기타,안전운전불이행,건조,맑음,단일로 - 기타,개인형이동수단(PM),여,26세,경상,,,,
2018090400100147,2018년 9월 4일 09시,화요일,충청남도 논산시 내동,경상사고,0,0,1,0,차대차 - 측면충돌,신호위반,건조,맑음,교차로 - 교차로안,자전거,여,42세,경상,승용,여,48세,상해없음
2018090400100148,2018년 9월 4일 09시,화요일,충청남도 청양군 청양읍,경상사고,0,0,1,0,차대차 - 추돌,안전거리미확보,건조,맑음,단일로 - 기타,화물,남,53세,상해없음,승용,남,26세,경상
2018090400100149,2018년 9월 4일 09시,화요일,충청남도 청양군 정산면,중상사고,0,1,0,0,차대사람 - 기타,안전운전불이행,건조,맑음,교차로 - 교차로안,기타불명,기타불명,미분류,기타불명,보행자,여,86세,중상
2018090400100180,2018년 9월 4일 10시,화요일,충청남도 천안시 서북구 신당동,중상사고,0,3,0,0,차대차 - 측면충돌,중앙선침범,건조,맑음,교차로 - 교차로부근,화물,남,48세,상해없음,화물,남,35세,중상
2018090400100181,2018년 9월 4일 10시,화요일,충청남도 논산시 채운면,사망사고,1,0,0,0,차량단독 - 공작물충돌,안전운전불이행,건조,맑음,단일로 - 기타,이륜,남,80세,사망,,,,
2018090400100182,2018년 9월 4일 10시,화요일,충청남도 보령시 웅천읍,부상신고사고,0,0,0,1,차량단독 - 전도전복 - 전도,안전운전불이행,건조,맑음,단일로 - 기타,이륜,남,64세,부상신고,미분류,미분류,미분류,미분류
2018090400100183,2018년 9월 4일 10시,화요일,충청남도 공주시 산성동,경상사고,0,0,2,0,차대차 - 측면충돌,안전운전불이행,건조,맑음,단일로 - 기타,화물,여,53세,상해없음,승용,남,52세,경상
2018090400100214,2018년 9월 4일 11시,화요일,충청남도 당진시 읍내리,중상사고,0,4,0,1,차대차 - 추돌,안전운전불이행,건조,맑음,교차로 - 교차로부근,화물,남,57세,부상신고,승용,남,39세,중상
2018090400100243,2018년 9월 4일 12시,화요일,충청남도 예산군 예산읍,경상사고,0,0,1,0,차대차 - 측면충돌,직진우회전진행방해,건조,맑음,교차로 - 교차로안,화물,남,66세,상해없음,이륜,여,55세,경상
2018090400100270,2018년 9월 4일 13시,화요일,충청남도 부여군 외산면,사망사고,1,0,0,0,차대사람 - 횡단중,안전운전불이행,건조,맑음,단일로 - 기타,화물,남,36세,상해없음,보행자,남,81세,사망
2018090400100271,2018년 9월 4일 13시,화요일,충청남도 부여군 부여읍,중상사고,0,1,0,0,차대차 - 측면충돌,안전운전불이행,건조,맑음,단일로 - 기타,승용,여,39세,상해없음,자전거,남,85세,중상
2018090400100297,2018년 9월 4일 14시,화요일,충청남도 천안시 동남구 구성동,경상사고,0,0,1,0,차대사람 - 횡단중,보행자보호의무위반,건조,맑음,교차로 - 교차로횡단보도내,승용,남,54세,상해없음,보행자,남,7세,경상
2018090400100323,2018년 9월 4일 15시,화요일,충청남도 서산시 대산읍,사망사고,1,0,0,0,차대차 - 측면충돌,신호위반,건조,맑음,교차로 - 교차로안,화물,남,56세,상해없음,이륜,남,67세,사망
2018090400100324,2018년 9월 4일 15시,화요일,충청남도 논산시 연무읍,경상사고,0,0,1,0,차대차 - 측면충돌,중앙선침범,건조,맑음,단일로 - 기타,승용,남,49세,상해없음,승용,남,53세,경상
2018090400100325,2018년 9월 4일 15시,화요일,충청남도 보령시 웅천읍,중상사고,0,2,0,0,차대차 - 추돌,안전운전불이행,건조,맑음,단일로 - 기타,승용,남,23세,상해없음,농기계,남,59세,중상
2018090400100326,2018년 9월 4일 15시,화요일,충청남도 당진시 읍내리,중상사고,0,1,0,0,차대차 - 측면충돌,교차로운행방법위반,건조,맑음,교차로 - 교차로안,승합,남,57세,상해없음,이륜,남,37세,중상
2018090400100327,2018년 9월 4일 15시,화요일,충청남도 태안군 안면읍,중상사고,0,2,0,0,차대차 - 기타,교차로운행방법위반,건조,맑음,교차로 - 교차로안,승용,여,59세,상해없음,승용,여,33세,중상
2018090400100364,2018년 9월 4일 16시,화요일,충청남도 공주시 신관동,부상신고사고,0,0,0,1,차대사람 - 차도통행중,안전운전불이행,건조,맑음,단일로 - 기타,승용,여,58세,상해없음,보행자,여,22세,부상신고
2018090400100405,2018년 9월 4일 17시,화요일,충청남도 서산시 읍내동,경상사고,0,0,1,0,차대사람 - 횡단중,보행자보호의무위반,건조,맑음,단일로 - 기타,승용,여,49세,상해없음,보행자,남,9세,경상
2018090400100406,2018년 9월 4일 17시,화요일,충청남도 서천군 서천읍,중상사고,0,1,0,0,차대차 - 기타,기타,건조,맑음,단일로 - 기타,화물,남,74세,상해없음,원동기,남,65세,중상
2018090400100407,2018년 9월 4일 17시,화요일,충청남도 서천군 서천읍,중상사고,0,1,0,0,차대차 - 추돌,안전운전불이행,건조,맑음,교차로 - 교차로안,화물,여,58세,상해없음,승용,여,47세,중상
2018090400100408,2018년 9월 4일 17시,화요일,충청남도 태안군 태안읍,사망사고,1,1,1,0,차대차 - 측면충돌,신호위반,건조,맑음,교차로 - 교차로안,승합,남,73세,경상,화물,남,65세,사망
2018090400100457,2018년 9월 4일 18시,화요일,충청남도 서산시 예천동,경상사고,0,0,1,0,차대차 - 정면충돌,교차로운행방법위반,건조,맑음,교차로 - 교차로안,승용,남,30세,상해없음,승용,남,79세,경상
2018090400100500,2018년 9월 4일 19시,화요일,충청남도 천안시 서북구 불당동,부상신고사고,0,0,0,1,차대사람 - 횡단중,안전운전불이행,건조,맑음,교차로 - 교차로안,승용,여,26세,상해없음,보행자,남,7세,부상신고
2018090400100501,2018년 9월 4일 19시,화요일,충청남도 아산시 온천동,중상사고,0,1,0,0,차대사람 - 횡단중,보행자보호의무위반,건조,흐림,교차로 - 교차로횡단보도내,화물,남,67세,상해없음,보행자,여,55세,중상
2018090400100502,2018년 9월 4일 19시,화요일,충청남도 아산시 방축동,경상사고,0,0,1,0,차대차 - 기타,안전운전불이행,건조,맑음,단일로 - 기타,승용,남,51세,상해없음,승용,남,43세,경상
2018090400100563,2018년 9월 4일 21시,화요일,충청남도 공주시 신관동,중상사고,0,1,0,0,차대차 - 측면충돌,안전운전불이행,건조,맑음,교차로 - 교차로안,승용,남,39세,기타불명,이륜,남,17세,중상
2018090400100609,2018년 9월 4일 23시,화요일,충청남도 아산시 용화동,경상사고,0,0,1,0,차대차 - 기타,신호위반,건조,맑음,교차로 - 교차로안,화물,남,50세,상해없음,이륜,남,19세,경상
2018090400100610,2018년 9월 4일 23시,화요일,충청남도 천안시 동남구 안서동,경상사고,0,0,1,0,차대사람 - 차도통행중,안전운전불이행,건조,맑음,단일로 - 기타,승용,여,26세,상해없음,보행자,여,21세,경상
2018090500100014,2018년 9월 5일 00시,수요일,충청남도 서산시 해미면,중상사고,0,1,0,0,차대차 - 측면충돌,중앙선침범,건조,맑음,단일로 - 교량,승용,남,59세,상해없음,승용,여,57세,중상
2018090500100057,2018년 9월 5일 05시,수요일,충청남도 부여군 규암면,경상사고,0,0,1,0,차대차 - 추돌,안전운전불이행,건조,맑음,단일로 - 기타,승용,여,53세,상해없음,농기계,남,66세,경상
2018090500100071,2018년 9월 5일 06시,수요일,충청남도 논산시 지산동,중상사고,0,2,0,0,차대차 - 측면충돌,안전운전불이행,건조,맑음,교차로 - 교차로부근,승용,여,63세,상해없음,이륜,남,71세,중상
2018090500100135,2018년 9월 5일 08시,수요일,충청남도 서산시 지곡면,중상사고,0,1,0,0,차대차 - 추돌,안전운전불이행,건조,맑음,교차로 - 교차로안,화물,남,61세,상해없음,승용,여,41세,중상
2018090500100136,2018년 9월 5일 08시,수요일,충청남도 서천군 기산면,중상사고,0,1,0,0,차대차 - 추돌,안전운전불이행,건조,맑음,단일로 - 기타,화물,남,69세,상해없음,농기계,남,79세,중상
2018090500100215,2018년 9월 5일 10시,수요일,충청남도 태안군 안면읍,부상신고사고,0,0,0,1,차대차 - 추돌,중앙선침범,건조,맑음,단일로 - 기타,농기계,여,79세,부상신고,승합,남,55세,상해없음
2018090500100246,2018년 9월 5일 11시,수요일,충청남도 금산군 복수면,경상사고,0,0,1,0,차대차 - 측면충돌,안전운전불이행,건조,맑음,단일로 - 기타,화물,남,65세,상해없음,이륜,남,52세,경상
2018090500100299,2018년 9월 5일 13시,수요일,충청남도 천안시 서북구 성정동,경상사고,0,0,1,0,차대차 - 측면충돌,안전운전불이행,건조,맑음,교차로 - 교차로부근,이륜,남,32세,경상,화물,남,33세,상해없음
2018090500100327,2018년 9월 5일 14시,수요일,충청남도 공주시 신관동,경상사고,0,0,2,0,차대차 - 추돌,안전운전불이행,건조,맑음,단일로 - 교량,화물,남,39세,상해없음,화물,남,28세,경상
2018090500100328,2018년 9월 5일 14시,수요일,충청남도 예산군 삽교읍,중상사고,0,2,0,0,차대차 - 측면충돌,교차로운행방법위반,건조,맑음,교차로 - 교차로안,화물,남,54세,상해없음,승용,여,70세,중상
2018090500100329,2018년 9월 5일 14시,수요일,충청남도 천안시 동남구 영성동,중상사고,0,1,0,0,차대차 - 측면충돌,안전운전불이행,건조,맑음,단일로 - 기타,승용,여,59세,상해없음,승용,여,50세,중상
2018090500100403,2018년 9월 5일 16시,수요일,충청남도 천안시 동남구 광덕면,경상사고,0,0,1,0,차대차 - 기타,안전운전불이행,건조,맑음,교차로 - 교차로안,화물,남,60세,상해없음,개인형이동수단(PM),여,77세,경상
2018090500100451,2018년 9월 5일 17시,수요일,충청남도 공주시 우성면,중상사고,0,1,0,0,차대차 - 추돌,안전운전불이행,건조,맑음,교차로 - 교차로안,승용,여,41세,상해없음,자전거,남,12세,중상
2018090500100452,2018년 9월 5일 17시,수요일,충청남도 당진시 신평면,중상사고,0,1,0,0,차대차 - 추돌,안전운전불이행,건조,맑음,단일로 - 기타,화물,남,59세,상해없음,승용,여,24세,중상
2018090500100453,2018년 9월 5일 17시,수요일,충청남도 당진시 수청리,중상사고,0,1,2,0,차대차 - 추돌,안전운전불이행,건조,맑음,단일로 - 기타,승용,여,52세,경상,승용,여,53세,경상
2018090500100457,2018년 9월 5일 17시,수요일,충청남도 홍성군 갈산면,경상사고,0,0,1,0,차대차 - 기타,안전거리미확보,건조,맑음,단일로 - 기타,승용,남,42세,상해없음,승용,여,48세,경상
2018090500100518,2018년 9월 5일 18시,수요일,충청남도 아산시 배방읍,경상사고,0,0,1,0,차대사람 - 기타,기타,건조,맑음,단일로 - 기타,승합,남,47세,상해없음,보행자,여,20세,경상
2018090500100555,2018년 9월 5일 19시,수요일,충청남도 당진시 고대면,중상사고,0,3,0,0,차대차 - 측면충돌,교차로운행방법위반,건조,맑음,교차로 - 교차로안,이륜,남,80세,중상,승용,남,36세,중상
2018090500100556,2018년 9월 5일 19시,수요일,충청남도 당진시 대덕리,경상사고,0,0,1,0,차대사람 - 기타,보행자보호의무위반,건조,맑음,교차로 - 교차로횡단보도내,승용,남,37세,상해없음,보행자,남,28세,경상
2018090500100597,2018년 9월 5일 20시,수요일,충청남도 아산시 배방읍,중상사고,0,1,0,0,차대차 - 추돌,안전운전불이행,건조,맑음,교차로 - 교차로안,화물,남,31세,상해없음,승용,여,46세,상해없음
2018090500100625,2018년 9월 5일 21시,수요일,충청남도 천안시 서북구 성정동,경상사고,0,0,1,0,차대차 - 기타,안전거리미확보,건조,맑음,단일로 - 기타,승용,남,52세,상해없음,이륜,남,25세,경상
2018090500100626,2018년 9월 5일 21시,수요일,충청남도 아산시 방축동,경상사고,0,0,1,0,차대차 - 추돌,안전운전불이행,건조,맑음,교차로 - 교차로부근,승용,남,30세,상해없음,승용,남,30세,경상
2018090500100680,2018년 9월 5일 23시,수요일,충청남도 천안시 서북구 성정동,경상사고,0,0,1,0,차대사람 - 기타,안전운전불이행,건조,맑음,교차로 - 교차로부근,승용,남,25세,상해없음,보행자,남,27세,경상
2018090600100037,2018년 9월 6일 04시,목요일,충청남도 예산군 삽교읍,사망사고,1,1,0,0,차량단독 - 공작물충돌,안전운전불이행,건조,맑음,교차로 - 교차로안,승용,남,52세,중상,,,,
2018090600100045,2018년 9월 6일 05시,목요일,충청남도 태안군 안면읍,중상사고,0,1,0,0,차대차 - 정면충돌,중앙선침범,건조,맑음,단일로 - 기타,승용,남,44세,상해없음,승용,여,55세,중상
2018090600100077,2018년 9월 6일 07시,목요일,충청남도 보령시 천북면,중상사고,0,2,0,0,차대차 - 정면충돌,중앙선침범,건조,맑음,단일로 - 기타,화물,남,65세,기타불명,승용,여,57세,중상
2018090600100078,2018년 9월 6일 07시,목요일,충청남도 청양군 남양면,중상사고,0,1,0,0,차대차 - 측면충돌,직진우회전진행방해,건조,맑음,교차로 - 교차로안,이륜,남,74세,중상,승용,남,73세,상해없음
2018090600100099,2018년 9월 6일 08시,목요일,충청남도 천안시 서북구 불당동,경상사고,0,0,1,0,차대차 - 추돌,안전운전불이행,건조,맑음,교차로 - 교차로안,승용,남,52세,상해없음,승용,여,28세,경상
2018090600100100,2018년 9월 6일 08시,목요일,충청남도 천안시 서북구 쌍용동,경상사고,0,0,1,0,차대차 - 기타,신호위반,건조,맑음,교차로 - 교차로안,승합,남,63세,상해없음,자전거,남,48세,경상
2018090600100101,2018년 9월 6일 08시,목요일,충청남도 보령시 화산동,경상사고,0,0,1,0,차대사람 - 기타,안전운전불이행,건조,맑음,교차로 - 교차로안,승용,남,27세,기타불명,보행자,남,52세,경상
2018090600100103,2018년 9월 6일 08시,목요일,충청남도 당진시 신평면,경상사고,0,0,2,0,차대차 - 측면충돌,중앙선침범,건조,맑음,단일로 - 기타,승용,남,35세,경상,화물,남,49세,경상
2018090600100133,2018년 9월 6일 09시,목요일,충청남도 천안시 서북구 성정동,경상사고,0,0,2,0,차대차 - 측면충돌,중앙선침범,건조,맑음,단일로 - 기타,화물,남,55세,상해없음,승용,여,33세,경상
2018090600100134,2018년 9월 6일 09시,목요일,충청남도 논산시 부적면,경상사고,0,0,4,0,차대차 - 측면충돌,신호위반,건조,맑음,교차로 - 교차로안,승용,여,26세,경상,승용,여,44세,경상
2018090600100135,2018년 9월 6일 09시,목요일,충청남도 천안시 동남구 동면,중상사고,0,2,0,0,차대사람 - 기타,안전운전불이행,건조,맑음,단일로 - 기타,승용,남,78세,중상,보행자,여,80세,상해없음