사고번호,사고일시,요일,시군구,사고내용,사망자수,중상자수,경상자수,부상신고자수,사고유형,법규위반,노면상태,기상상태,도로형태,가해운전자 차종,가해운전자 성별,가해운전자 연령,가해운전자 상해정도,피해운전자 차종,피해운전자 성별,피해운전자 연령,피해운전자 상해정도
2018090600100157,2018년 9월 6일 10시,목요일,충청남도 공주시 의당면,중상사고,0,1,0,0,차대차 - 측면충돌,안전운전불이행,건조,맑음,교차로 - 교차로안,승용,남,69세,중상,승용,남,20세,상해없음
2018090600100210,2018년 9월 6일 12시,목요일,충청남도 보령시 남포면,중상사고,0,2,1,0,차대차 - 측면충돌,안전운전불이행,건조,맑음,교차로 - 교차로안,화물,남,66세,경상,승용,남,61세,중상
2018090600100211,2018년 9월 6일 12시,목요일,충청남도 청양군 정산면,중상사고,0,2,0,0,차대차 - 측면충돌,중앙선침범,건조,맑음,단일로 - 기타,화물,남,52세,중상,승용,남,50세,중상
2018090600100242,2018년 9월 6일 13시,목요일,충청남도 아산시 용화동,경상사고,0,0,1,0,차대차 - 측면충돌,안전운전불이행,건조,맑음,기타 - 기타,승용,남,48세,상해없음,자전거,남,61세,경상
2018090600100270,2018년 9월 6일 14시,목요일,충청남도 아산시 둔포면,중상사고,0,1,0,0,차대차 - 측면충돌,신호위반,건조,맑음,교차로 - 교차로안,화물,남,52세,상해없음,승용,남,77세,중상
2018090600100271,2018년 9월 6일 14시,목요일,충청남도 아산시 온천동,경상사고,0,0,4,0,차대차 - 정면충돌,중앙선침범,건조,맑음,단일로 - 기타,화물,남,63세,상해없음,화물,남,45세,경상
2018090600100272,2018년 9월 6일 14시,목요일,충청남도 아산시 탕정면,경상사고,0,0,1,0,차대차 - 추돌,안전운전불이행,건조,맑음,교차로 - 교차로부근,승용,남,50세,상해없음,승용,남,30세,상해없음
2018090600100304,2018년 9월 6일 15시,목요일,충청남도 천안시 동남구 신부동,중상사고,0,1,0,0,차대차 - 기타,중앙선침범,건조,맑음,단일로 - 기타,승용,남,47세,상해없음,이륜,남,24세,중상
2018090600100371,2018년 9월 6일 17시,목요일,충청남도 논산시 연무읍,사망사고,1,0,1,0,차량단독 - 공작물충돌,안전운전불이행,건조,맑음,단일로 - 기타,화물,남,50세,경상,,,,
2018090600100406,2018년 9월 6일 18시,목요일,충청남도 당진시 신평면,중상사고,0,1,2,0,차대차 - 측면충돌,교차로운행방법위반,건조,맑음,교차로 - 교차로안,승용,여,35세,경상,승용,여,37세,중상
2018090600100452,2018년 9월 6일 19시,목요일,충청남도 아산시 배방읍,경상사고,0,0,1,0,차대사람 - 횡단중,보행자보호의무위반,건조,맑음,교차로 - 교차로횡단보도내,화물,남,37세,상해없음,보행자,남,30세,경상
2018090600100453,2018년 9월 6일 19시,목요일,충청남도 예산군 예산읍,경상사고,0,0,2,0,차대차 - 측면충돌,안전운전불이행,건조,맑음,교차로 - 교차로안,승용,여,49세,상해없음,승용,남,34세,경상
2018090600100488,2018년 9월 6일 20시,목요일,충청남도 서산시 대산읍,중상사고,0,2,0,0,차대사람 - 횡단중,보행자보호의무위반,건조,흐림,교차로 - 교차로안,화물,남,45세,상해없음,보행자,남,61세,중상
2018090600100489,2018년 9월 6일 20시,목요일,충청남도 예산군 삽교읍,중상사고,0,1,1,0,차대차 - 기타,안전운전불이행,젖음/습기,비,교차로 - 교차로안,승용,남,58세,경상,승용,남,28세,중상
2018090600100490,2018년 9월 6일 20시,목요일,충청남도 당진시 시곡리,경상사고,0,0,2,0,차대차 - 추돌,안전거리미확보,건조,맑음,단일로 - 기타,승용,여,55세,경상,승용,남,45세,경상
2018090600100522,2018년 9월 6일 21시,목요일,충청남도 홍성군 홍성읍,경상사고,0,0,1,0,차대차 - 추돌,안전운전불이행,젖음/습기,흐림,단일로 - 기타,승용,남,37세,상해없음,승용,남,35세,상해없음
2018090600100523,2018년 9월 6일 21시,목요일,충청남도 아산시 배방읍,중상사고,0,2,1,0,차대차 - 측면충돌,신호위반,젖음/습기,비,교차로 - 교차로안,화물,남,39세,상해없음,화물,남,55세,중상
2018090600100552,2018년 9월 6일 22시,목요일,충청남도 보령시 동대동,중상사고,0,2,0,0,차대사람 - 횡단중,보행자보호의무위반,젖음/습기,비,교차로 - 교차로안,화물,남,53세,상해없음,보행자,여,57세,중상
2018090600100572,2018년 9월 6일 23시,목요일,충청남도 아산시 온천동,경상사고,0,0,1,0,차대차 - 측면충돌,안전운전불이행,건조,맑음,교차로 - 교차로안,승합,남,34세,상해없음,이륜,여,18세,경상
2018090700100106,2018년 9월 7일 07시,금요일,충청남도 공주시 신관동,경상사고,0,0,3,0,차대차 - 측면충돌,직진우회전진행방해,건조,맑음,교차로 - 교차로안,승용,여,40세,경상,승용,남,27세,경상
2018090700100107,2018년 9월 7일 07시,금요일,충청남도 부여군 부여읍,사망사고,1,0,0,0,차량단독 - 공작물충돌,안전운전불이행,건조,맑음,단일로 - 기타,화물,남,49세,사망,,,,
2018090700100108,2018년 9월 7일 07시,금요일,충청남도 천안시 동남구 목천읍,중상사고,0,1,0,0,차대차 - 정면충돌,안전운전불이행,건조,맑음,교차로 - 교차로부근,승용,여,58세,상해없음,승용,남,34세,중상
2018090700100146,2018년 9월 7일 08시,금요일,충청남도 천안시 서북구 직산읍,경상사고,0,0,1,1,차대차 - 측면충돌,교차로운행방법위반,건조,맑음,교차로 - 교차로안,화물,남,33세,부상신고,승용,남,35세,경상
2018090700100147,2018년 9월 7일 08시,금요일,충청남도 아산시 둔포면,중상사고,0,2,0,0,차대사람 - 기타,안전운전불이행,건조,맑음,단일로 - 기타,승용,여,23세,중상,보행자,여,74세,중상
2018090700100230,2018년 9월 7일 10시,금요일,충청남도 서천군 한산면,경상사고,0,0,1,0,차대차 - 측면충돌,중앙선침범,건조,맑음,단일로 - 기타,승용,남,72세,상해없음,승용,남,69세,경상
2018090700100231,2018년 9월 7일 10시,금요일,충청남도 보령시 대천동,사망사고,1,0,0,0,차대차 - 기타,기타,건조,맑음,교차로 - 교차로안,승합,남,53세,상해없음,이륜,여,78세,사망
2018090700100301,2018년 9월 7일 12시,금요일,충청남도 천안시 서북구 쌍용동,경상사고,0,0,1,0,차대차 - 추돌,안전운전불이행,건조,맑음,교차로 - 교차로부근,승용,남,51세,상해없음,승용,남,48세,경상
2018090700100302,2018년 9월 7일 12시,금요일,충청남도 예산군 예산읍,중상사고,0,1,0,0,차대차 - 측면충돌,신호위반,건조,맑음,교차로 - 교차로안,승용,남,74세,상해없음,화물,남,69세,중상
2018090700100327,2018년 9월 7일 13시,금요일,충청남도 아산시 배방읍,중상사고,0,1,0,0,차대사람 - 횡단중,보행자보호의무위반,건조,맑음,교차로 - 교차로횡단보도내,화물,남,31세,기타불명,보행자,남,80세,중상
2018090700100328,2018년 9월 7일 13시,금요일,충청남도 당진시 읍내리,경상사고,0,0,4,0,차대차 - 추돌,안전거리미확보,건조,맑음,교차로 - 교차로부근,건설기계,남,51세,상해없음,승용,남,62세,경상
2018090700100329,2018년 9월 7일 13시,금요일,충청남도 천안시 동남구 성남면,사망사고,1,0,0,0,차대사람 - 기타,안전운전불이행,건조,맑음,교차로 - 교차로부근,건설기계,남,50세,상해없음,보행자,여,49세,사망
2018090700100330,2018년 9월 7일 13시,금요일,충청남도 천안시 동남구 청당동,경상사고,0,0,1,0,차대차 - 측면충돌,안전거리미확보,건조,맑음,단일로 - 기타,화물,남,61세,상해없음,승용,여,54세,경상
2018090700100363,2018년 9월 7일 14시,금요일,충청남도 논산시 상월면,중상사고,0,1,0,0,차대차 - 측면충돌,중앙선침범,건조,맑음,교차로 - 교차로안,승용,여,66세,상해없음,이륜,남,71세,중상
2018090700100364,2018년 9월 7일 14시,금요일,충청남도 공주시 우성면,사망사고,1,0,1,0,차대차 - 추돌,안전운전불이행,건조,맑음,교차로 - 교차로부근,승합,남,62세,상해없음,이륜,남,59세,사망
2018090700100403,2018년 9월 7일 15시,금요일,충청남도 천안시 서북구 직산읍,경상사고,0,0,1,0,차대차 - 추돌,안전운전불이행,건조,맑음,단일로 - 기타,화물,남,36세,상해없음,승용,여,37세,경상
2018090700100438,2018년 9월 7일 16시,금요일,충청남도 천안시 동남구 신부동,경상사고,0,0,2,0,차대차 - 측면충돌,직진우회전진행방해,건조,맑음,교차로 - 교차로안,승용,여,39세,상해없음,이륜,남,37세,경상
2018090700100486,2018년 9월 7일 17시,금요일,충청남도 아산시 음봉면,경상사고,0,0,1,0,차대차 - 기타,안전운전불이행,건조,맑음,교차로 - 교차로안,화물,남,63세,상해없음,승용,남,28세,경상
2018090700100529,2018년 9월 7일 18시,금요일,충청남도 서산시 동문동,경상사고,0,0,1,0,차대차 - 측면충돌,안전운전불이행,건조,맑음,교차로 - 교차로안,승용,남,65세,상해없음,승용,여,33세,경상
2018090700100530,2018년 9월 7일 18시,금요일,충청남도 보령시 동대동,경상사고,0,0,1,0,차대사람 - 기타,기타,건조,맑음,기타 - 기타,승용,남,45세,상해없음,보행자,여,8세,경상
2018090700100579,2018년 9월 7일 19시,금요일,충청남도 천안시 동남구 용곡동,중상사고,0,1,0,0,차대차 - 측면충돌,직진우회전진행방해,건조,맑음,교차로 - 교차로안,승용,남,58세,상해없음,승용,남,49세,중상
2018090700100671,2018년 9월 7일 22시,금요일,충청남도 서산시 잠홍동,중상사고,0,1,2,0,차대차 - 측면충돌,중앙선침범,건조,맑음,단일로 - 기타,승용,남,55세,상해없음,승용,남,48세,경상
2018090700100672,2018년 9월 7일 22시,금요일,충청남도 홍성군 홍성읍,중상사고,0,1,1,0,차대차 - 기타,안전운전불이행,건조,맑음,교차로 - 교차로안,이륜,남,17세,경상,승용,남,26세,상해없음
2018090700100705,2018년 9월 7일 23시,금요일,충청남도 천안시 서북구 불당동,경상사고,0,0,1,0,차대차 - 기타,안전운전불이행,건조,맑음,단일로 - 기타,승용,남,24세,경상,승용,남,43세,상해없음
2018090800100013,2018년 9월 8일 00시,토요일,충청남도 청양군 정산면,경상사고,0,0,1,0,차량단독 - 기타,안전운전불이행,건조,맑음,기타 - 기타,이륜,남,64세,경상,,,,
2018090800100040,2018년 9월 8일 01시,토요일,충청남도 천안시 서북구 두정동,경상사고,0,0,1,0,차대차 - 측면충돌,안전운전불이행,건조,맑음,단일로 - 기타,이륜,남,16세,상해없음,승용,남,28세,경상
2018090800100041,2018년 9월 8일 01시,토요일,충청남도 천안시 동남구 신부동,중상사고,0,2,0,0,차량단독 - 공작물충돌,안전운전불이행,건조,맑음,단일로 - 지하차도(도로)내,이륜,남,16세,중상,,,,
2018090800100053,2018년 9월 8일 02시,토요일,충청남도 아산시 읍내동,중상사고,0,1,0,0,차대차 - 추돌,안전운전불이행,건조,맑음,단일로 - 기타,승용,남,23세,상해없음,승용,여,61세,중상
2018090800100089,2018년 9월 8일 05시,토요일,충청남도 공주시 반포면,경상사고,0,0,1,1,차대차 - 측면충돌,안전운전불이행,건조,맑음,교차로 - 교차로안,승용,남,71세,부상신고,승용,남,30세,경상
2018090800100126,2018년 9월 8일 07시,토요일,충청남도 금산군 군북면,중상사고,0,1,1,0,차대차 - 추돌,안전운전불이행,건조,맑음,교차로 - 교차로부근,화물,남,28세,상해없음,승합,남,60세,경상
2018090800100148,2018년 9월 8일 08시,토요일,충청남도 아산시 풍기동,경상사고,0,0,3,0,차대차 - 정면충돌,안전운전불이행,건조,맑음,교차로 - 교차로안,승용,남,24세,상해없음,승용,여,41세,경상
2018090800100169,2018년 9월 8일 09시,토요일,충청남도 천안시 서북구 두정동,중상사고,0,1,0,0,차대차 - 기타,안전운전불이행,건조,맑음,교차로 - 교차로안,승용,여,29세,상해없음,자전거,남,59세,중상
2018090800100170,2018년 9월 8일 09시,토요일,충청남도 천안시 서북구 백석동,경상사고,0,0,1,0,차대차 - 기타,안전운전불이행,건조,맑음,교차로 - 교차로안,승용,남,25세,상해없음,승용,남,21세,경상
2018090800100202,2018년 9월 8일 10시,토요일,충청남도 천안시 서북구 신당동,경상사고,0,0,2,0,차대차 - 추돌,안전거리미확보,건조,맑음,단일로 - 기타,승용,남,28세,상해없음,승용,남,26세,경상
2018090800100203,2018년 9월 8일 10시,토요일,충청남도 천안시 서북구 입장면,중상사고,0,2,13,0,차대차 - 추돌,안전거리미확보,건조,맑음,기타 - 기타,승합,남,52세,상해없음,승합,남,53세,경상
2018090800100291,2018년 9월 8일 12시,토요일,충청남도 부여군 부여읍,경상사고,0,0,1,0,차대차 - 측면충돌,직진우회전진행방해,건조,맑음,교차로 - 교차로안,승용,남,50세,상해없음,승합,남,41세,경상
2018090800100332,2018년 9월 8일 13시,토요일,충청남도 계룡시 엄사면,경상사고,0,0,5,0,차대차 - 측면충돌,교차로운행방법위반,건조,맑음,교차로 - 교차로안,승용,남,58세,경상,화물,남,58세,경상
2018090800100367,2018년 9월 8일 14시,토요일,충청남도 보령시 대천동,경상사고,0,0,1,0,차대사람 - 횡단중,보행자보호의무위반,건조,맑음,단일로 - 기타,화물,남,68세,상해없음,보행자,남,43세,경상
2018090800100368,2018년 9월 8일 14시,토요일,충청남도 천안시 동남구 목천읍,경상사고,0,0,3,0,차대차 - 측면충돌,교차로운행방법위반,건조,맑음,교차로 - 교차로부근,승용,남,58세,상해없음,승용,여,46세,경상
2018090800100400,2018년 9월 8일 15시,토요일,충청남도 서산시 인지면,중상사고,0,1,1,0,차대차 - 추돌,안전운전불이행,건조,맑음,단일로 - 기타,승용,여,32세,상해없음,승용,여,32세,중상
2018090800100401,2018년 9월 8일 15시,토요일,충청남도 천안시 동남구 사직동,경상사고,0,0,1,0,차대차 - 측면충돌,안전운전불이행,건조,맑음,단일로 - 기타,승용,남,71세,상해없음,화물,남,53세,경상
2018090800100439,2018년 9월 8일 16시,토요일,충청남도 논산시 연산면,경상사고,0,0,2,2,차대차 - 측면충돌,신호위반,건조,맑음,교차로 - 교차로안,승용,여,40세,상해없음,승용,남,69세,경상
2018090800100440,2018년 9월 8일 16시,토요일,충청남도 공주시 정안면,중상사고,0,1,0,0,차량단독 - 전도전복 - 전도,안전운전불이행,건조,맑음,단일로 - 기타,이륜,남,33세,상해없음,미분류,미분류,미분류,미분류
2018090800100477,2018년 9월 8일 17시,토요일,충청남도 아산시 염치읍,경상사고,0,0,1,0,차대차 - 기타,중앙선침범,건조,맑음,단일로 - 기타,승용,여,54세,상해없음,승용,남,62세,경상
2018090800100519,2018년 9월 8일 18시,토요일,충청남도 아산시 둔포면,중상사고,0,1,0,0,차대차 - 기타,안전운전불이행,건조,맑음,교차로 - 교차로부근,이륜,남,63세,중상,승용,여,59세,상해없음
2018090800100619,2018년 9월 8일 21시,토요일,충청남도 공주시 반포면,중상사고,0,1,0,0,차대차 - 정면충돌,안전운전불이행,건조,맑음,교차로 - 교차로안,승용,남,70세,기타불명,승용,남,55세,중상
2018090800100639,2018년 9월 8일 22시,토요일,충청남도 천안시 동남구 구성동,경상사고,0,0,5,0,차대차 - 기타,안전운전불이행,건조,맑음,단일로 - 기타,승용,남,54세,상해없음,승용,여,51세,경상
2018090800100666,2018년 9월 8일 23시,토요일,충청남도 보령시 신흑동,경상사고,0,0,1,0,차대차 - 기타,안전운전불이행,건조,맑음,단일로 - 기타,승용,여,23세,상해없음,승용,남,41세,경상
2018090900100008,2018년 9월 9일 00시,일요일,충청남도 아산시 음봉면,경상사고,0,0,2,0,차대차 - 기타,안전운전불이행,건조,맑음,교차로 - 교차로안,승용,여,42세,상해없음,승용,남,31세,경상
2018090900100022,2018년 9월 9일 01시,일요일,충청남도 천안시 서북구 성정동,경상사고,0,0,1,0,차대차 - 측면충돌,교차로운행방법위반,건조,맑음,교차로 - 교차로안,승용,여,26세,상해없음,승용,남,43세,경상
2018090900100090,2018년 9월 9일 06시,일요일,충청남도 태안군 남면,중상사고,0,1,0,0,차대차 - 측면충돌,안전운전불이행,건조,맑음,단일로 - 기타,승용,남,24세,상해없음,승용,여,54세,중상
2018090900100113,2018년 9월 9일 08시,일요일,충청남도 서산시 음암면,경상사고,0,0,1,0,차량단독 - 공작물충돌,안전운전불이행,건조,맑음,단일로 - 기타,화물,남,68세,경상,,,,
2018090900100125,2018년 9월 9일 09시,일요일,충청남도 아산시 온천동,경상사고,0,0,1,0,차대사람 - 횡단중,안전운전불이행,건조,맑음,단일로 - 기타,기타불명,기타불명,미분류,기타불명,보행자,여,72세,경상
2018090900100179,2018년 9월 9일 11시,일요일,충청남도 천안시 서북구 입장면,사망사고,1,0,0,0,차량단독 - 기타,안전운전불이행,건조,맑음,단일로 - 기타,이륜,남,37세,사망,,,,
2018090900100180,2018년 9월 9일 11시,일요일,충청남도 공주시 석장리동,경상사고,0,0,1,0,차대차 - 추돌,안전운전불이행,건조,맑음,단일로 - 기타,승용,여,55세,기타불명,이륜,남,39세,경상
2018090900100205,2018년 9월 9일 12시,일요일,충청남도 서산시 읍내동,경상사고,0,0,1,0,차대차 - 추돌,안전운전불이행,건조,맑음,교차로 - 교차로부근,승용,남,53세,상해없음,승용,남,26세,경상
2018090900100207,2018년 9월 9일 12시,일요일,충청남도 보령시 신흑동,경상사고,0,0,3,0,차대차 - 측면충돌,교차로운행방법위반,건조,맑음,교차로 - 교차로안,승용,여,31세,상해없음,승용,여,50세,경상
2018090900100235,2018년 9월 9일 13시,일요일,충청남도 부여군 부여읍,경상사고,0,0,1,0,차대사람 - 기타,안전운전불이행,건조,맑음,단일로 - 기타,승용,여,53세,상해없음,보행자,남,37세,경상
2018090900100236,2018년 9월 9일 13시,일요일,충청남도 당진시 면천면,사망사고,1,0,0,0,차대차 - 기타,안전운전불이행,건조,맑음,단일로 - 기타,이륜,남,81세,사망,화물,남,59세,상해없음
2018090900100268,2018년 9월 9일 14시,일요일,충청남도 서산시 석림동,중상사고,0,2,1,0,차대차 - 측면충돌,신호위반,건조,맑음,교차로 - 교차로안,승용,남,26세,상해없음,승용,여,44세,중상
2018090900100269,2018년 9월 9일 14시,일요일,충청남도 천안시 서북구 성정동,중상사고,0,1,0,0,차대사람 - 횡단중,안전운전불이행,건조,맑음,단일로 - 기타,승합,남,37세,상해없음,보행자,여,55세,중상
2018090900100270,2018년 9월 9일 14시,일요일,충청남도 천안시 서북구 두정동,경상사고,0,0,1,0,차대차 - 측면충돌,교차로운행방법위반,건조,맑음,교차로 - 교차로안,승용,남,29세,상해없음,원동기,남,39세,경상
2018090900100271,2018년 9월 9일 14시,일요일,충청남도 천안시 동남구 청수동,경상사고,0,0,4,0,차대차 - 추돌,안전운전불이행,건조,맑음,단일로 - 기타,화물,남,56세,상해없음,승용,여,25세,경상
2018090900100310,2018년 9월 9일 15시,일요일,충청남도 천안시 서북구 불당동,경상사고,0,0,1,0,차대차 - 측면충돌,교차로운행방법위반,건조,맑음,교차로 - 교차로안,승용,여,52세,상해없음,이륜,남,46세,경상
2018090900100340,2018년 9월 9일 16시,일요일,충청남도 서산시 동문동,중상사고,0,1,0,0,차대차 - 기타,안전운전불이행,건조,맑음,단일로 - 기타,승용,남,41세,상해없음,이륜,남,33세,중상
2018090900100341,2018년 9월 9일 16시,일요일,충청남도 천안시 동남구 신방동,경상사고,0,0,1,0,차대차 - 추돌,안전운전불이행,건조,맑음,단일로 - 기타,승용,여,33세,상해없음,승용,남,39세,상해없음
2018090900100376,2018년 9월 9일 17시,일요일,충청남도 천안시 서북구 성정동,중상사고,0,1,0,0,차대사람 - 횡단중,안전운전불이행,건조,맑음,교차로 - 교차로안,승용,남,54세,상해없음,보행자,여,66세,중상
2018090900100377,2018년 9월 9일 17시,일요일,충청남도 천안시 서북구 입장면,경상사고,0,0,6,0,차대차 - 추돌,안전운전불이행,건조,맑음,교차로 - 교차로부근,승용,남,38세,상해없음,승용,남,61세,상해없음
2018090900100378,2018년 9월 9일 17시,일요일,충청남도 논산시 강경읍,경상사고,0,0,1,0,차대사람 - 차도통행중,안전운전불이행,건조,맑음,교차로 - 교차로부근,화물,남,63세,상해없음,보행자,남,45세,경상
2018090900100379,2018년 9월 9일 17시,일요일,충청남도 아산시 풍기동,경상사고,0,0,1,0,차대차 - 측면충돌,안전운전불이행,건조,맑음,교차로 - 교차로안,승용,여,35세,상해없음,승용,남,28세,경상
2018090900100380,2018년 9월 9일 17시,일요일,충청남도 보령시 신흑동,경상사고,0,0,6,0,차대차 - 측면충돌,안전운전불이행,건조,맑음,교차로 - 교차로안,승용,여,35세,경상,승용,남,60세,경상
2018090900100413,2018년 9월 9일 18시,일요일,충청남도 논산시 강경읍,중상사고,0,1,3,0,차대차 - 측면충돌,직진우회전진행방해,건조,맑음,교차로 - 교차로안,승용,남,38세,경상,화물,남,32세,중상
2018090900100437,2018년 9월 9일 19시,일요일,충청남도 태안군 근흥면,사망사고,1,0,0,0,차대사람 - 기타,안전운전불이행,건조,흐림,단일로 - 기타,승합,남,72세,상해없음,보행자,여,81세,사망
2018090900100514,2018년 9월 9일 22시,일요일,충청남도 천안시 동남구 신방동,중상사고,0,1,0,0,차대차 - 측면충돌,안전운전불이행,건조,맑음,교차로 - 교차로안,이륜,남,42세,중상,승용,여,28세,상해없음
2018091000100015,2018년 9월 10일 00시,월요일,충청남도 태안군 태안읍,중상사고,0,1,0,0,차대차 - 기타,신호위반,건조,흐림,교차로 - 교차로안,승용,남,33세,상해없음,승용,여,61세,중상
2018091000100027,2018년 9월 10일 02시,월요일,충청남도 서산시 동문동,중상사고,0,1,1,0,차대차 - 정면충돌,교차로운행방법위반,건조,맑음,교차로 - 교차로안,승용,남,19세,상해없음,승용,남,61세,중상
2018091000100028,2018년 9월 10일 02시,월요일,충청남도 당진시 송악읍,중상사고,0,1,0,0,차대사람 - 차도통행중,안전운전불이행,건조,맑음,단일로 - 기타,원동기,남,19세,상해없음,보행자,여,79세,중상
2018091000100035,2018년 9월 10일 04시,월요일,충청남도 천안시 서북구 성정동,사망사고,1,0,0,0,차대사람 - 횡단중,안전운전불이행,건조,맑음,단일로 - 기타,승용,남,23세,상해없음,보행자,남,60세,사망
2018091000100060,2018년 9월 10일 06시,월요일,충청남도 서천군 비인면,중상사고,0,2,0,0,차대차 - 측면충돌,신호위반,건조,맑음,교차로 - 교차로안,화물,남,72세,중상,화물,남,54세,중상
2018091000100085,2018년 9월 10일 07시,월요일,충청남도 서산시 고북면,경상사고,0,0,1,0,차대차 - 정면충돌,중앙선침범,건조,맑음,단일로 - 기타,승용,여,50세,상해없음,승용,남,38세,경상
2018091000100087,2018년 9월 10일 07시,월요일,충청남도 태안군 태안읍,경상사고,0,0,1,0,차대사람 - 기타,보행자보호의무위반,건조,맑음,교차로 - 교차로횡단보도내,승용,남,80세,기타불명,보행자,여,18세,경상
2018091000100137,2018년 9월 10일 08시,월요일,충청남도 서산시 인지면,경상사고,0,0,2,0,차대차 - 추돌,안전운전불이행,건조,맑음,단일로 - 기타,승용,남,57세,상해없음,승용,여,41세,경상
2018091000100138,2018년 9월 10일 08시,월요일,충청남도 천안시 서북구 불당동,부상신고사고,0,0,0,1,차대사람 - 기타,기타,건조,맑음,단일로 - 기타,자전거,남,13세,부상신고,보행자,남,17세,상해없음
2018091000100139,2018년 9월 10일 08시,월요일,충청남도 논산시 강경읍,중상사고,0,1,0,0,차대차 - 측면충돌,안전운전불이행,건조,맑음,교차로 - 교차로안,화물,남,60세,상해없음,이륜,남,77세,중상
2018091000100204,2018년 9월 10일 09시,월요일,충청남도 태안군 태안읍,사망사고,1,0,0,0,차대차 - 기타,안전운전불이행,건조,맑음,기타 - 기타,이륜,남,85세,사망,농기계,남,64세,상해없음
2018091000100271,2018년 9월 10일 11시,월요일,충청남도 홍성군 구항면,경상사고,0,0,1,0,차대차 - 추돌,안전운전불이행,건조,맑음,단일로 - 기타,승용,남,74세,상해없음,화물,남,80세,경상
2018091000100272,2018년 9월 10일 11시,월요일,충청남도 당진시 읍내리,경상사고,0,0,1,0,차대사람 - 횡단중,보행자보호의무위반,건조,맑음,교차로 - 교차로안,승용,여,61세,상해없음,보행자,여,68세,경상
2018091000100369,2018년 9월 10일 14시,월요일,충청남도 천안시 서북구 두정동,중상사고,0,1,0,0,차대차 - 기타,안전운전불이행,건조,맑음,단일로 - 기타,승합,남,59세,상해없음,이륜,남,17세,상해없음
2018091000100370,2018년 9월 10일 14시,월요일,충청남도 서천군 마서면,중상사고,0,1,0,0,차대차 - 추돌,안전운전불이행,건조,맑음,교차로 - 교차로부근,화물,남,62세,상해없음,승용,남,51세,중상
2018091000100371,2018년 9월 10일 14시,월요일,충청남도 금산군 추부면,경상사고,0,0,1,0,차대차 - 측면충돌,안전운전불이행,건조,맑음,단일로 - 기타,승용,남,58세,상해없음,화물,남,65세,경상
2018091000100411,2018년 9월 10일 15시,월요일,충청남도 아산시 염치읍,사망사고,1,0,0,0,차대차 - 추돌,안전운전불이행,건조,맑음,단일로 - 기타,이륜,남,62세,사망,승용,여,69세,상해없음
2018091000100457,2018년 9월 10일 16시,월요일,충청남도 논산시 연무읍,중상사고,0,1,0,0,차대사람 - 횡단중,안전운전불이행,건조,맑음,교차로 - 교차로안,승용,여,44세,상해없음,보행자,남,87세,중상
2018091000100458,2018년 9월 10일 16시,월요일,충청남도 당진시 대호지면,중상사고,0,1,0,0,차량단독 - 도로외이탈 - 추락,안전운전불이행,건조,맑음,단일로 - 기타,화물,남,59세,중상,,,,
2018091000100459,2018년 9월 10일 16시,월요일,충청남도 천안시 동남구 목천읍,경상사고,0,0,3,0,차대차 - 측면충돌,직진우회전진행방해,건조,맑음,교차로 - 교차로안,승용,남,27세,경상,화물,여,52세,경상
2018091000100509,2018년 9월 10일 17시,월요일,충청남도 서천군 비인면,중상사고,0,1,0,0,차대차 - 측면충돌,중앙선침범,건조,맑음,단일로 - 기타,사륜오토바이(ATV),남,81세,중상,화물,남,64세,상해없음
2018091000100567,2018년 9월 10일 18시,월요일,충청남도 홍성군 홍성읍,경상사고,0,0,1,0,차대차 - 정면충돌,교차로운행방법위반,건조,맑음,교차로 - 교차로안,승용,남,50세,상해없음,이륜,남,63세,경상
2018091000100612,2018년 9월 10일 19시,월요일,충청남도 천안시 서북구 직산읍,경상사고,0,0,1,0,차대차 - 측면충돌,안전운전불이행,건조,맑음,교차로 - 교차로부근,이륜,남,22세,경상,승용,남,43세,상해없음
2018091000100613,2018년 9월 10일 19시,월요일,충청남도 천안시 서북구 백석동,경상사고,0,0,3,0,차대차 - 측면충돌,직진우회전진행방해,건조,맑음,교차로 - 교차로안,승용,남,28세,경상,승용,남,40세,경상
2018091000100614,2018년 9월 10일 19시,월요일,충청남도 천안시 동남구 신부동,경상사고,0,0,1,0,차대차 - 추돌,안전운전불이행,건조,맑음,단일로 - 교량,승용,여,56세,상해없음,승용,남,23세,경상
2018091000100649,2018년 9월 10일 20시,월요일,충청남도 서산시 읍내동,중상사고,0,1,0,0,차대사람 - 횡단중,보행자보호의무위반,건조,맑음,교차로 - 교차로안,승용,여,64세,상해없음,보행자,여,65세,중상
2018091000100650,2018년 9월 10일 20시,월요일,충청남도 보령시 남포면,중상사고,0,1,0,0,차대사람 - 횡단중,신호위반,건조,맑음,단일로 - 기타,승용,여,49세,상해없음,보행자,남,71세,중상
2018091000100651,2018년 9월 10일 20시,월요일,충청남도 보령시 대천동,중상사고,0,1,0,0,차대사람 - 횡단중,안전운전불이행,건조,맑음,단일로 - 기타,승용,남,63세,상해없음,보행자,남,62세,중상
2018091000100653,2018년 9월 10일 20시,월요일,충청남도 당진시 송산면,경상사고,0,0,1,0,차대사람 - 차도통행중,안전운전불이행,건조,흐림,단일로 - 기타,승용,남,38세,상해없음,보행자,남,40세,경상
2018091000100716,2018년 9월 10일 22시,월요일,충청남도 당진시 원당리,경상사고,0,0,2,0,차대차 - 측면충돌,안전거리미확보,건조,맑음,단일로 - 기타,승용,남,43세,상해없음,승용,여,38세,경상