사고번호,사고일시,요일,시군구,사고내용,사망자수,중상자수,경상자수,부상신고자수,사고유형,법규위반,노면상태,기상상태,도로형태,가해운전자 차종,가해운전자 성별,가해운전자 연령,가해운전자 상해정도,피해운전자 차종,피해운전자 성별,피해운전자 연령,피해운전자 상해정도
2018091000100735,2018년 9월 10일 23시,월요일,충청남도 아산시 득산동,사망사고,1,0,0,0,차대사람 - 횡단중,안전운전불이행,건조,맑음,기타 - 기타,승용,남,19세,상해없음,보행자,남,69세,사망
2018091100100017,2018년 9월 11일 01시,화요일,충청남도 천안시 서북구 성거읍,중상사고,0,1,0,0,차대차 - 측면충돌,중앙선침범,건조,맑음,단일로 - 기타,화물,남,38세,상해없음,승용,남,27세,중상
2018091100100078,2018년 9월 11일 07시,화요일,충청남도 당진시 정미면,중상사고,0,2,0,0,차대차 - 측면충돌,교차로운행방법위반,건조,맑음,교차로 - 교차로안,건설기계,남,56세,상해없음,승용,남,27세,중상
2018091100100079,2018년 9월 11일 07시,화요일,충청남도 천안시 동남구 풍세면,경상사고,0,0,1,0,차대차 - 측면충돌,중앙선침범,건조,맑음,단일로 - 기타,화물,남,46세,상해없음,승용,남,31세,경상
2018091100100107,2018년 9월 11일 08시,화요일,충청남도 보령시 신흑동,중상사고,0,1,0,0,차대사람 - 횡단중,안전운전불이행,건조,맑음,교차로 - 교차로안,승용,남,63세,상해없음,보행자,여,13세,중상
2018091100100154,2018년 9월 11일 09시,화요일,충청남도 천안시 서북구 백석동,경상사고,0,0,1,0,차대차 - 측면충돌,안전운전불이행,건조,맑음,교차로 - 교차로안,승용,여,60세,상해없음,승용,남,32세,경상
2018091100100155,2018년 9월 11일 09시,화요일,충청남도 예산군 덕산면,경상사고,0,0,1,0,차대차 - 기타,불법유턴,건조,맑음,기타 - 기타,승용,남,57세,상해없음,승용,여,41세,경상
2018091100100156,2018년 9월 11일 09시,화요일,충청남도 금산군 금산읍,경상사고,0,0,1,0,차대차 - 추돌,안전운전불이행,건조,맑음,교차로 - 교차로부근,이륜,남,83세,상해없음,이륜,남,81세,상해없음
2018091100100183,2018년 9월 11일 10시,화요일,충청남도 계룡시 엄사면,경상사고,0,0,1,0,차대차 - 추돌,안전운전불이행,건조,맑음,단일로 - 기타,승용,여,50세,상해없음,승용,남,42세,경상
2018091100100184,2018년 9월 11일 10시,화요일,충청남도 금산군 군북면,경상사고,0,0,2,0,차대차 - 추돌,안전운전불이행,건조,맑음,교차로 - 교차로부근,화물,남,35세,상해없음,승용,여,58세,경상
2018091100100185,2018년 9월 11일 10시,화요일,충청남도 청양군 청양읍,경상사고,0,0,2,0,차대차 - 추돌,안전거리미확보,건조,맑음,교차로 - 교차로부근,화물,남,25세,경상,승용,여,50세,경상
2018091100100273,2018년 9월 11일 13시,화요일,충청남도 천안시 서북구 두정동,경상사고,0,0,1,0,차대차 - 측면충돌,직진우회전진행방해,건조,맑음,교차로 - 교차로안,승용,남,19세,상해없음,승용,남,39세,경상
2018091100100307,2018년 9월 11일 14시,화요일,충청남도 천안시 서북구 성거읍,경상사고,0,0,2,0,차대차 - 추돌,안전운전불이행,건조,맑음,교차로 - 교차로부근,승용,여,58세,상해없음,승용,여,35세,경상
2018091100100332,2018년 9월 11일 15시,화요일,충청남도 아산시 배방읍,경상사고,0,0,1,0,차대차 - 추돌,안전운전불이행,건조,맑음,단일로 - 기타,승용,남,41세,경상,화물,남,40세,상해없음
2018091100100333,2018년 9월 11일 15시,화요일,충청남도 천안시 동남구 영성동,경상사고,0,0,1,0,차대차 - 측면충돌,안전운전불이행,건조,맑음,교차로 - 교차로안,승용,남,64세,상해없음,이륜,남,49세,경상
2018091100100366,2018년 9월 11일 16시,화요일,충청남도 청양군 청양읍,경상사고,0,0,1,0,차대차 - 측면충돌,안전운전불이행,건조,맑음,교차로 - 교차로부근,승용,여,30세,상해없음,승용,여,37세,경상
2018091100100367,2018년 9월 11일 16시,화요일,충청남도 천안시 동남구 원성동,중상사고,0,1,1,0,차대차 - 측면충돌,안전운전불이행,건조,맑음,교차로 - 교차로안,화물,남,61세,상해없음,승용,여,35세,경상
2018091100100409,2018년 9월 11일 17시,화요일,충청남도 천안시 동남구 신부동,사망사고,1,0,0,0,차량단독 - 기타,안전운전불이행,건조,맑음,단일로 - 기타,이륜,남,75세,사망,,,,
2018091100100410,2018년 9월 11일 17시,화요일,충청남도 천안시 동남구 영성동,경상사고,0,0,1,0,차대사람 - 기타,안전운전불이행,건조,맑음,단일로 - 기타,승용,남,62세,상해없음,보행자,남,49세,경상
2018091100100444,2018년 9월 11일 18시,화요일,충청남도 서산시 석림동,중상사고,0,3,0,0,차대차 - 측면충돌,교차로운행방법위반,건조,맑음,교차로 - 교차로안,승용,여,54세,중상,화물,남,31세,중상
2018091100100489,2018년 9월 11일 19시,화요일,충청남도 공주시 계룡면,중상사고,0,6,0,0,차대차 - 측면충돌,중앙선침범,건조,맑음,단일로 - 기타,화물,남,56세,상해없음,승용,남,76세,중상
2018091100100490,2018년 9월 11일 19시,화요일,충청남도 당진시 우강면,중상사고,0,1,0,0,차대사람 - 차도통행중,안전운전불이행,건조,맑음,단일로 - 기타,화물,남,47세,상해없음,보행자,여,84세,중상
2018091100100529,2018년 9월 11일 20시,화요일,충청남도 당진시 석문면,경상사고,0,0,1,0,차대차 - 측면충돌,안전운전불이행,건조,맑음,단일로 - 기타,승용,여,57세,상해없음,화물,남,33세,경상
2018091100100569,2018년 9월 11일 22시,화요일,충청남도 아산시 온천동,경상사고,0,0,1,0,차대사람 - 기타,기타,건조,맑음,단일로 - 기타,승용,남,42세,기타불명,보행자,여,26세,경상
2018091200100054,2018년 9월 12일 05시,수요일,충청남도 천안시 동남구 풍세면,경상사고,0,0,2,0,차대차 - 측면충돌,신호위반,건조,맑음,교차로 - 교차로안,승용,남,71세,경상,승합,남,41세,경상
2018091200100070,2018년 9월 12일 06시,수요일,충청남도 예산군 오가면,경상사고,0,0,1,0,차대차 - 기타,안전운전불이행,건조,맑음,단일로 - 기타,화물,여,60세,상해없음,자전거,남,55세,경상
2018091200100137,2018년 9월 12일 08시,수요일,충청남도 천안시 서북구 성정동,경상사고,0,0,1,0,차대차 - 기타,안전거리미확보,건조,맑음,단일로 - 기타,승용,남,29세,상해없음,이륜,남,48세,경상
2018091200100139,2018년 9월 12일 08시,수요일,충청남도 공주시 계룡면,경상사고,0,0,1,1,차대차 - 측면충돌,신호위반,건조,맑음,교차로 - 교차로안,화물,남,65세,부상신고,승용,여,46세,경상
2018091200100230,2018년 9월 12일 10시,수요일,충청남도 서산시 잠홍동,경상사고,0,0,2,0,차대차 - 기타,안전거리미확보,건조,맑음,교차로 - 교차로부근,화물,남,81세,상해없음,승합,남,53세,경상
2018091200100231,2018년 9월 12일 10시,수요일,충청남도 공주시 금학동,경상사고,0,0,1,0,차대차 - 추돌,안전운전불이행,건조,맑음,교차로 - 교차로부근,승용,남,33세,상해없음,승용,남,62세,상해없음
2018091200100232,2018년 9월 12일 10시,수요일,충청남도 당진시 순성면,중상사고,0,1,0,0,차대차 - 기타,안전운전불이행,건조,맑음,교차로 - 교차로안,이륜,남,59세,중상,농기계,남,58세,상해없음
2018091200100273,2018년 9월 12일 11시,수요일,충청남도 천안시 서북구 입장면,경상사고,0,0,1,0,차대사람 - 횡단중,안전운전불이행,건조,맑음,단일로 - 기타,이륜,남,68세,상해없음,보행자,남,59세,경상
2018091200100274,2018년 9월 12일 11시,수요일,충청남도 계룡시 엄사면,경상사고,0,0,5,0,차대차 - 측면충돌,안전운전불이행,건조,맑음,단일로 - 기타,승용,여,62세,경상,승용,남,35세,경상
2018091200100309,2018년 9월 12일 12시,수요일,충청남도 논산시 등화동,중상사고,0,1,1,0,차대차 - 측면충돌,신호위반,건조,맑음,교차로 - 교차로부근,화물,남,55세,중상,화물,남,38세,경상
2018091200100311,2018년 9월 12일 12시,수요일,충청남도 당진시 합덕읍,경상사고,0,0,1,0,차대차 - 추돌,안전운전불이행,건조,맑음,교차로 - 교차로부근,승용,여,58세,상해없음,이륜,남,80세,경상
2018091200100346,2018년 9월 12일 13시,수요일,충청남도 천안시 서북구 입장면,경상사고,0,0,1,0,차대차 - 측면충돌,교차로운행방법위반,건조,맑음,교차로 - 교차로안,승용,남,73세,상해없음,승용,여,47세,경상
2018091200100347,2018년 9월 12일 13시,수요일,충청남도 홍성군 갈산면,경상사고,0,0,1,0,차대차 - 정면충돌,안전운전불이행,건조,맑음,단일로 - 기타,이륜,여,56세,경상,승용,남,80세,상해없음
2018091200100348,2018년 9월 12일 13시,수요일,충청남도 청양군 정산면,중상사고,0,1,0,0,차량단독 - 전도전복 - 전도,안전운전불이행,건조,맑음,기타 - 기타,이륜,남,69세,중상,미분류,미분류,미분류,미분류
2018091200100349,2018년 9월 12일 13시,수요일,충청남도 천안시 동남구 광덕면,경상사고,0,0,1,0,차대차 - 측면충돌,중앙선침범,건조,맑음,단일로 - 기타,승용,남,45세,상해없음,화물,남,44세,경상
2018091200100382,2018년 9월 12일 14시,수요일,충청남도 금산군 금산읍,중상사고,0,1,0,0,차대사람 - 보도통행중,기타,건조,맑음,교차로 - 교차로부근,승합,여,48세,상해없음,보행자,여,53세,중상
2018091200100384,2018년 9월 12일 14시,수요일,충청남도 서산시 고북면,중상사고,0,3,0,0,차대차 - 추돌,안전운전불이행,건조,맑음,단일로 - 기타,화물,남,62세,중상,화물,남,60세,상해없음
2018091200100466,2018년 9월 12일 16시,수요일,충청남도 서산시 팔봉면,중상사고,0,1,0,0,차량단독 - 기타,안전운전불이행,건조,맑음,단일로 - 기타,승용,여,62세,중상,,,,
2018091200100467,2018년 9월 12일 16시,수요일,충청남도 천안시 서북구 업성동,중상사고,0,1,0,0,차대사람 - 기타,안전운전불이행,건조,맑음,단일로 - 기타,화물,남,25세,상해없음,보행자,남,36세,중상
2018091200100468,2018년 9월 12일 16시,수요일,충청남도 부여군 임천면,중상사고,0,1,0,0,차대차 - 측면충돌,안전운전불이행,건조,맑음,교차로 - 교차로안,승용,남,40세,상해없음,농기계,남,85세,중상
2018091200100469,2018년 9월 12일 16시,수요일,충청남도 금산군 진산면,중상사고,0,1,1,0,차대사람 - 차도통행중,안전운전불이행,건조,맑음,단일로 - 기타,승용,남,87세,상해없음,보행자,여,83세,중상
2018091200100517,2018년 9월 12일 17시,수요일,충청남도 천안시 서북구 신당동,경상사고,0,0,1,0,차대차 - 측면충돌,신호위반,건조,맑음,교차로 - 교차로안,승용,남,54세,상해없음,화물,남,48세,경상
2018091200100518,2018년 9월 12일 17시,수요일,충청남도 아산시 둔포면,경상사고,0,0,1,0,차대차 - 측면충돌,안전운전불이행,건조,맑음,단일로 - 기타,승용,여,30세,상해없음,승용,여,26세,경상
2018091200100572,2018년 9월 12일 18시,수요일,충청남도 천안시 서북구 성정동,경상사고,0,0,1,0,차대차 - 추돌,안전운전불이행,건조,맑음,교차로 - 교차로부근,원동기,남,32세,상해없음,원동기,남,21세,경상
2018091200100573,2018년 9월 12일 18시,수요일,충청남도 예산군 덕산면,경상사고,0,0,1,0,차대차 - 기타,안전운전불이행,건조,맑음,기타 - 기타,승용,남,59세,상해없음,이륜,남,66세,경상
2018091200100618,2018년 9월 12일 19시,수요일,충청남도 논산시 부적면,중상사고,0,1,0,0,차대차 - 추돌,안전운전불이행,건조,맑음,교차로 - 교차로부근,승용,남,79세,상해없음,농기계,남,60세,중상
2018091200100620,2018년 9월 12일 19시,수요일,충청남도 천안시 동남구 신방동,경상사고,0,0,1,0,차대차 - 기타,안전운전불이행,건조,맑음,교차로 - 교차로안,이륜,남,61세,경상,승용,남,45세,상해없음
2018091200100720,2018년 9월 12일 22시,수요일,충청남도 천안시 서북구 두정동,부상신고사고,0,0,0,1,차량단독 - 공작물충돌,안전운전불이행,건조,맑음,교차로 - 교차로부근,승용,남,35세,부상신고,,,,
2018091200100742,2018년 9월 12일 23시,수요일,충청남도 논산시 강산동,중상사고,0,1,0,0,차량단독 - 공작물충돌,안전운전불이행,건조,맑음,단일로 - 기타,승합,남,46세,중상,,,,
2018091200100743,2018년 9월 12일 23시,수요일,충청남도 아산시 모종동,경상사고,0,0,1,0,차대차 - 추돌,안전운전불이행,건조,맑음,교차로 - 교차로부근,승용,남,65세,상해없음,승용,여,41세,경상
2018091300100042,2018년 9월 13일 03시,목요일,충청남도 천안시 서북구 불당동,경상사고,0,0,1,0,차대차 - 측면충돌,중앙선침범,건조,맑음,단일로 - 기타,승용,남,37세,상해없음,승용,남,32세,경상
2018091300100051,2018년 9월 13일 04시,목요일,충청남도 금산군 금산읍,경상사고,0,0,1,0,차대차 - 측면충돌,직진우회전진행방해,젖음/습기,흐림,교차로 - 교차로안,승용,여,47세,상해없음,자전거,남,75세,경상
2018091300100077,2018년 9월 13일 06시,목요일,충청남도 아산시 영인면,중상사고,0,1,0,0,차대차 - 기타,안전운전불이행,건조,맑음,단일로 - 기타,화물,남,49세,상해없음,이륜,남,54세,중상
2018091300100078,2018년 9월 13일 06시,목요일,충청남도 서천군 한산면,중상사고,0,1,0,0,차대차 - 측면충돌,중앙선침범,건조,맑음,교차로 - 교차로안,승용,남,52세,상해없음,이륜,남,65세,중상
2018091300100089,2018년 9월 13일 07시,목요일,충청남도 천안시 동남구 성남면,경상사고,0,0,1,0,차대차 - 추돌,교차로운행방법위반,건조,맑음,교차로 - 교차로부근,이륜,여,56세,경상,화물,남,51세,상해없음
2018091300100124,2018년 9월 13일 08시,목요일,충청남도 천안시 동남구 풍세면,경상사고,0,0,2,0,차대차 - 측면충돌,중앙선침범,건조,맑음,교차로 - 교차로부근,화물,남,59세,경상,승용,남,18세,경상
2018091300100165,2018년 9월 13일 09시,목요일,충청남도 천안시 서북구 성정동,중상사고,0,1,0,0,차대차 - 기타,안전운전불이행,건조,맑음,기타 - 기타,자전거,남,24세,중상,승용,여,37세,상해없음
2018091300100189,2018년 9월 13일 10시,목요일,충청남도 공주시 유구읍,중상사고,0,1,0,0,차대차 - 측면충돌,기타,건조,맑음,교차로 - 교차로안,이륜,여,59세,중상,화물,남,55세,기타불명
2018091300100223,2018년 9월 13일 11시,목요일,충청남도 논산시 채운면,중상사고,0,1,0,0,차대차 - 측면충돌,안전운전불이행,젖음/습기,비,단일로 - 기타,승용,남,70세,상해없음,이륜,남,76세,중상
2018091300100224,2018년 9월 13일 11시,목요일,충청남도 금산군 금산읍,경상사고,0,0,1,0,차대사람 - 기타,안전운전불이행,건조,흐림,단일로 - 기타,승용,남,51세,상해없음,보행자,여,67세,경상
2018091300100284,2018년 9월 13일 13시,목요일,충청남도 서산시 인지면,경상사고,0,0,1,0,차대사람 - 횡단중,보행자보호의무위반,건조,맑음,단일로 - 기타,승용,남,64세,상해없음,보행자,여,8세,경상
2018091300100285,2018년 9월 13일 13시,목요일,충청남도 서산시 석림동,경상사고,0,0,1,0,차대차 - 측면충돌,안전거리미확보,건조,맑음,교차로 - 교차로부근,이륜,남,59세,경상,승용,여,34세,상해없음
2018091300100353,2018년 9월 13일 15시,목요일,충청남도 천안시 서북구 성정동,경상사고,0,0,1,0,차대사람 - 기타,안전운전불이행,건조,맑음,교차로 - 교차로부근,승용,여,58세,상해없음,보행자,남,51세,경상
2018091300100354,2018년 9월 13일 15시,목요일,충청남도 천안시 동남구 용곡동,경상사고,0,0,1,0,차대사람 - 횡단중,보행자보호의무위반,건조,맑음,교차로 - 교차로횡단보도내,화물,남,49세,상해없음,보행자,여,25세,경상
2018091300100391,2018년 9월 13일 16시,목요일,충청남도 서산시 성연면,중상사고,0,2,1,0,차대차 - 측면충돌,안전운전불이행,건조,맑음,교차로 - 교차로부근,승용,남,42세,상해없음,승용,남,65세,중상
2018091300100392,2018년 9월 13일 16시,목요일,충청남도 공주시 우성면,경상사고,0,0,1,0,차대차 - 추돌,안전거리미확보,건조,맑음,단일로 - 기타,화물,남,67세,기타불명,승용,여,66세,경상
2018091300100448,2018년 9월 13일 17시,목요일,충청남도 천안시 서북구 쌍용동,경상사고,0,0,1,0,차대차 - 추돌,안전운전불이행,건조,맑음,단일로 - 기타,승용,남,55세,상해없음,승용,여,29세,경상
2018091300100499,2018년 9월 13일 18시,목요일,충청남도 논산시 가야곡면,경상사고,0,0,1,0,차량단독 - 기타,안전운전불이행,건조,맑음,단일로 - 기타,이륜,남,79세,경상,,,,
2018091300100500,2018년 9월 13일 18시,목요일,충청남도 당진시 읍내리,경상사고,0,0,1,0,차대사람 - 기타,안전운전불이행,건조,맑음,단일로 - 기타,승용,여,20세,상해없음,보행자,여,7세,경상
2018091300100544,2018년 9월 13일 19시,목요일,충청남도 공주시 신관동,경상사고,0,0,2,0,차대차 - 측면충돌,안전운전불이행,건조,맑음,단일로 - 기타,승용,여,53세,상해없음,승용,남,64세,경상
2018091300100594,2018년 9월 13일 20시,목요일,충청남도 천안시 서북구 백석동,경상사고,0,0,1,0,차대차 - 측면충돌,교차로운행방법위반,건조,맑음,교차로 - 교차로안,승용,남,50세,상해없음,이륜,남,56세,경상
2018091300100595,2018년 9월 13일 20시,목요일,충청남도 아산시 신창면,경상사고,0,0,1,0,차대차 - 기타,안전운전불이행,건조,맑음,단일로 - 기타,승용,여,48세,상해없음,승용,여,27세,경상
2018091300100597,2018년 9월 13일 20시,목요일,충청남도 당진시 송악읍,경상사고,0,0,1,0,차량단독 - 공작물충돌,안전운전불이행,건조,맑음,교차로 - 교차로부근,승용,남,54세,상해없음,,,,
2018091300100620,2018년 9월 13일 21시,목요일,충청남도 서산시 인지면,경상사고,0,0,1,0,차대차 - 기타,중앙선침범,건조,맑음,단일로 - 기타,승용,남,28세,상해없음,승용,남,44세,경상
2018091300100621,2018년 9월 13일 21시,목요일,충청남도 천안시 동남구 삼룡동,중상사고,0,1,0,0,차대차 - 측면충돌,신호위반,건조,맑음,교차로 - 교차로횡단보도내,승합,남,58세,상해없음,자전거,여,76세,중상
2018091300100693,2018년 9월 13일 23시,목요일,충청남도 천안시 서북구 백석동,경상사고,0,0,1,0,차대차 - 추돌,안전운전불이행,건조,맑음,교차로 - 교차로부근,승용,여,26세,상해없음,승용,남,61세,경상
2018091300100694,2018년 9월 13일 23시,목요일,충청남도 천안시 서북구 두정동,경상사고,0,0,1,0,차대차 - 측면충돌,안전운전불이행,건조,맑음,단일로 - 기타,승용,남,23세,상해없음,승용,여,47세,경상
2018091400100034,2018년 9월 14일 01시,금요일,충청남도 서산시 동문동,경상사고,0,0,2,0,차대차 - 측면충돌,교차로운행방법위반,건조,맑음,교차로 - 교차로안,승용,남,62세,경상,승용,여,43세,경상
2018091400100035,2018년 9월 14일 01시,금요일,충청남도 홍성군 홍성읍,중상사고,0,1,2,0,차대차 - 측면충돌,신호위반,건조,맑음,교차로 - 교차로안,승용,남,19세,경상,승용,남,23세,중상
2018091400100062,2018년 9월 14일 03시,금요일,충청남도 태안군 남면,중상사고,0,1,0,0,차량단독 - 공작물충돌,안전운전불이행,건조,맑음,기타 - 기타,승용,남,17세,상해없음,,,,
2018091400100076,2018년 9월 14일 05시,금요일,충청남도 당진시 원당리,중상사고,0,1,0,0,차대차 - 기타,안전운전불이행,건조,흐림,교차로 - 교차로부근,승용,남,24세,상해없음,승용,남,54세,중상
2018091400100116,2018년 9월 14일 07시,금요일,충청남도 천안시 서북구 두정동,경상사고,0,0,2,0,차대차 - 기타,차로위반,건조,맑음,단일로 - 기타,승용,남,27세,상해없음,승용,여,52세,경상
2018091400100148,2018년 9월 14일 08시,금요일,충청남도 천안시 동남구 신부동,경상사고,0,0,1,0,차대사람 - 기타,안전운전불이행,젖음/습기,비,단일로 - 기타,승용,남,36세,상해없음,보행자,여,11세,경상
2018091400100192,2018년 9월 14일 09시,금요일,충청남도 천안시 서북구 쌍용동,부상신고사고,0,0,0,1,차대차 - 측면충돌,안전운전불이행,젖음/습기,비,교차로 - 교차로안,승용,여,41세,부상신고,승용,여,58세,상해없음
2018091400100193,2018년 9월 14일 09시,금요일,충청남도 서천군 기산면,경상사고,0,0,3,0,차대차 - 추돌,안전운전불이행,젖음/습기,비,교차로 - 교차로부근,승용,남,66세,상해없음,승용,여,62세,경상
2018091400100194,2018년 9월 14일 09시,금요일,충청남도 예산군 고덕면,경상사고,0,0,3,0,차대차 - 측면충돌,직진우회전진행방해,건조,맑음,교차로 - 교차로안,승용,남,49세,경상,승합,여,55세,경상
2018091400100195,2018년 9월 14일 09시,금요일,충청남도 천안시 동남구 영성동,경상사고,0,0,1,0,차대차 - 기타,안전운전불이행,건조,맑음,단일로 - 기타,승용,남,49세,상해없음,이륜,남,67세,경상
2018091400100227,2018년 9월 14일 10시,금요일,충청남도 천안시 서북구 성정동,경상사고,0,0,3,0,차대차 - 추돌,안전운전불이행,건조,맑음,교차로 - 교차로부근,승용,남,25세,상해없음,승용,남,49세,경상
2018091400100255,2018년 9월 14일 11시,금요일,충청남도 예산군 오가면,중상사고,0,1,1,0,차대차 - 측면충돌,중앙선침범,젖음/습기,비,교차로 - 교차로부근,승용,남,49세,경상,화물,남,39세,중상
2018091400100256,2018년 9월 14일 11시,금요일,충청남도 예산군 봉산면,중상사고,0,1,1,0,차대차 - 기타,안전운전불이행,젖음/습기,비,단일로 - 기타,이륜,남,78세,경상,화물,남,62세,상해없음
2018091400100289,2018년 9월 14일 12시,금요일,충청남도 천안시 서북구 성환읍,경상사고,0,0,3,0,차대차 - 추돌,안전거리미확보,젖음/습기,비,단일로 - 기타,승용,여,55세,상해없음,화물,남,70세,상해없음
2018091400100320,2018년 9월 14일 13시,금요일,충청남도 아산시 온천동,경상사고,0,0,1,0,차대사람 - 횡단중,보행자보호의무위반,건조,맑음,교차로 - 교차로횡단보도내,승용,남,77세,상해없음,보행자,남,56세,경상
2018091400100356,2018년 9월 14일 14시,금요일,충청남도 부여군 세도면,중상사고,0,1,0,0,차대차 - 측면충돌,직진우회전진행방해,건조,맑음,교차로 - 교차로안,화물,남,62세,상해없음,승용,남,66세,중상
2018091400100426,2018년 9월 14일 16시,금요일,충청남도 부여군 부여읍,경상사고,0,0,1,0,차대차 - 측면충돌,안전운전불이행,젖음/습기,비,단일로 - 기타,이륜,남,62세,경상,승용,남,64세,상해없음
2018091400100427,2018년 9월 14일 16시,금요일,충청남도 천안시 동남구 광덕면,중상사고,0,2,0,0,차대차 - 측면충돌,중앙선침범,건조,맑음,단일로 - 기타,승용,남,70세,상해없음,승용,여,49세,중상
2018091400100470,2018년 9월 14일 17시,금요일,충청남도 천안시 서북구 신당동,경상사고,0,0,1,0,차대차 - 추돌,안전운전불이행,젖음/습기,비,교차로 - 교차로부근,승용,남,67세,상해없음,승용,남,52세,경상
2018091400100514,2018년 9월 14일 18시,금요일,충청남도 서산시 인지면,사망사고,1,0,0,0,차대차 - 측면충돌,중앙선침범,젖음/습기,비,단일로 - 기타,화물,남,59세,상해없음,이륜,남,56세,사망
2018091400100515,2018년 9월 14일 18시,금요일,충청남도 천안시 서북구 성정동,중상사고,0,1,0,0,차대사람 - 차도통행중,안전운전불이행,건조,맑음,단일로 - 기타,이륜,남,67세,상해없음,보행자,여,74세,중상
2018091400100516,2018년 9월 14일 18시,금요일,충청남도 논산시 벌곡면,경상사고,0,0,1,0,차량단독 - 기타,안전운전불이행,건조,맑음,단일로 - 기타,승합,남,64세,상해없음,,,,
2018091400100517,2018년 9월 14일 18시,금요일,충청남도 홍성군 광천읍,경상사고,0,0,1,0,차대차 - 추돌,안전운전불이행,젖음/습기,흐림,교차로 - 교차로부근,화물,남,65세,상해없음,승용,여,46세,경상
2018091400100564,2018년 9월 14일 19시,금요일,충청남도 천안시 서북구 신당동,중상사고,0,1,0,0,차대차 - 기타,불법유턴,젖음/습기,비,교차로 - 교차로부근,이륜,남,45세,중상,승용,남,61세,상해없음
2018091400100565,2018년 9월 14일 19시,금요일,충청남도 천안시 서북구 쌍용동,경상사고,0,0,2,0,차대차 - 기타,신호위반,젖음/습기,비,교차로 - 교차로안,이륜,남,21세,경상,이륜,남,57세,경상
2018091400100566,2018년 9월 14일 19시,금요일,충청남도 아산시 모종동,중상사고,0,1,0,1,차대차 - 기타,안전운전불이행,젖음/습기,기타,단일로 - 기타,승합,남,19세,상해없음,승용,남,28세,상해없음
2018091400100567,2018년 9월 14일 19시,금요일,충청남도 공주시 유구읍,중상사고,0,1,1,0,차대차 - 측면충돌,신호위반,젖음/습기,비,교차로 - 교차로안,승용,남,22세,경상,화물,남,37세,중상
2018091400100568,2018년 9월 14일 19시,금요일,충청남도 예산군 예산읍,중상사고,0,1,2,0,차대차 - 정면충돌,중앙선침범,젖음/습기,비,단일로 - 기타,화물,남,83세,경상,승용,남,51세,중상
2018091400100569,2018년 9월 14일 19시,금요일,충청남도 천안시 동남구 삼룡동,중상사고,0,1,0,0,차대사람 - 기타,보행자보호의무위반,젖음/습기,맑음,단일로 - 기타,승용,남,52세,상해없음,보행자,남,58세,중상
2018091400100619,2018년 9월 14일 20시,금요일,충청남도 천안시 서북구 두정동,경상사고,0,0,1,0,차대사람 - 차도통행중,안전운전불이행,젖음/습기,비,단일로 - 기타,승용,남,37세,상해없음,보행자,여,37세,경상
2018091400100620,2018년 9월 14일 20시,금요일,충청남도 천안시 서북구 두정동,경상사고,0,0,1,0,차대차 - 추돌,안전거리미확보,젖음/습기,비,교차로 - 교차로부근,승용,남,38세,상해없음,승용,여,22세,경상
2018091400100621,2018년 9월 14일 20시,금요일,충청남도 계룡시 엄사면,중상사고,0,2,2,0,차대차 - 추돌,안전운전불이행,건조,맑음,교차로 - 교차로안,승용,남,43세,상해없음,승용,남,45세,중상
2018091400100622,2018년 9월 14일 20시,금요일,충청남도 천안시 동남구 신부동,경상사고,0,0,3,0,차대차 - 측면충돌,교차로운행방법위반,젖음/습기,비,교차로 - 교차로안,승용,남,76세,상해없음,화물,여,41세,경상
2018091400100668,2018년 9월 14일 21시,금요일,충청남도 천안시 서북구 두정동,중상사고,0,1,0,0,차대차 - 기타,기타,젖음/습기,비,단일로 - 기타,이륜,남,36세,중상,승합,남,20세,상해없음
2018091400100669,2018년 9월 14일 21시,금요일,충청남도 천안시 서북구 성정동,경상사고,0,0,2,0,차대차 - 추돌,안전운전불이행,젖음/습기,흐림,교차로 - 교차로부근,승용,남,28세,상해없음,승용,남,26세,경상
2018091400100670,2018년 9월 14일 21시,금요일,충청남도 당진시 송악읍,중상사고,0,1,0,0,차대사람 - 기타,안전운전불이행,젖음/습기,비,단일로 - 기타,승용,남,41세,상해없음,보행자,남,55세,중상
2018091400100708,2018년 9월 14일 22시,금요일,충청남도 천안시 동남구 청당동,경상사고,0,0,1,0,차대차 - 기타,안전운전불이행,건조,맑음,단일로 - 기타,기타불명,기타불명,미분류,기타불명,화물,남,47세,경상
2018091400100744,2018년 9월 14일 23시,금요일,충청남도 천안시 서북구 두정동,경상사고,0,0,1,0,차대사람 - 횡단중,신호위반,건조,맑음,교차로 - 교차로안,승용,남,57세,상해없음,보행자,여,33세,경상
2018091400100745,2018년 9월 14일 23시,금요일,충청남도 아산시 인주면,중상사고,0,1,0,0,차대차 - 추돌,안전운전불이행,젖음/습기,비,단일로 - 기타,화물,남,42세,상해없음,승용,남,35세,중상
2018091400100746,2018년 9월 14일 23시,금요일,충청남도 서천군 장항읍,경상사고,0,0,3,0,차대차 - 측면충돌,직진우회전진행방해,건조,맑음,교차로 - 교차로안,승용,남,29세,상해없음,승용,여,39세,경상
2018091400100747,2018년 9월 14일 23시,금요일,충청남도 당진시 석문면,중상사고,0,2,0,0,차대사람 - 횡단중,안전운전불이행,젖음/습기,비,단일로 - 기타,승용,여,32세,상해없음,보행자,남,54세,중상
2018091500100028,2018년 9월 15일 01시,토요일,충청남도 천안시 서북구 불당동,경상사고,0,0,1,0,차대차 - 추돌,안전운전불이행,건조,맑음,교차로 - 교차로안,승용,남,30세,상해없음,승용,남,18세,경상