사고번호,사고일시,요일,시군구,사고내용,사망자수,중상자수,경상자수,부상신고자수,사고유형,법규위반,노면상태,기상상태,도로형태,가해운전자 차종,가해운전자 성별,가해운전자 연령,가해운전자 상해정도,피해운전자 차종,피해운전자 성별,피해운전자 연령,피해운전자 상해정도
2018091500100029,2018년 9월 15일 01시,토요일,충청남도 천안시 서북구 두정동,경상사고,0,0,1,0,차대차 - 추돌,안전운전불이행,건조,맑음,단일로 - 고가도로위,승용,남,35세,상해없음,화물,남,44세,경상
2018091500100104,2018년 9월 15일 06시,토요일,충청남도 아산시 신창면,경상사고,0,0,1,0,차대차 - 추돌,안전운전불이행,젖음/습기,비,단일로 - 기타,승용,남,50세,상해없음,승용,남,59세,경상
2018091500100122,2018년 9월 15일 07시,토요일,충청남도 서천군 서천읍,중상사고,0,1,0,0,차대사람 - 기타,안전운전불이행,건조,맑음,교차로 - 교차로안,승용,남,70세,상해없음,보행자,여,58세,중상
2018091500100123,2018년 9월 15일 07시,토요일,충청남도 예산군 덕산면,사망사고,1,1,4,0,차대차 - 추돌,안전운전불이행,젖음/습기,비,교차로 - 교차로부근,승용,남,77세,중상,승용,남,20세,경상
2018091500100203,2018년 9월 15일 10시,토요일,충청남도 천안시 서북구 성환읍,경상사고,0,0,1,0,차대사람 - 횡단중,안전운전불이행,젖음/습기,비,교차로 - 교차로안,승용,여,68세,상해없음,보행자,여,71세,경상
2018091500100281,2018년 9월 15일 12시,토요일,충청남도 예산군 고덕면,경상사고,0,0,4,0,차대차 - 측면충돌,신호위반,젖음/습기,비,교차로 - 교차로안,승용,남,71세,경상,승용,남,40세,경상
2018091500100319,2018년 9월 15일 13시,토요일,충청남도 청양군 비봉면,중상사고,0,1,1,0,차대차 - 측면충돌,안전운전불이행,건조,맑음,교차로 - 교차로안,승용,남,83세,상해없음,화물,남,57세,중상
2018091500100353,2018년 9월 15일 14시,토요일,충청남도 논산시 부적면,중상사고,0,2,0,0,차대차 - 측면충돌,안전운전불이행,건조,흐림,교차로 - 교차로안,건설기계,남,64세,상해없음,이륜,남,79세,중상
2018091500100388,2018년 9월 15일 15시,토요일,충청남도 부여군 규암면,중상사고,0,1,0,0,차대차 - 정면충돌,안전운전불이행,건조,맑음,교차로 - 교차로안,승용,남,38세,상해없음,승용,남,51세,중상
2018091500100464,2018년 9월 15일 17시,토요일,충청남도 천안시 서북구 백석동,경상사고,0,0,2,0,차대차 - 추돌,안전운전불이행,젖음/습기,비,단일로 - 기타,승용,남,69세,상해없음,승용,남,27세,경상
2018091500100528,2018년 9월 15일 19시,토요일,충청남도 서산시 대산읍,중상사고,0,1,0,0,차대차 - 측면충돌,신호위반,젖음/습기,비,교차로 - 교차로안,승용,남,58세,상해없음,이륜,남,48세,중상
2018091500100529,2018년 9월 15일 19시,토요일,충청남도 공주시 우성면,경상사고,0,0,5,0,차대차 - 추돌,안전운전불이행,건조,맑음,교차로 - 교차로부근,승용,여,37세,상해없음,승용,남,58세,경상
2018091500100530,2018년 9월 15일 19시,토요일,충청남도 예산군 예산읍,중상사고,0,1,0,0,차대사람 - 길가장자리구역통행중,안전운전불이행,건조,맑음,단일로 - 기타,기타불명,기타불명,미분류,기타불명,보행자,남,62세,중상
2018091500100593,2018년 9월 15일 21시,토요일,충청남도 천안시 서북구 직산읍,경상사고,0,0,1,0,차대사람 - 기타,안전운전불이행,젖음/습기,흐림,단일로 - 기타,승용,남,36세,상해없음,보행자,여,74세,경상
2018091500100594,2018년 9월 15일 21시,토요일,충청남도 천안시 서북구 두정동,경상사고,0,0,1,0,차대차 - 측면충돌,기타,건조,맑음,교차로 - 교차로부근,승용,남,70세,상해없음,원동기,남,49세,경상
2018091500100619,2018년 9월 15일 22시,토요일,충청남도 아산시 둔포면,경상사고,0,0,1,0,차대차 - 측면충돌,신호위반,젖음/습기,비,교차로 - 교차로안,승용,여,48세,상해없음,승용,남,54세,경상
2018091500100650,2018년 9월 15일 23시,토요일,충청남도 아산시 도고면,사망사고,1,0,0,0,차대차 - 추돌,과속,젖음/습기,비,단일로 - 기타,승용,남,23세,상해없음,이륜,남,66세,사망
2018091600100014,2018년 9월 16일 00시,일요일,충청남도 아산시 용화동,경상사고,0,0,1,0,차대사람 - 기타,안전운전불이행,건조,맑음,단일로 - 기타,기타불명,기타불명,미분류,기타불명,보행자,남,34세,경상
2018091600100024,2018년 9월 16일 01시,일요일,충청남도 천안시 서북구 성정동,경상사고,0,0,2,0,차대차 - 측면충돌,안전운전불이행,건조,맑음,교차로 - 교차로안,화물,남,38세,상해없음,승용,남,41세,경상
2018091600100025,2018년 9월 16일 01시,일요일,충청남도 천안시 동남구 원성동,중상사고,0,1,3,0,차대차 - 측면충돌,안전운전불이행,건조,맑음,교차로 - 교차로부근,승용,남,63세,중상,승용,남,26세,경상
2018091600100065,2018년 9월 16일 04시,일요일,충청남도 아산시 배방읍,중상사고,0,1,1,0,차대차 - 추돌,안전운전불이행,건조,맑음,단일로 - 기타,승용,남,26세,상해없음,승용,남,69세,중상
2018091600100079,2018년 9월 16일 05시,일요일,충청남도 서산시 읍내동,중상사고,0,1,0,0,차대사람 - 기타,안전운전불이행,건조,맑음,단일로 - 기타,승용,남,73세,상해없음,보행자,남,27세,중상
2018091600100093,2018년 9월 16일 06시,일요일,충청남도 천안시 서북구 쌍용동,중상사고,0,1,2,0,차대차 - 측면충돌,신호위반,건조,맑음,교차로 - 교차로안,이륜,남,18세,경상,승용,남,71세,경상
2018091600100122,2018년 9월 16일 08시,일요일,충청남도 천안시 서북구 성환읍,경상사고,0,0,1,0,차대차 - 측면충돌,신호위반,젖음/습기,비,교차로 - 교차로안,승합,남,58세,상해없음,승용,여,34세,경상
2018091600100142,2018년 9월 16일 09시,일요일,충청남도 태안군 안면읍,중상사고,0,2,1,0,차대차 - 측면충돌,신호위반,건조,맑음,교차로 - 교차로안,승용,남,80세,중상,화물,남,52세,중상
2018091600100167,2018년 9월 16일 10시,일요일,충청남도 예산군 삽교읍,중상사고,0,1,0,0,차대차 - 정면충돌,직진우회전진행방해,건조,맑음,교차로 - 교차로안,화물,남,24세,상해없음,화물,남,51세,중상
2018091600100168,2018년 9월 16일 10시,일요일,충청남도 당진시 읍내리,중상사고,0,1,0,0,차대사람 - 보도통행중,안전운전불이행,건조,맑음,단일로 - 기타,승용,남,51세,상해없음,보행자,여,71세,중상
2018091600100169,2018년 9월 16일 10시,일요일,충청남도 천안시 동남구 수신면,중상사고,0,1,0,0,차대차 - 측면충돌,안전운전불이행,젖음/습기,맑음,단일로 - 기타,이륜,남,79세,중상,승용,남,38세,상해없음
2018091600100189,2018년 9월 16일 11시,일요일,충청남도 공주시 신관동,중상사고,0,1,2,0,차대차 - 측면충돌,신호위반,건조,맑음,교차로 - 교차로안,승용,남,65세,상해없음,승용,여,40세,중상
2018091600100210,2018년 9월 16일 12시,일요일,충청남도 논산시 연산면,중상사고,0,1,0,0,차대사람 - 기타,안전운전불이행,건조,맑음,주차장 - 주차장,승용,남,53세,상해없음,보행자,여,80세,중상
2018091600100211,2018년 9월 16일 12시,일요일,충청남도 서천군 서면,경상사고,0,0,1,0,차대사람 - 길가장자리구역통행중,안전운전불이행,건조,맑음,단일로 - 기타,승용,남,73세,상해없음,보행자,여,67세,경상
2018091600100212,2018년 9월 16일 12시,일요일,충청남도 천안시 동남구 병천면,경상사고,0,0,2,0,차대차 - 추돌,안전운전불이행,건조,흐림,단일로 - 기타,승용,남,75세,상해없음,승용,남,33세,경상
2018091600100239,2018년 9월 16일 13시,일요일,충청남도 부여군 부여읍,중상사고,0,1,0,0,차대사람 - 기타,안전운전불이행,건조,흐림,교차로 - 교차로부근,화물,남,73세,상해없음,보행자,남,58세,중상
2018091600100269,2018년 9월 16일 14시,일요일,충청남도 공주시 유구읍,중상사고,0,1,0,1,차대차 - 측면충돌,안전운전불이행,건조,맑음,교차로 - 교차로안,승용,남,58세,부상신고,이륜,남,45세,중상
2018091600100344,2018년 9월 16일 16시,일요일,충청남도 당진시 송악읍,경상사고,0,0,1,0,차대차 - 기타,안전거리미확보,기타,흐림,단일로 - 기타,승용,남,37세,상해없음,승용,남,36세,상해없음
2018091600100388,2018년 9월 16일 17시,일요일,충청남도 논산시 상월면,경상사고,0,0,1,0,차량단독 - 전도전복 - 전도,안전운전불이행,건조,맑음,단일로 - 기타,이륜,남,24세,상해없음,미분류,미분류,미분류,미분류
2018091600100389,2018년 9월 16일 17시,일요일,충청남도 논산시 채운면,경상사고,0,0,4,0,차대차 - 측면충돌,안전거리미확보,건조,맑음,단일로 - 기타,승용,남,67세,경상,승용,남,34세,경상
2018091600100444,2018년 9월 16일 19시,일요일,충청남도 예산군 예산읍,경상사고,0,0,1,0,차대차 - 추돌,차로위반,건조,맑음,단일로 - 기타,승용,여,71세,경상,승합,남,47세,상해없음
2018091600100445,2018년 9월 16일 19시,일요일,충청남도 천안시 동남구 구성동,중상사고,0,1,0,0,차대차 - 측면충돌,안전운전불이행,건조,맑음,교차로 - 교차로부근,승용,여,57세,상해없음,이륜,남,51세,중상
2018091600100526,2018년 9월 16일 23시,일요일,충청남도 논산시 취암동,중상사고,0,1,0,0,차대차 - 측면충돌,신호위반,건조,맑음,교차로 - 교차로안,승용,여,22세,상해없음,이륜,남,21세,중상
2018091600100527,2018년 9월 16일 23시,일요일,충청남도 부여군 임천면,사망사고,1,0,0,0,차량단독 - 공작물충돌,안전운전불이행,건조,맑음,교차로 - 교차로안,화물,남,62세,사망,,,,
2018091700100007,2018년 9월 17일 00시,월요일,충청남도 청양군 비봉면,경상사고,0,0,1,0,차량단독 - 도로외이탈 - 추락,안전운전불이행,건조,맑음,기타 - 기타,승용,남,47세,경상,,,,
2018091700100040,2018년 9월 17일 05시,월요일,충청남도 공주시 정안면,사망사고,1,0,0,0,차대차 - 추돌,과속,건조,흐림,교차로 - 교차로부근,승용,남,54세,기타불명,사륜오토바이(ATV),남,84세,사망
2018091700100123,2018년 9월 17일 08시,월요일,충청남도 보령시 명천동,중상사고,0,1,0,0,차대차 - 기타,안전운전불이행,건조,맑음,단일로 - 기타,승용,남,55세,상해없음,이륜,남,35세,중상
2018091700100241,2018년 9월 17일 12시,월요일,충청남도 천안시 서북구 성환읍,경상사고,0,0,2,0,차대차 - 기타,안전거리미확보,건조,맑음,교차로 - 교차로안,화물,남,29세,상해없음,승용,남,31세,경상
2018091700100242,2018년 9월 17일 12시,월요일,충청남도 천안시 서북구 불당동,경상사고,0,0,1,0,차대차 - 기타,안전거리미확보,건조,맑음,교차로 - 교차로부근,승용,여,27세,상해없음,건설기계,남,63세,경상
2018091700100278,2018년 9월 17일 13시,월요일,충청남도 공주시 금성동,부상신고사고,0,0,0,1,차대차 - 측면충돌,안전운전불이행,건조,맑음,단일로 - 기타,승용,여,57세,상해없음,승합,남,49세,상해없음
2018091700100279,2018년 9월 17일 13시,월요일,충청남도 당진시 석문면,경상사고,0,0,1,0,차대차 - 기타,안전운전불이행,건조,맑음,단일로 - 기타,승용,여,55세,경상,화물,남,47세,상해없음
2018091700100280,2018년 9월 17일 13시,월요일,충청남도 태안군 태안읍,경상사고,0,0,1,0,차대사람 - 횡단중,신호위반,건조,맑음,교차로 - 교차로횡단보도내,사륜오토바이(ATV),남,81세,상해없음,보행자,여,75세,경상
2018091700100309,2018년 9월 17일 14시,월요일,충청남도 아산시 탕정면,사망사고,1,0,0,0,차대차 - 기타,안전운전불이행,건조,맑음,교차로 - 교차로안,건설기계,남,49세,상해없음,이륜,남,37세,사망
2018091700100310,2018년 9월 17일 14시,월요일,충청남도 천안시 동남구 풍세면,중상사고,0,1,0,0,차대차 - 측면충돌,신호위반,건조,맑음,교차로 - 교차로안,건설기계,남,52세,상해없음,화물,남,75세,중상
2018091700100359,2018년 9월 17일 15시,월요일,충청남도 서산시 해미면,중상사고,0,2,0,0,차대차 - 기타,안전운전불이행,건조,맑음,단일로 - 기타,승용,남,59세,상해없음,승용,남,35세,중상
2018091700100396,2018년 9월 17일 16시,월요일,충청남도 천안시 서북구 불당동,경상사고,0,0,1,0,차대차 - 기타,신호위반,건조,맑음,교차로 - 교차로안,승용,여,50세,상해없음,승용,여,37세,경상
2018091700100397,2018년 9월 17일 16시,월요일,충청남도 서천군 서천읍,경상사고,0,0,1,0,차대사람 - 횡단중,보행자보호의무위반,건조,맑음,단일로 - 기타,승용,남,88세,상해없음,보행자,여,16세,경상
2018091700100442,2018년 9월 17일 17시,월요일,충청남도 논산시 연무읍,중상사고,0,3,1,0,차대차 - 측면충돌,안전거리미확보,건조,맑음,단일로 - 기타,화물,남,55세,상해없음,승용,여,40세,중상
2018091700100443,2018년 9월 17일 17시,월요일,충청남도 아산시 음봉면,경상사고,0,0,1,0,차대차 - 기타,안전운전불이행,건조,맑음,교차로 - 교차로안,승용,남,48세,상해없음,승용,남,39세,경상
2018091700100444,2018년 9월 17일 17시,월요일,충청남도 천안시 동남구 성남면,중상사고,0,1,1,0,차대차 - 측면충돌,안전운전불이행,건조,맑음,기타 - 기타,승용,남,40세,기타불명,화물,남,61세,중상
2018091700100494,2018년 9월 17일 18시,월요일,충청남도 서산시 예천동,중상사고,0,1,0,0,차대사람 - 횡단중,안전운전불이행,건조,맑음,단일로 - 기타,승용,남,46세,상해없음,보행자,남,77세,중상
2018091700100495,2018년 9월 17일 18시,월요일,충청남도 공주시 반죽동,중상사고,0,1,0,0,차대차 - 측면충돌,안전운전불이행,건조,맑음,단일로 - 기타,승용,여,32세,상해없음,자전거,남,68세,중상
2018091700100497,2018년 9월 17일 18시,월요일,충청남도 태안군 안면읍,부상신고사고,0,0,0,1,차대차 - 측면충돌,신호위반,건조,맑음,교차로 - 교차로안,승용,여,51세,부상신고,화물,남,40세,상해없음
2018091700100539,2018년 9월 17일 19시,월요일,충청남도 서산시 성연면,사망사고,1,0,0,0,차대사람 - 횡단중,안전운전불이행,건조,맑음,단일로 - 기타,화물,남,58세,상해없음,보행자,여,82세,사망
2018091700100578,2018년 9월 17일 20시,월요일,충청남도 서천군 장항읍,중상사고,0,1,0,0,차대차 - 측면충돌,안전거리미확보,건조,맑음,단일로 - 기타,원동기,남,60세,중상,승용,남,32세,상해없음
2018091700100579,2018년 9월 17일 20시,월요일,충청남도 금산군 금성면,경상사고,0,0,1,0,차대차 - 측면충돌,안전운전불이행,건조,맑음,기타 - 기타,화물,남,63세,상해없음,승합,남,56세,상해없음
2018091700100670,2018년 9월 17일 23시,월요일,충청남도 아산시 인주면,중상사고,0,1,2,0,차대차 - 기타,안전운전불이행,건조,맑음,단일로 - 기타,승용,남,35세,상해없음,승용,남,25세,경상
2018091800100089,2018년 9월 18일 07시,화요일,충청남도 예산군 예산읍,중상사고,0,1,0,0,차대차 - 기타,신호위반,건조,맑음,교차로 - 교차로부근,승용,여,34세,상해없음,승용,여,42세,중상
2018091800100138,2018년 9월 18일 08시,화요일,충청남도 천안시 동남구 성남면,중상사고,0,1,0,0,차대차 - 측면충돌,안전운전불이행,건조,맑음,단일로 - 기타,승용,여,42세,상해없음,자전거,남,68세,중상
2018091800100188,2018년 9월 18일 09시,화요일,충청남도 당진시 읍내리,중상사고,0,1,0,0,차대사람 - 길가장자리구역통행중,안전운전불이행,건조,맑음,단일로 - 기타,승용,남,33세,상해없음,보행자,여,53세,중상
2018091800100257,2018년 9월 18일 11시,화요일,충청남도 아산시 온천동,경상사고,0,0,2,0,차대차 - 측면충돌,안전운전불이행,건조,맑음,기타 - 기타,승용,여,23세,상해없음,승용,남,21세,상해없음
2018091800100316,2018년 9월 18일 13시,화요일,충청남도 천안시 동남구 신방동,경상사고,0,0,1,0,차대차 - 기타,안전운전불이행,건조,맑음,교차로 - 교차로부근,자전거,남,43세,경상,화물,남,51세,상해없음
2018091800100354,2018년 9월 18일 14시,화요일,충청남도 논산시 벌곡면,중상사고,0,2,1,0,차대차 - 정면충돌,중앙선침범,건조,맑음,단일로 - 기타,승용,여,63세,중상,건설기계,남,52세,중상
2018091800100393,2018년 9월 18일 15시,화요일,충청남도 아산시 온천동,경상사고,0,0,2,0,차대차 - 추돌,안전운전불이행,건조,맑음,단일로 - 기타,승용,여,23세,상해없음,승용,여,30세,경상
2018091800100394,2018년 9월 18일 15시,화요일,충청남도 공주시 금성동,경상사고,0,0,1,0,차대차 - 측면충돌,교차로운행방법위반,건조,맑음,교차로 - 교차로안,이륜,남,74세,경상,승용,여,50세,상해없음
2018091800100444,2018년 9월 18일 16시,화요일,충청남도 서산시 잠홍동,중상사고,0,1,3,1,차대차 - 추돌,안전거리미확보,건조,맑음,단일로 - 기타,승합,남,33세,상해없음,승용,여,71세,중상
2018091800100445,2018년 9월 18일 16시,화요일,충청남도 천안시 서북구 성성동,경상사고,0,0,1,0,차대사람 - 횡단중,보행자보호의무위반,건조,맑음,교차로 - 교차로부근,승용,여,21세,상해없음,보행자,남,32세,경상
2018091800100446,2018년 9월 18일 16시,화요일,충청남도 논산시 연무읍,경상사고,0,0,2,0,차대차 - 측면충돌,중앙선침범,건조,맑음,교차로 - 교차로부근,승용,남,53세,상해없음,승용,여,45세,경상
2018091800100447,2018년 9월 18일 16시,화요일,충청남도 예산군 삽교읍,경상사고,0,0,1,0,차대차 - 기타,안전운전불이행,건조,맑음,기타 - 기타,승용,남,50세,상해없음,자전거,남,64세,경상
2018091800100448,2018년 9월 18일 16시,화요일,충청남도 당진시 원당리,경상사고,0,0,1,0,차량단독 - 전도전복 - 전도,안전운전불이행,건조,맑음,교차로 - 교차로안,사륜오토바이(ATV),여,75세,경상,미분류,미분류,미분류,미분류
2018091800100490,2018년 9월 18일 17시,화요일,충청남도 예산군 고덕면,중상사고,0,1,0,0,차대차 - 기타,안전운전불이행,건조,맑음,기타 - 기타,승용,남,23세,상해없음,이륜,여,73세,중상
2018091800100491,2018년 9월 18일 17시,화요일,충청남도 당진시 대호지면,부상신고사고,0,0,0,1,차대차 - 기타,안전운전불이행,건조,맑음,단일로 - 기타,이륜,여,81세,부상신고,승용,남,58세,상해없음
2018091800100492,2018년 9월 18일 17시,화요일,충청남도 금산군 부리면,중상사고,0,1,0,0,차대차 - 추돌,안전운전불이행,건조,맑음,단일로 - 기타,승합,남,31세,상해없음,자전거,여,70세,중상
2018091800100493,2018년 9월 18일 17시,화요일,충청남도 금산군 추부면,경상사고,0,0,2,0,차대차 - 측면충돌,차로위반,건조,맑음,교차로 - 교차로안,화물,남,29세,경상,승합,남,69세,경상
2018091800100575,2018년 9월 18일 19시,화요일,충청남도 당진시 송악읍,경상사고,0,0,1,0,차대차 - 추돌,안전운전불이행,건조,맑음,단일로 - 기타,승용,여,48세,상해없음,화물,남,51세,경상
2018091800100576,2018년 9월 18일 19시,화요일,충청남도 천안시 동남구 유량동,중상사고,0,1,0,0,차대차 - 기타,교차로운행방법위반,건조,맑음,교차로 - 교차로부근,승용,남,41세,상해없음,자전거,남,72세,중상
2018091800100617,2018년 9월 18일 20시,화요일,충청남도 예산군 삽교읍,경상사고,0,0,1,0,차대차 - 추돌,안전운전불이행,건조,맑음,교차로 - 교차로부근,승용,남,41세,상해없음,승용,남,30세,경상
2018091800100693,2018년 9월 18일 23시,화요일,충청남도 태안군 태안읍,중상사고,0,1,0,0,차대차 - 측면충돌,안전운전불이행,건조,맑음,교차로 - 교차로안,화물,남,62세,상해없음,승용,남,33세,중상
2018091800100695,2018년 9월 18일 23시,화요일,충청남도 당진시 신평면,중상사고,0,1,0,0,차대차 - 기타,안전운전불이행,건조,기타,단일로 - 기타,승용,남,53세,상해없음,화물,남,59세,중상
2018091900100053,2018년 9월 19일 05시,수요일,충청남도 홍성군 홍성읍,중상사고,0,1,0,0,차대사람 - 횡단중,보행자보호의무위반,건조,맑음,교차로 - 교차로안,화물,남,63세,상해없음,보행자,남,67세,중상
2018091900100092,2018년 9월 19일 07시,수요일,충청남도 당진시 신평면,경상사고,0,0,1,0,차대차 - 측면충돌,차로위반,건조,맑음,단일로 - 기타,승용,남,63세,상해없음,승용,여,28세,경상
2018091900100132,2018년 9월 19일 08시,수요일,충청남도 당진시 채운동,경상사고,0,0,1,0,차대차 - 측면충돌,중앙선침범,건조,맑음,교차로 - 교차로부근,이륜,남,90세 이상,경상,승용,남,32세,상해없음
2018091900100133,2018년 9월 19일 08시,수요일,충청남도 당진시 신평면,경상사고,0,0,1,0,차대차 - 측면충돌,교차로운행방법위반,건조,맑음,교차로 - 교차로안,승용,여,52세,상해없음,승용,남,66세,경상
2018091900100198,2018년 9월 19일 10시,수요일,충청남도 천안시 동남구 청당동,경상사고,0,0,2,0,차대차 - 측면충돌,신호위반,건조,맑음,교차로 - 교차로안,승용,여,34세,경상,승합,남,47세,경상
2018091900100227,2018년 9월 19일 11시,수요일,충청남도 논산시 부적면,경상사고,0,0,1,0,차대차 - 추돌,안전운전불이행,건조,맑음,교차로 - 교차로부근,건설기계,남,54세,상해없음,승용,여,57세,경상
2018091900100263,2018년 9월 19일 12시,수요일,충청남도 천안시 서북구 입장면,경상사고,0,0,1,0,차대차 - 기타,안전운전불이행,건조,맑음,교차로 - 교차로안,농기계,남,70세,상해없음,이륜,남,81세,경상
2018091900100264,2018년 9월 19일 12시,수요일,충청남도 논산시 은진면,중상사고,0,1,0,0,차대사람 - 기타,안전운전불이행,건조,맑음,기타 - 기타,화물,남,38세,상해없음,보행자,남,54세,중상
2018091900100297,2018년 9월 19일 13시,수요일,충청남도 공주시 사곡면,중상사고,0,1,1,0,차대차 - 측면충돌,직진우회전진행방해,건조,맑음,교차로 - 교차로안,사륜오토바이(ATV),남,85세,중상,자전거,남,56세,경상
2018091900100355,2018년 9월 19일 15시,수요일,충청남도 천안시 서북구 신당동,중상사고,0,1,0,0,차대사람 - 기타,안전운전불이행,건조,맑음,교차로 - 교차로안,승용,여,49세,상해없음,보행자,여,69세,중상
2018091900100400,2018년 9월 19일 16시,수요일,충청남도 아산시 온천동,중상사고,0,1,0,0,차대차 - 기타,안전운전불이행,건조,맑음,교차로 - 교차로안,승합,남,53세,상해없음,이륜,남,78세,중상
2018091900100496,2018년 9월 19일 18시,수요일,충청남도 천안시 서북구 성정동,중상사고,0,1,0,0,차대차 - 측면충돌,기타,건조,맑음,교차로 - 교차로안,이륜,남,32세,중상,승용,남,36세,상해없음
2018091900100498,2018년 9월 19일 18시,수요일,충청남도 논산시 내동,경상사고,0,0,1,0,차대차 - 측면충돌,안전운전불이행,건조,맑음,교차로 - 교차로안,승용,여,43세,상해없음,승용,여,62세,경상
2018091900100499,2018년 9월 19일 18시,수요일,충청남도 아산시 온천동,경상사고,0,0,1,0,차대차 - 추돌,안전운전불이행,건조,맑음,교차로 - 교차로부근,화물,남,39세,상해없음,승용,남,59세,경상
2018091900100500,2018년 9월 19일 18시,수요일,충청남도 서천군 마서면,중상사고,0,2,0,0,차대차 - 측면충돌,신호위반,건조,맑음,교차로 - 교차로안,승용,남,71세,중상,승용,남,37세,중상
2018091900100546,2018년 9월 19일 19시,수요일,충청남도 천안시 서북구 불당동,경상사고,0,0,2,0,차대차 - 측면충돌,안전운전불이행,건조,맑음,교차로 - 교차로안,이륜,남,38세,경상,승용,여,31세,경상
2018091900100547,2018년 9월 19일 19시,수요일,충청남도 천안시 동남구 안서동,경상사고,0,0,1,1,차대차 - 측면충돌,안전거리미확보,건조,맑음,단일로 - 기타,승용,여,42세,상해없음,이륜,남,18세,경상
2018091900100548,2018년 9월 19일 19시,수요일,충청남도 천안시 동남구 청당동,경상사고,0,0,1,0,차대차 - 측면충돌,안전운전불이행,건조,맑음,교차로 - 교차로부근,승합,남,52세,상해없음,승용,남,44세,상해없음
2018091900100623,2018년 9월 19일 21시,수요일,충청남도 서산시 대산읍,경상사고,0,0,1,0,차대차 - 후진중충돌,안전운전불이행,건조,맑음,단일로 - 기타,화물,남,58세,기타불명,승용,남,46세,경상
2018091900100624,2018년 9월 19일 21시,수요일,충청남도 천안시 서북구 두정동,중상사고,0,1,0,0,차대차 - 측면충돌,신호위반,건조,맑음,교차로 - 교차로안,개인형이동수단(PM),남,50세,중상,승용,남,45세,상해없음
2018091900100625,2018년 9월 19일 21시,수요일,충청남도 아산시 득산동,중상사고,0,1,0,0,차대차 - 기타,신호위반,건조,맑음,단일로 - 기타,승합,남,67세,상해없음,원동기,남,17세,중상
2018091900100626,2018년 9월 19일 21시,수요일,충청남도 천안시 동남구 청당동,경상사고,0,0,1,0,차대차 - 측면충돌,안전운전불이행,건조,맑음,단일로 - 기타,이륜,남,38세,경상,승용,여,55세,상해없음
2018091900100688,2018년 9월 19일 23시,수요일,충청남도 논산시 취암동,중상사고,0,1,0,0,차대차 - 추돌,안전운전불이행,건조,맑음,단일로 - 기타,승용,남,25세,상해없음,승용,남,57세,중상
2018091900100689,2018년 9월 19일 23시,수요일,충청남도 천안시 동남구 안서동,경상사고,0,0,2,0,차량단독 - 기타,안전운전불이행,건조,맑음,단일로 - 기타,승용,남,36세,상해없음,,,,
2018092000100030,2018년 9월 20일 01시,목요일,충청남도 천안시 서북구 두정동,부상신고사고,0,0,0,1,차대차 - 측면충돌,교차로운행방법위반,건조,맑음,교차로 - 교차로안,이륜,여,30세,부상신고,승용,남,55세,상해없음
2018092000100031,2018년 9월 20일 01시,목요일,충청남도 예산군 신암면,중상사고,0,1,0,0,차대차 - 측면충돌,중앙선침범,건조,맑음,단일로 - 기타,화물,남,63세,상해없음,화물,남,58세,중상
2018092000100106,2018년 9월 20일 07시,목요일,충청남도 천안시 동남구 청당동,경상사고,0,0,1,0,차대차 - 추돌,안전거리미확보,건조,맑음,교차로 - 교차로부근,승합,남,51세,상해없음,승용,남,59세,경상
2018092000100188,2018년 9월 20일 09시,목요일,충청남도 홍성군 홍성읍,경상사고,0,0,1,0,차대차 - 기타,안전운전불이행,젖음/습기,흐림,교차로 - 교차로안,승용,남,57세,상해없음,이륜,남,24세,경상
2018092000100211,2018년 9월 20일 10시,목요일,충청남도 보령시 대천동,중상사고,0,1,0,0,차대사람 - 기타,기타,건조,맑음,단일로 - 기타,승합,남,50세,상해없음,보행자,여,82세,중상
2018092000100244,2018년 9월 20일 11시,목요일,충청남도 예산군 삽교읍,중상사고,0,1,0,0,차대차 - 측면충돌,교차로운행방법위반,건조,흐림,교차로 - 교차로안,화물,남,65세,상해없음,이륜,남,77세,중상
2018092000100282,2018년 9월 20일 12시,목요일,충청남도 아산시 음봉면,경상사고,0,0,2,0,차대차 - 추돌,안전운전불이행,젖음/습기,흐림,단일로 - 기타,승용,여,20세,상해없음,승용,남,78세,경상
2018092000100283,2018년 9월 20일 12시,목요일,충청남도 예산군 예산읍,중상사고,0,1,0,0,차대사람 - 차도통행중,안전운전불이행,건조,흐림,단일로 - 기타,승용,남,48세,상해없음,보행자,여,64세,중상
2018092000100482,2018년 9월 20일 17시,목요일,충청남도 당진시 우강면,경상사고,0,0,1,0,차대차 - 기타,안전운전불이행,젖음/습기,비,단일로 - 기타,승용,남,58세,경상,승용,남,60세,상해없음
2018092000100524,2018년 9월 20일 18시,목요일,충청남도 천안시 서북구 성정동,중상사고,0,1,0,0,차대차 - 측면충돌,안전거리미확보,건조,맑음,단일로 - 기타,승용,남,49세,상해없음,이륜,남,27세,중상
2018092000100526,2018년 9월 20일 18시,목요일,충청남도 청양군 남양면,사망사고,1,0,0,0,차대사람 - 횡단중,과속,건조,맑음,단일로 - 기타,승용,남,65세,상해없음,보행자,여,90세 이상,사망
2018092000100594,2018년 9월 20일 19시,목요일,충청남도 예산군 삽교읍,경상사고,0,0,1,0,차량단독 - 전도전복 - 전도,안전운전불이행,건조,흐림,단일로 - 기타,원동기,남,17세,경상,미분류,미분류,미분류,미분류