사고번호,사고일시,요일,시군구,사고내용,사망자수,중상자수,경상자수,부상신고자수,사고유형,법규위반,노면상태,기상상태,도로형태,가해운전자 차종,가해운전자 성별,가해운전자 연령,가해운전자 상해정도,피해운전자 차종,피해운전자 성별,피해운전자 연령,피해운전자 상해정도
2018092000100648,2018년 9월 20일 20시,목요일,충청남도 홍성군 홍성읍,경상사고,0,0,1,0,차대사람 - 횡단중,안전운전불이행,건조,흐림,기타 - 기타,승용,남,49세,상해없음,보행자,여,87세,경상
2018092000100649,2018년 9월 20일 20시,목요일,충청남도 아산시 모종동,경상사고,0,0,1,0,차대사람 - 횡단중,보행자보호의무위반,건조,기타,교차로 - 교차로부근,승용,남,35세,상해없음,보행자,여,11세,경상
2018092000100650,2018년 9월 20일 20시,목요일,충청남도 당진시 원당리,부상신고사고,0,0,0,1,차대차 - 측면충돌,안전운전불이행,젖음/습기,흐림,단일로 - 기타,이륜,남,36세,부상신고,승용,여,46세,상해없음
2018092000100716,2018년 9월 20일 22시,목요일,충청남도 천안시 동남구 사직동,중상사고,0,1,0,0,차대사람 - 기타,안전운전불이행,건조,맑음,단일로 - 기타,승용,여,30세,상해없음,보행자,남,52세,중상
2018092000100751,2018년 9월 20일 23시,목요일,충청남도 서산시 읍내동,경상사고,0,0,2,0,차대차 - 추돌,안전운전불이행,건조,흐림,교차로 - 교차로부근,승용,남,34세,상해없음,승용,남,57세,경상
2018092100100014,2018년 9월 21일 00시,금요일,충청남도 청양군 청양읍,경상사고,0,0,1,0,차대차 - 측면충돌,중앙선침범,건조,맑음,단일로 - 기타,승용,여,43세,상해없음,승용,남,36세,경상
2018092100100015,2018년 9월 21일 00시,금요일,충청남도 천안시 동남구 사직동,경상사고,0,0,1,0,차대사람 - 기타,안전운전불이행,건조,맑음,단일로 - 기타,승용,남,57세,기타불명,보행자,남,29세,경상
2018092100100035,2018년 9월 21일 01시,금요일,충청남도 서산시 동문동,경상사고,0,0,2,0,차대차 - 측면충돌,직진우회전진행방해,젖음/습기,비,교차로 - 교차로안,승용,남,25세,상해없음,승용,남,46세,경상
2018092100100036,2018년 9월 21일 01시,금요일,충청남도 천안시 서북구 두정동,경상사고,0,0,1,0,차대사람 - 보도통행중,안전운전불이행,건조,맑음,기타 - 기타,승용,남,32세,상해없음,보행자,남,24세,경상
2018092100100048,2018년 9월 21일 02시,금요일,충청남도 천안시 서북구 불당동,경상사고,0,0,2,0,차대차 - 기타,신호위반,젖음/습기,비,교차로 - 교차로안,승용,남,50세,상해없음,승용,남,36세,경상
2018092100100057,2018년 9월 21일 03시,금요일,충청남도 천안시 서북구 두정동,경상사고,0,0,1,0,차대사람 - 기타,안전운전불이행,젖음/습기,비,교차로 - 교차로안,승용,남,42세,상해없음,보행자,남,24세,경상
2018092100100102,2018년 9월 21일 06시,금요일,충청남도 예산군 예산읍,경상사고,0,0,1,0,차대차 - 측면충돌,중앙선침범,젖음/습기,비,교차로 - 교차로안,자전거,남,55세,경상,승용,여,46세,상해없음
2018092100100127,2018년 9월 21일 07시,금요일,충청남도 논산시 벌곡면,중상사고,0,1,1,0,차대차 - 추돌,안전운전불이행,젖음/습기,비,단일로 - 기타,승용,남,48세,경상,승용,남,39세,중상
2018092100100156,2018년 9월 21일 08시,금요일,충청남도 천안시 서북구 불당동,경상사고,0,0,1,0,차대차 - 기타,안전거리미확보,젖음/습기,비,교차로 - 교차로부근,승용,여,57세,상해없음,승용,남,30세,경상
2018092100100201,2018년 9월 21일 09시,금요일,충청남도 천안시 서북구 성거읍,사망사고,1,0,0,0,차대사람 - 횡단중,과속,젖음/습기,비,단일로 - 기타,승용,남,19세,상해없음,보행자,여,73세,사망
2018092100100202,2018년 9월 21일 09시,금요일,충청남도 천안시 서북구 쌍용동,경상사고,0,0,1,0,차대차 - 측면충돌,교차로운행방법위반,젖음/습기,비,교차로 - 교차로안,승용,여,58세,상해없음,승용,여,48세,경상
2018092100100204,2018년 9월 21일 09시,금요일,충청남도 아산시 초사동,경상사고,0,0,1,0,차대차 - 기타,신호위반,건조,맑음,교차로 - 교차로안,화물,남,58세,상해없음,승용,남,60세,경상
2018092100100205,2018년 9월 21일 09시,금요일,충청남도 아산시 영인면,사망사고,1,1,1,0,차대차 - 추돌,안전운전불이행,젖음/습기,비,단일로 - 기타,승용,남,42세,사망,화물,남,59세,경상
2018092100100243,2018년 9월 21일 10시,금요일,충청남도 태안군 태안읍,경상사고,0,0,1,0,차대사람 - 기타,안전운전불이행,젖음/습기,비,주차장 - 주차장,승용,남,46세,상해없음,보행자,여,82세,경상
2018092100100244,2018년 9월 21일 10시,금요일,충청남도 태안군 태안읍,경상사고,0,0,1,0,차대차 - 기타,교차로운행방법위반,젖음/습기,비,교차로 - 교차로안,화물,남,69세,상해없음,승용,남,20세,경상
2018092100100285,2018년 9월 21일 11시,금요일,충청남도 천안시 동남구 봉명동,중상사고,0,1,0,0,차대사람 - 횡단중,보행자보호의무위반,건조,흐림,교차로 - 교차로부근,승용,여,45세,상해없음,보행자,여,75세,중상
2018092100100318,2018년 9월 21일 12시,금요일,충청남도 공주시 계룡면,중상사고,0,1,0,0,차량단독 - 기타,안전운전불이행,젖음/습기,비,교차로 - 교차로부근,승합,남,59세,상해없음,,,,
2018092100100406,2018년 9월 21일 14시,금요일,충청남도 서산시 동문동,중상사고,0,1,0,0,차대사람 - 기타,안전운전불이행,건조,맑음,교차로 - 교차로안,승용,남,27세,상해없음,보행자,남,73세,중상
2018092100100407,2018년 9월 21일 14시,금요일,충청남도 천안시 서북구 불당동,경상사고,0,0,1,0,차대차 - 기타,안전운전불이행,건조,맑음,교차로 - 교차로안,승용,여,34세,기타불명,이륜,남,19세,경상
2018092100100408,2018년 9월 21일 14시,금요일,충청남도 아산시 인주면,경상사고,0,0,2,0,차대차 - 측면충돌,안전운전불이행,건조,맑음,단일로 - 기타,승용,남,74세,경상,승용,남,36세,경상
2018092100100409,2018년 9월 21일 14시,금요일,충청남도 부여군 부여읍,중상사고,0,1,0,0,차대차 - 추돌,안전운전불이행,건조,맑음,단일로 - 터널,승용,여,44세,상해없음,화물,여,57세,중상
2018092100100410,2018년 9월 21일 14시,금요일,충청남도 천안시 동남구 신방동,경상사고,0,0,1,0,차대차 - 추돌,안전운전불이행,젖음/습기,흐림,단일로 - 기타,승용,여,59세,상해없음,자전거,남,16세,경상
2018092100100464,2018년 9월 21일 15시,금요일,충청남도 서산시 부석면,경상사고,0,0,3,0,차대차 - 정면충돌,중앙선침범,건조,맑음,기타 - 기타,화물,남,38세,상해없음,화물,남,54세,경상
2018092100100465,2018년 9월 21일 15시,금요일,충청남도 홍성군 홍동면,중상사고,0,2,0,0,차대차 - 측면충돌,과속,건조,맑음,교차로 - 교차로안,화물,남,59세,상해없음,이륜,남,77세,중상
2018092100100502,2018년 9월 21일 16시,금요일,충청남도 천안시 서북구 두정동,경상사고,0,0,1,0,차대차 - 측면충돌,안전운전불이행,건조,맑음,단일로 - 기타,화물,남,63세,상해없음,승용,남,37세,경상
2018092100100503,2018년 9월 21일 16시,금요일,충청남도 서천군 장항읍,중상사고,0,1,0,0,차대차 - 기타,직진우회전진행방해,건조,맑음,교차로 - 교차로안,승용,남,60세,상해없음,자전거,여,76세,중상
2018092100100504,2018년 9월 21일 16시,금요일,충청남도 예산군 덕산면,경상사고,0,0,1,0,차대차 - 측면충돌,직진우회전진행방해,건조,흐림,교차로 - 교차로안,승용,남,31세,상해없음,승용,남,63세,경상
2018092100100505,2018년 9월 21일 16시,금요일,충청남도 천안시 동남구 사직동,중상사고,0,1,0,0,차대사람 - 차도통행중,안전운전불이행,건조,맑음,단일로 - 기타,승용,여,45세,상해없음,보행자,남,72세,중상
2018092100100506,2018년 9월 21일 16시,금요일,충청남도 천안시 동남구 병천면,경상사고,0,0,1,0,차대사람 - 차도통행중,안전운전불이행,건조,맑음,교차로 - 교차로안,화물,남,48세,상해없음,보행자,여,75세,경상
2018092100100568,2018년 9월 21일 17시,금요일,충청남도 천안시 서북구 쌍용동,경상사고,0,0,1,0,차대차 - 기타,기타,건조,맑음,단일로 - 기타,승용,남,64세,상해없음,원동기,남,28세,경상
2018092100100569,2018년 9월 21일 17시,금요일,충청남도 논산시 은진면,중상사고,0,2,1,0,차대차 - 정면충돌,중앙선침범,건조,맑음,단일로 - 기타,승용,여,36세,상해없음,승용,남,51세,경상
2018092100100570,2018년 9월 21일 17시,금요일,충청남도 태안군 태안읍,경상사고,0,0,1,0,차대차 - 기타,기타,건조,맑음,교차로 - 교차로부근,승용,남,46세,상해없음,이륜,남,79세,경상
2018092100100625,2018년 9월 21일 18시,금요일,충청남도 서천군 마산면,경상사고,0,0,1,0,차대차 - 정면충돌,중앙선침범,건조,맑음,교차로 - 교차로부근,승용,남,58세,상해없음,화물,여,56세,경상
2018092100100626,2018년 9월 21일 18시,금요일,충청남도 보령시 대천동,중상사고,0,1,0,0,차대사람 - 횡단중,안전운전불이행,건조,맑음,단일로 - 기타,승용,남,67세,상해없음,보행자,남,12세,중상
2018092100100627,2018년 9월 21일 18시,금요일,충청남도 공주시 신관동,경상사고,0,0,1,0,차대사람 - 횡단중,보행자보호의무위반,건조,맑음,교차로 - 교차로횡단보도내,승용,남,57세,상해없음,보행자,남,14세,경상
2018092100100734,2018년 9월 21일 20시,금요일,충청남도 서산시 석남동,경상사고,0,0,1,0,차대차 - 추돌,안전운전불이행,건조,맑음,교차로 - 교차로안,승용,남,55세,상해없음,승용,남,30세,경상
2018092100100791,2018년 9월 21일 21시,금요일,충청남도 예산군 예산읍,경상사고,0,0,1,0,차대차 - 정면충돌,신호위반,건조,흐림,교차로 - 교차로안,승용,여,45세,상해없음,화물,남,53세,경상
2018092100100792,2018년 9월 21일 21시,금요일,충청남도 금산군 추부면,경상사고,0,0,1,0,차량단독 - 도로외이탈 - 추락,안전운전불이행,건조,맑음,단일로 - 교량,화물,남,60세,경상,,,,
2018092100100849,2018년 9월 21일 23시,금요일,충청남도 천안시 서북구 성정동,중상사고,0,1,0,0,차대사람 - 횡단중,안전운전불이행,건조,맑음,교차로 - 교차로안,승용,남,64세,상해없음,보행자,남,26세,중상
2018092100100850,2018년 9월 21일 23시,금요일,충청남도 천안시 서북구 두정동,경상사고,0,0,1,0,차대차 - 측면충돌,안전운전불이행,건조,맑음,단일로 - 기타,승용,여,27세,상해없음,원동기,남,53세,경상
2018092100100851,2018년 9월 21일 23시,금요일,충청남도 서산시 운산면,경상사고,0,0,1,0,차대차 - 측면충돌,안전거리미확보,건조,맑음,단일로 - 기타,화물,남,65세,상해없음,승용,남,37세,경상
2018092200100051,2018년 9월 22일 02시,토요일,충청남도 서산시 읍내동,중상사고,0,1,0,0,차대사람 - 기타,안전운전불이행,건조,맑음,단일로 - 기타,승용,남,41세,상해없음,보행자,여,36세,중상
2018092200100082,2018년 9월 22일 04시,토요일,충청남도 서산시 운산면,중상사고,0,3,1,0,차대차 - 측면충돌,안전운전불이행,건조,맑음,단일로 - 기타,화물,남,50세,상해없음,승용,여,50세,중상
2018092200100126,2018년 9월 22일 07시,토요일,충청남도 아산시 온천동,중상사고,0,1,0,0,차대사람 - 기타,보행자보호의무위반,건조,맑음,교차로 - 교차로안,승용,남,28세,상해없음,보행자,여,83세,중상
2018092200100145,2018년 9월 22일 08시,토요일,충청남도 서천군 종천면,경상사고,0,0,3,0,차대차 - 측면충돌,직진우회전진행방해,건조,맑음,교차로 - 교차로안,화물,남,80세,경상,화물,남,59세,경상
2018092200100146,2018년 9월 22일 08시,토요일,충청남도 천안시 동남구 구성동,중상사고,0,1,0,0,차대사람 - 횡단중,안전운전불이행,건조,맑음,교차로 - 교차로부근,승용,남,29세,상해없음,보행자,여,87세,중상
2018092200100197,2018년 9월 22일 10시,토요일,충청남도 홍성군 장곡면,경상사고,0,0,1,0,차대차 - 측면충돌,안전운전불이행,건조,맑음,단일로 - 기타,사륜오토바이(ATV),여,51세,기타불명,승용,여,26세,경상
2018092200100198,2018년 9월 22일 10시,토요일,충청남도 천안시 동남구 원성동,경상사고,0,0,1,0,차대차 - 추돌,안전운전불이행,건조,맑음,단일로 - 기타,승합,남,42세,상해없음,승합,남,53세,상해없음
2018092200100231,2018년 9월 22일 11시,토요일,충청남도 당진시 순성면,중상사고,0,4,0,0,차대차 - 추돌,안전운전불이행,건조,맑음,교차로 - 교차로부근,승용,여,46세,상해없음,승용,여,31세,중상
2018092200100232,2018년 9월 22일 11시,토요일,충청남도 천안시 동남구 원성동,경상사고,0,0,1,0,차대차 - 추돌,안전운전불이행,건조,맑음,교차로 - 교차로부근,승용,남,52세,상해없음,승용,여,53세,경상
2018092200100233,2018년 9월 22일 11시,토요일,충청남도 태안군 안면읍,중상사고,0,1,0,0,차대차 - 기타,직진우회전진행방해,건조,맑음,교차로 - 교차로안,승용,남,36세,상해없음,화물,남,57세,상해없음
2018092200100269,2018년 9월 22일 12시,토요일,충청남도 천안시 서북구 성거읍,중상사고,0,1,0,0,차대차 - 정면충돌,신호위반,건조,맑음,교차로 - 교차로안,승용,남,74세,상해없음,이륜,남,36세,중상
2018092200100270,2018년 9월 22일 12시,토요일,충청남도 천안시 동남구 병천면,경상사고,0,0,1,0,차대차 - 측면충돌,안전운전불이행,건조,맑음,단일로 - 기타,승용,남,47세,상해없음,승용,남,37세,경상
2018092200100271,2018년 9월 22일 12시,토요일,충청남도 천안시 동남구 영성동,중상사고,0,1,0,0,차대사람 - 기타,불법유턴,건조,맑음,단일로 - 기타,승용,여,42세,상해없음,보행자,여,83세,중상
2018092200100320,2018년 9월 22일 13시,토요일,충청남도 서산시 동문동,중상사고,0,1,2,0,차대차 - 추돌,안전운전불이행,건조,맑음,교차로 - 교차로부근,승용,남,36세,상해없음,승용,남,60세,중상
2018092200100321,2018년 9월 22일 13시,토요일,충청남도 서산시 동문동,경상사고,0,0,2,0,차대차 - 후진중충돌,안전운전불이행,건조,맑음,단일로 - 기타,승용,남,59세,상해없음,승용,남,45세,경상
2018092200100365,2018년 9월 22일 14시,토요일,충청남도 부여군 석성면,중상사고,0,1,0,0,차대차 - 추돌,안전운전불이행,건조,맑음,교차로 - 교차로부근,승용,남,51세,상해없음,승용,여,36세,중상
2018092200100402,2018년 9월 22일 15시,토요일,충청남도 천안시 동남구 신부동,경상사고,0,0,3,0,차대차 - 측면충돌,안전거리미확보,건조,맑음,단일로 - 기타,승용,남,61세,상해없음,승용,남,30세,경상
2018092200100449,2018년 9월 22일 16시,토요일,충청남도 부여군 규암면,중상사고,0,1,1,0,차대차 - 측면충돌,신호위반,건조,맑음,교차로 - 교차로안,승용,여,58세,상해없음,승용,남,71세,중상
2018092200100450,2018년 9월 22일 16시,토요일,충청남도 청양군 정산면,경상사고,0,0,1,0,차대차 - 기타,안전운전불이행,건조,맑음,단일로 - 기타,이륜,남,37세,경상,승용,여,57세,상해없음
2018092200100507,2018년 9월 22일 17시,토요일,충청남도 당진시 송악읍,경상사고,0,0,1,0,차대차 - 측면충돌,안전거리미확보,건조,맑음,단일로 - 기타,승용,남,46세,상해없음,승용,남,45세,경상
2018092200100547,2018년 9월 22일 18시,토요일,충청남도 공주시 신관동,경상사고,0,0,1,0,차대차 - 측면충돌,안전운전불이행,건조,맑음,단일로 - 기타,이륜,남,83세,경상,승용,여,43세,상해없음
2018092200100548,2018년 9월 22일 18시,토요일,충청남도 천안시 동남구 신부동,경상사고,0,0,1,0,차대차 - 기타,안전운전불이행,건조,맑음,단일로 - 기타,화물,여,30세,상해없음,자전거,남,24세,경상
2018092200100598,2018년 9월 22일 19시,토요일,충청남도 논산시 양촌면,중상사고,0,1,0,0,차량단독 - 전도전복 - 전도,기타,건조,맑음,교차로 - 교차로부근,이륜,남,71세,중상,미분류,미분류,미분류,미분류
2018092200100599,2018년 9월 22일 19시,토요일,충청남도 서천군 서천읍,경상사고,0,0,1,0,차대차 - 측면충돌,직진우회전진행방해,건조,맑음,교차로 - 교차로안,이륜,남,58세,상해없음,승용,남,28세,경상
2018092200100600,2018년 9월 22일 19시,토요일,충청남도 부여군 부여읍,경상사고,0,0,1,0,차대차 - 정면충돌,안전운전불이행,건조,맑음,교차로 - 교차로부근,화물,남,49세,상해없음,승용,남,47세,경상
2018092200100637,2018년 9월 22일 20시,토요일,충청남도 보령시 오천면,중상사고,0,1,1,0,차대차 - 측면충돌,안전운전불이행,건조,맑음,교차로 - 교차로안,승용,남,25세,상해없음,승합,남,50세,경상
2018092200100693,2018년 9월 22일 22시,토요일,충청남도 청양군 장평면,경상사고,0,0,1,0,차량단독 - 공작물충돌,안전운전불이행,건조,맑음,단일로 - 기타,승용,남,25세,경상,,,,
2018092200100718,2018년 9월 22일 23시,토요일,충청남도 공주시 태봉동,경상사고,0,0,1,0,차량단독 - 공작물충돌,안전운전불이행,건조,맑음,교차로 - 교차로부근,승용,여,53세,기타불명,,,,
2018092300100028,2018년 9월 23일 02시,일요일,충청남도 논산시 내동,경상사고,0,0,1,0,차대차 - 측면충돌,신호위반,건조,맑음,교차로 - 교차로안,승용,남,27세,상해없음,승용,남,31세,경상
2018092300100095,2018년 9월 23일 09시,일요일,충청남도 천안시 서북구 성정동,경상사고,0,0,1,0,차대차 - 기타,중앙선침범,건조,맑음,단일로 - 기타,승용,여,36세,상해없음,승용,남,60세,상해없음
2018092300100096,2018년 9월 23일 09시,일요일,충청남도 천안시 동남구 원성동,경상사고,0,0,2,0,차대차 - 측면충돌,교차로운행방법위반,건조,맑음,교차로 - 교차로안,승용,여,66세,상해없음,승합,남,51세,경상
2018092300100164,2018년 9월 23일 12시,일요일,충청남도 태안군 태안읍,부상신고사고,0,0,0,1,차대차 - 후진중충돌,안전운전불이행,건조,흐림,교차로 - 교차로부근,승용,남,53세,상해없음,화물,남,70세,부상신고
2018092300100209,2018년 9월 23일 14시,일요일,충청남도 공주시 우성면,경상사고,0,0,6,0,차대차 - 측면충돌,안전운전불이행,건조,맑음,교차로 - 교차로부근,승용,남,67세,경상,승용,남,48세,경상
2018092300100210,2018년 9월 23일 14시,일요일,충청남도 천안시 동남구 신부동,경상사고,0,0,1,0,차대사람 - 기타,안전운전불이행,건조,맑음,단일로 - 기타,승합,남,53세,상해없음,보행자,남,75세,경상
2018092300100244,2018년 9월 23일 15시,일요일,충청남도 예산군 신암면,중상사고,0,1,4,0,차대차 - 정면충돌,안전운전불이행,건조,맑음,단일로 - 기타,화물,남,59세,경상,승용,남,49세,경상
2018092300100245,2018년 9월 23일 15시,일요일,충청남도 당진시 신평면,중상사고,0,1,0,0,차대사람 - 차도통행중,안전운전불이행,건조,맑음,단일로 - 기타,승용,여,37세,상해없음,보행자,여,51세,중상
2018092300100246,2018년 9월 23일 15시,일요일,충청남도 태안군 근흥면,사망사고,1,0,0,1,차대차 - 측면충돌,직진우회전진행방해,건조,맑음,교차로 - 교차로안,사륜오토바이(ATV),남,75세,사망,승용,여,43세,부상신고
2018092300100247,2018년 9월 23일 15시,일요일,충청남도 공주시 정안면,경상사고,0,0,1,0,차대차 - 추돌,안전운전불이행,건조,맑음,단일로 - 기타,승용,남,52세,상해없음,승용,남,72세,경상
2018092300100280,2018년 9월 23일 16시,일요일,충청남도 논산시 화지동,경상사고,0,0,2,0,차대차 - 추돌,안전운전불이행,건조,맑음,단일로 - 기타,승용,남,62세,상해없음,승용,여,50세,경상
2018092300100281,2018년 9월 23일 16시,일요일,충청남도 보령시 주포면,경상사고,0,0,1,0,차대차 - 측면충돌,직진우회전진행방해,건조,맑음,교차로 - 교차로안,승용,여,46세,상해없음,화물,남,42세,경상
2018092300100282,2018년 9월 23일 16시,일요일,충청남도 공주시 산성동,경상사고,0,0,1,1,차대차 - 추돌,안전운전불이행,건조,맑음,단일로 - 기타,승용,남,31세,상해없음,승용,남,34세,부상신고
2018092300100316,2018년 9월 23일 17시,일요일,충청남도 천안시 서북구 쌍용동,경상사고,0,0,1,0,차대차 - 기타,안전운전불이행,건조,맑음,교차로 - 교차로부근,승용,여,30세,상해없음,승용,남,26세,경상
2018092300100317,2018년 9월 23일 17시,일요일,충청남도 천안시 서북구 와촌동,중상사고,0,1,1,0,차대차 - 기타,직진우회전진행방해,건조,맑음,교차로 - 교차로안,승용,남,60세,상해없음,승용,여,49세,중상
2018092300100319,2018년 9월 23일 17시,일요일,충청남도 천안시 동남구 삼룡동,경상사고,0,0,1,0,차대차 - 측면충돌,신호위반,건조,맑음,교차로 - 교차로안,승용,남,53세,상해없음,승용,여,47세,경상
2018092300100348,2018년 9월 23일 18시,일요일,충청남도 천안시 서북구 쌍용동,경상사고,0,0,1,0,차대차 - 기타,불법유턴,건조,맑음,단일로 - 기타,승용,남,64세,상해없음,승용,남,46세,경상
2018092300100349,2018년 9월 23일 18시,일요일,충청남도 홍성군 은하면,중상사고,0,1,0,0,차대사람 - 차도통행중,안전운전불이행,건조,맑음,단일로 - 기타,화물,남,58세,상해없음,보행자,여,13세,중상
2018092300100350,2018년 9월 23일 18시,일요일,충청남도 예산군 오가면,중상사고,0,4,0,0,차대차 - 추돌,안전운전불이행,건조,흐림,단일로 - 기타,승용,남,26세,상해없음,승용,남,50세,중상
2018092300100376,2018년 9월 23일 19시,일요일,충청남도 천안시 서북구 쌍용동,부상신고사고,0,0,0,1,차대사람 - 차도통행중,안전운전불이행,건조,맑음,단일로 - 기타,승용,여,51세,상해없음,보행자,여,72세,부상신고
2018092300100377,2018년 9월 23일 19시,일요일,충청남도 예산군 광시면,경상사고,0,0,1,0,차대차 - 추돌,차로위반,건조,맑음,교차로 - 교차로부근,승용,여,31세,상해없음,승합,남,62세,상해없음
2018092300100378,2018년 9월 23일 19시,일요일,충청남도 부여군 부여읍,사망사고,1,0,0,0,차대사람 - 차도통행중,안전운전불이행,건조,맑음,단일로 - 기타,화물,남,52세,상해없음,보행자,남,48세,사망
2018092300100379,2018년 9월 23일 19시,일요일,충청남도 금산군 군북면,중상사고,0,1,0,0,차대사람 - 기타,안전운전불이행,건조,맑음,단일로 - 기타,승용,남,51세,상해없음,보행자,남,49세,중상
2018092300100380,2018년 9월 23일 19시,일요일,충청남도 청양군 청양읍,사망사고,1,0,0,0,차대사람 - 기타,안전운전불이행,건조,맑음,기타 - 기타,승용,남,56세,상해없음,보행자,남,9세,사망
2018092300100443,2018년 9월 23일 22시,일요일,충청남도 천안시 서북구 백석동,중상사고,0,1,0,0,차대차 - 기타,안전운전불이행,건조,맑음,단일로 - 기타,승합,남,47세,상해없음,특수,남,44세,상해없음
2018092400100004,2018년 9월 24일 00시,월요일,충청남도 논산시 연무읍,중상사고,0,1,0,0,차대차 - 기타,안전운전불이행,건조,맑음,단일로 - 기타,승용,남,57세,상해없음,화물,남,50세,중상
2018092400100021,2018년 9월 24일 02시,월요일,충청남도 천안시 서북구 두정동,경상사고,0,0,3,0,차대차 - 측면충돌,신호위반,건조,맑음,교차로 - 교차로안,승용,여,28세,상해없음,승용,남,61세,경상
2018092400100028,2018년 9월 24일 03시,월요일,충청남도 천안시 서북구 성정동,경상사고,0,0,2,0,차대차 - 추돌,안전운전불이행,건조,맑음,교차로 - 교차로부근,승용,남,32세,상해없음,승용,남,40세,경상
2018092400100043,2018년 9월 24일 05시,월요일,충청남도 천안시 동남구 구성동,경상사고,0,0,1,0,차대차 - 기타,안전운전불이행,건조,맑음,단일로 - 기타,승용,남,61세,상해없음,승용,남,31세,경상
2018092400100071,2018년 9월 24일 09시,월요일,충청남도 아산시 신창면,중상사고,0,2,9,0,차대차 - 추돌,안전운전불이행,건조,맑음,기타 - 기타,화물,남,62세,상해없음,승용,남,56세,중상
2018092400100079,2018년 9월 24일 10시,월요일,충청남도 서산시 해미면,중상사고,0,1,2,0,차대차 - 후진중충돌,안전운전불이행,건조,맑음,기타 - 기타,승용,남,54세,상해없음,화물,여,68세,중상
2018092400100103,2018년 9월 24일 11시,월요일,충청남도 논산시 은진면,경상사고,0,0,1,0,차대사람 - 횡단중,보행자보호의무위반,건조,맑음,교차로 - 교차로횡단보도내,승합,남,65세,상해없음,보행자,여,20세,경상
2018092400100104,2018년 9월 24일 11시,월요일,충청남도 논산시 내동,중상사고,0,1,0,0,차대사람 - 횡단중,안전운전불이행,건조,맑음,단일로 - 기타,승용,남,52세,상해없음,보행자,남,5세,중상
2018092400100105,2018년 9월 24일 11시,월요일,충청남도 아산시 탕정면,경상사고,0,0,2,0,차대차 - 측면충돌,신호위반,건조,맑음,교차로 - 교차로안,승용,남,53세,상해없음,승용,남,33세,경상
2018092400100137,2018년 9월 24일 12시,월요일,충청남도 천안시 서북구 성정동,부상신고사고,0,0,0,1,차대차 - 측면충돌,안전운전불이행,건조,맑음,교차로 - 교차로안,자전거,남,10세,부상신고,승용,남,49세,상해없음
2018092400100200,2018년 9월 24일 14시,월요일,충청남도 공주시 중동,중상사고,0,1,0,0,차대사람 - 횡단중,보행자보호의무위반,건조,맑음,단일로 - 기타,승용,남,29세,상해없음,보행자,남,75세,중상
2018092400100226,2018년 9월 24일 15시,월요일,충청남도 예산군 대술면,경상사고,0,0,1,0,차대차 - 측면충돌,중앙선침범,건조,맑음,단일로 - 기타,승용,여,41세,상해없음,승용,여,69세,경상
2018092400100264,2018년 9월 24일 16시,월요일,충청남도 청양군 남양면,중상사고,0,1,0,0,차량단독 - 전도전복 - 전도,안전운전불이행,건조,맑음,단일로 - 기타,이륜,남,45세,중상,미분류,미분류,미분류,미분류
2018092400100322,2018년 9월 24일 18시,월요일,충청남도 천안시 서북구 직산읍,경상사고,0,0,2,0,차대차 - 측면충돌,안전운전불이행,건조,맑음,교차로 - 교차로부근,승용,남,41세,상해없음,승용,여,34세,경상
2018092400100323,2018년 9월 24일 18시,월요일,충청남도 부여군 부여읍,경상사고,0,0,4,0,차대차 - 측면충돌,안전운전불이행,건조,맑음,교차로 - 교차로안,승용,남,30세,상해없음,승용,남,21세,경상
2018092400100324,2018년 9월 24일 18시,월요일,충청남도 당진시 송악읍,경상사고,0,0,1,0,차대차 - 측면충돌,안전운전불이행,건조,맑음,기타 - 기타,승용,남,64세,상해없음,승용,남,62세,경상
2018092400100325,2018년 9월 24일 18시,월요일,충청남도 당진시 신평면,중상사고,0,1,0,0,차대사람 - 기타,안전운전불이행,건조,맑음,단일로 - 기타,승용,남,49세,상해없음,보행자,남,48세,중상
2018092400100326,2018년 9월 24일 18시,월요일,충청남도 천안시 동남구 신방동,경상사고,0,0,1,0,차대차 - 측면충돌,안전운전불이행,건조,맑음,단일로 - 기타,승용,남,47세,상해없음,승용,남,38세,상해없음
2018092400100343,2018년 9월 24일 19시,월요일,충청남도 천안시 서북구 와촌동,중상사고,0,1,0,0,차대사람 - 기타,안전운전불이행,건조,맑음,단일로 - 교량,승용,남,35세,상해없음,보행자,남,56세,중상
2018092400100369,2018년 9월 24일 20시,월요일,충청남도 천안시 서북구 성정동,중상사고,0,1,1,0,차대차 - 측면충돌,신호위반,건조,맑음,교차로 - 교차로안,승용,남,26세,상해없음,승용,남,64세,중상
2018092400100370,2018년 9월 24일 20시,월요일,충청남도 천안시 서북구 두정동,중상사고,0,1,0,0,차대차 - 측면충돌,중앙선침범,건조,맑음,교차로 - 교차로부근,승용,남,50세,상해없음,원동기,남,42세,중상
2018092400100371,2018년 9월 24일 20시,월요일,충청남도 서천군 문산면,중상사고,0,1,0,0,차량단독 - 전도전복 - 전복,안전운전불이행,건조,맑음,단일로 - 기타,승용,남,18세,상해없음,미분류,미분류,미분류,미분류