사고번호,사고일시,요일,시군구,사고내용,사망자수,중상자수,경상자수,부상신고자수,사고유형,법규위반,노면상태,기상상태,도로형태,가해운전자 차종,가해운전자 성별,가해운전자 연령,가해운전자 상해정도,피해운전자 차종,피해운전자 성별,피해운전자 연령,피해운전자 상해정도
2018093000100357,2018년 9월 30일 17시,일요일,충청남도 서천군 문산면,경상사고,0,0,1,0,차대차 - 후진중충돌,안전운전불이행,건조,맑음,단일로 - 기타,화물,남,55세,상해없음,화물,남,46세,경상
2018093000100358,2018년 9월 30일 17시,일요일,충청남도 부여군 구룡면,경상사고,0,0,3,0,차대차 - 정면충돌,교차로운행방법위반,건조,맑음,교차로 - 교차로안,승용,여,51세,상해없음,승용,남,58세,경상
2018093000100393,2018년 9월 30일 18시,일요일,충청남도 천안시 동남구 신부동,경상사고,0,0,2,0,차대사람 - 보도통행중,보행자보호의무위반,건조,맑음,교차로 - 교차로부근,승용,남,26세,상해없음,보행자,남,25세,경상
2018093000100426,2018년 9월 30일 19시,일요일,충청남도 아산시 송악면,경상사고,0,0,1,0,차대차 - 측면충돌,안전운전불이행,건조,맑음,단일로 - 기타,승용,여,59세,상해없음,승용,남,30세,경상
2018093000100427,2018년 9월 30일 19시,일요일,충청남도 공주시 신관동,경상사고,0,0,2,0,차대차 - 측면충돌,직진우회전진행방해,건조,맑음,교차로 - 교차로안,승용,남,21세,경상,이륜,남,21세,경상
2018093000100428,2018년 9월 30일 19시,일요일,충청남도 천안시 동남구 신부동,경상사고,0,0,1,0,차대차 - 기타,중앙선침범,건조,맑음,교차로 - 교차로부근,이륜,남,36세,경상,승용,남,26세,상해없음
2018093000100455,2018년 9월 30일 20시,일요일,충청남도 천안시 서북구 쌍용동,경상사고,0,0,1,0,차대사람 - 기타,안전운전불이행,건조,맑음,단일로 - 기타,개인형이동수단(PM),남,18세,상해없음,보행자,여,72세,경상
2018093000100492,2018년 9월 30일 22시,일요일,충청남도 당진시 신평면,중상사고,0,2,1,0,차대차 - 추돌,안전운전불이행,건조,맑음,단일로 - 기타,승용,여,28세,경상,승용,남,58세,중상
2018093000100493,2018년 9월 30일 22시,일요일,충청남도 태안군 안면읍,경상사고,0,0,1,0,차대차 - 측면충돌,안전운전불이행,젖음/습기,비,교차로 - 교차로부근,승용,남,27세,상해없음,승합,남,30세,경상
2018093000100494,2018년 9월 30일 22시,일요일,충청남도 공주시 이인면,경상사고,0,0,1,0,차대차 - 기타,안전운전불이행,건조,맑음,단일로 - 기타,승용,여,54세,상해없음,승용,남,34세,경상
2018100100100013,2018년 10월 1일 01시,월요일,충청남도 아산시 음봉면,중상사고,0,1,0,0,차대차 - 추돌,안전운전불이행,건조,맑음,단일로 - 기타,승용,여,48세,상해없음,승용,여,32세,중상
2018100100100032,2018년 10월 1일 04시,월요일,충청남도 천안시 서북구 성정동,중상사고,0,1,0,0,차대차 - 측면충돌,신호위반,건조,맑음,교차로 - 교차로안,승용,남,21세,상해없음,승용,남,49세,중상
2018100100100070,2018년 10월 1일 07시,월요일,충청남도 서천군 장항읍,경상사고,0,0,1,0,차대차 - 측면충돌,안전운전불이행,건조,맑음,단일로 - 기타,승용,남,58세,상해없음,화물,남,72세,상해없음
2018100100100071,2018년 10월 1일 07시,월요일,충청남도 서천군 마서면,경상사고,0,0,1,0,차대차 - 기타,직진우회전진행방해,건조,맑음,교차로 - 교차로안,승용,남,71세,상해없음,승용,여,24세,경상
2018100100100145,2018년 10월 1일 09시,월요일,충청남도 서천군 한산면,중상사고,0,1,0,0,차대차 - 측면충돌,신호위반,건조,맑음,교차로 - 교차로안,이륜,남,85세,중상,승용,남,72세,상해없음
2018100100100179,2018년 10월 1일 10시,월요일,충청남도 서산시 동문동,중상사고,0,1,0,0,차대사람 - 기타,보행자보호의무위반,건조,맑음,교차로 - 교차로횡단보도내,화물,남,75세,상해없음,보행자,여,69세,중상
2018100100100180,2018년 10월 1일 10시,월요일,충청남도 공주시 금성동,중상사고,0,1,0,0,차량단독 - 기타,기타,건조,맑음,단일로 - 기타,승합,남,54세,상해없음,,,,
2018100100100241,2018년 10월 1일 12시,월요일,충청남도 천안시 서북구 두정동,중상사고,0,1,1,0,차대차 - 측면충돌,안전운전불이행,건조,맑음,단일로 - 기타,자전거,남,61세,경상,이륜,남,40세,중상
2018100100100242,2018년 10월 1일 12시,월요일,충청남도 아산시 신창면,경상사고,0,0,1,0,차대사람 - 기타,안전운전불이행,건조,맑음,단일로 - 기타,승용,남,32세,상해없음,보행자,남,24세,경상
2018100100100281,2018년 10월 1일 13시,월요일,충청남도 아산시 선장면,중상사고,0,1,0,0,차대차 - 기타,중앙선침범,기타,맑음,기타 - 기타,승용,남,34세,상해없음,승용,여,77세,중상
2018100100100317,2018년 10월 1일 14시,월요일,충청남도 논산시 취암동,중상사고,0,1,0,0,차대사람 - 횡단중,신호위반,젖음/습기,흐림,교차로 - 교차로안,이륜,남,83세,상해없음,보행자,여,61세,중상
2018100100100318,2018년 10월 1일 14시,월요일,충청남도 천안시 동남구 원성동,사망사고,1,0,0,0,차대차 - 측면충돌,신호위반,건조,맑음,교차로 - 교차로안,승용,남,79세,사망,승용,여,52세,상해없음
2018100100100319,2018년 10월 1일 14시,월요일,충청남도 태안군 근흥면,경상사고,0,0,1,0,차대차 - 기타,교차로운행방법위반,젖음/습기,기타,교차로 - 교차로안,화물,남,41세,상해없음,이륜,남,79세,경상
2018100100100350,2018년 10월 1일 15시,월요일,충청남도 공주시 반포면,중상사고,0,1,0,0,차대차 - 추돌,안전운전불이행,건조,맑음,교차로 - 교차로부근,이륜,남,70세,상해없음,이륜,남,77세,중상
2018100100100436,2018년 10월 1일 17시,월요일,충청남도 계룡시 엄사면,경상사고,0,0,3,0,차대차 - 측면충돌,안전운전불이행,젖음/습기,비,교차로 - 교차로안,승용,여,39세,경상,승용,남,58세,경상
2018100100100437,2018년 10월 1일 17시,월요일,충청남도 홍성군 홍성읍,경상사고,0,0,2,0,차대차 - 추돌,안전운전불이행,젖음/습기,맑음,단일로 - 기타,승용,여,50세,상해없음,이륜,여,22세,경상
2018100100100485,2018년 10월 1일 18시,월요일,충청남도 논산시 강산동,경상사고,0,0,3,0,차대차 - 추돌,안전운전불이행,건조,맑음,단일로 - 기타,승용,남,57세,상해없음,승용,남,44세,경상
2018100100100526,2018년 10월 1일 19시,월요일,충청남도 당진시 읍내리,중상사고,0,1,0,0,차대차 - 측면충돌,교차로운행방법위반,건조,맑음,교차로 - 교차로안,승용,남,47세,상해없음,이륜,남,40세,중상
2018100100100578,2018년 10월 1일 21시,월요일,충청남도 서산시 해미면,경상사고,0,0,1,0,차량단독 - 공작물충돌,안전운전불이행,건조,맑음,교차로 - 교차로부근,화물,남,66세,경상,,,,
2018100100100579,2018년 10월 1일 21시,월요일,충청남도 서산시 동문동,중상사고,0,1,0,0,차대사람 - 횡단중,신호위반,건조,맑음,교차로 - 교차로안,승용,여,46세,상해없음,보행자,여,27세,중상
2018100100100600,2018년 10월 1일 22시,월요일,충청남도 서산시 읍내동,경상사고,0,0,1,0,차대차 - 정면충돌,중앙선침범,건조,맑음,단일로 - 기타,승용,남,30세,상해없음,승용,남,62세,경상
2018100200100011,2018년 10월 2일 01시,화요일,충청남도 보령시 대천동,중상사고,0,1,0,0,차대차 - 측면충돌,신호위반,건조,맑음,교차로 - 교차로안,승용,여,52세,상해없음,승용,여,48세,중상
2018100200100022,2018년 10월 2일 02시,화요일,충청남도 태안군 태안읍,중상사고,0,2,0,0,차대차 - 정면충돌,중앙선침범,건조,맑음,기타 - 기타,승용,남,66세,중상,승용,남,22세,중상
2018100200100031,2018년 10월 2일 03시,화요일,충청남도 아산시 배방읍,경상사고,0,0,1,0,차대차 - 기타,중앙선침범,건조,맑음,단일로 - 기타,승용,남,27세,상해없음,승용,남,33세,경상
2018100200100046,2018년 10월 2일 05시,화요일,충청남도 천안시 서북구 두정동,경상사고,0,0,1,0,차대차 - 추돌,안전거리미확보,건조,맑음,교차로 - 교차로부근,승용,남,26세,상해없음,승용,여,26세,경상
2018100200100080,2018년 10월 2일 07시,화요일,충청남도 천안시 서북구 두정동,경상사고,0,0,1,1,차대차 - 추돌,안전거리미확보,건조,맑음,교차로 - 교차로안,승용,여,26세,상해없음,승용,남,26세,경상
2018100200100116,2018년 10월 2일 08시,화요일,충청남도 서산시 동문동,중상사고,0,1,0,0,차대사람 - 기타,안전운전불이행,건조,맑음,교차로 - 교차로안,화물,남,51세,상해없음,보행자,여,41세,중상
2018100200100159,2018년 10월 2일 09시,화요일,충청남도 서산시 지곡면,경상사고,0,0,2,0,차대차 - 측면충돌,직진우회전진행방해,건조,맑음,교차로 - 교차로안,승용,여,38세,상해없음,승용,여,42세,경상
2018100200100160,2018년 10월 2일 09시,화요일,충청남도 천안시 서북구 백석동,경상사고,0,0,1,0,차대차 - 측면충돌,안전거리미확보,건조,맑음,단일로 - 기타,승용,여,55세,상해없음,승용,여,24세,경상
2018100200100161,2018년 10월 2일 09시,화요일,충청남도 천안시 동남구 풍세면,경상사고,0,0,1,0,차대사람 - 횡단중,안전운전불이행,건조,맑음,단일로 - 기타,승용,남,27세,상해없음,보행자,여,52세,경상
2018100200100260,2018년 10월 2일 12시,화요일,충청남도 홍성군 홍성읍,경상사고,0,0,1,0,차대차 - 측면충돌,안전운전불이행,건조,맑음,기타 - 기타,승용,여,44세,상해없음,자전거,남,64세,경상
2018100200100261,2018년 10월 2일 12시,화요일,충청남도 서천군 마서면,중상사고,0,1,0,0,차대차 - 기타,중앙선침범,건조,맑음,단일로 - 기타,승합,남,71세,상해없음,이륜,남,75세,중상
2018100200100299,2018년 10월 2일 13시,화요일,충청남도 천안시 서북구 쌍용동,경상사고,0,0,1,0,차대차 - 추돌,안전운전불이행,건조,맑음,교차로 - 교차로부근,승용,남,65세,상해없음,승용,남,49세,경상
2018100200100363,2018년 10월 2일 15시,화요일,충청남도 홍성군 광천읍,경상사고,0,0,1,0,차대사람 - 횡단중,안전운전불이행,건조,맑음,기타 - 기타,화물,남,51세,상해없음,보행자,여,78세,경상
2018100200100405,2018년 10월 2일 16시,화요일,충청남도 천안시 서북구 쌍용동,중상사고,0,1,1,0,차대차 - 측면충돌,신호위반,건조,맑음,교차로 - 교차로안,승용,남,50세,상해없음,승합,남,58세,경상
2018100200100437,2018년 10월 2일 17시,화요일,충청남도 보령시 웅천읍,중상사고,0,1,0,0,차대사람 - 횡단중,안전운전불이행,건조,맑음,단일로 - 기타,승용,여,53세,상해없음,보행자,남,13세,중상
2018100200100438,2018년 10월 2일 17시,화요일,충청남도 청양군 청양읍,경상사고,0,0,1,0,차대차 - 측면충돌,직진우회전진행방해,건조,맑음,교차로 - 교차로안,승용,남,68세,상해없음,자전거,여,69세,경상
2018100200100484,2018년 10월 2일 18시,화요일,충청남도 천안시 서북구 성정동,경상사고,0,0,1,0,차대사람 - 기타,보행자보호의무위반,건조,맑음,교차로 - 교차로안,승용,여,53세,상해없음,보행자,남,6세,경상
2018100200100486,2018년 10월 2일 18시,화요일,충청남도 부여군 내산면,사망사고,1,0,0,0,차량단독 - 도로외이탈 - 추락,안전운전불이행,건조,맑음,단일로 - 기타,사륜오토바이(ATV),남,76세,사망,,,,
2018100200100487,2018년 10월 2일 18시,화요일,충청남도 당진시 신평면,경상사고,0,0,1,0,차대차 - 측면충돌,안전운전불이행,건조,맑음,단일로 - 기타,승용,남,56세,상해없음,승용,남,38세,경상
2018100200100488,2018년 10월 2일 18시,화요일,충청남도 천안시 동남구 목천읍,경상사고,0,0,1,0,차대차 - 측면충돌,교차로운행방법위반,건조,맑음,교차로 - 교차로안,승용,여,51세,상해없음,승용,남,60세,경상
2018100200100542,2018년 10월 2일 19시,화요일,충청남도 천안시 서북구 성정동,경상사고,0,0,1,0,차대차 - 추돌,안전거리미확보,건조,맑음,단일로 - 기타,승용,여,38세,상해없음,승용,남,61세,경상
2018100200100543,2018년 10월 2일 19시,화요일,충청남도 보령시 동대동,중상사고,0,1,0,0,차대사람 - 횡단중,보행자보호의무위반,건조,맑음,단일로 - 기타,화물,남,44세,상해없음,보행자,남,12세,중상
2018100200100545,2018년 10월 2일 19시,화요일,충청남도 천안시 서북구 쌍용동,중상사고,0,1,0,0,차대사람 - 횡단중,안전운전불이행,건조,맑음,단일로 - 기타,승용,남,37세,상해없음,보행자,남,69세,중상
2018100200100546,2018년 10월 2일 19시,화요일,충청남도 천안시 동남구 삼룡동,경상사고,0,0,1,0,차대차 - 추돌,안전운전불이행,건조,맑음,단일로 - 기타,화물,남,62세,상해없음,승용,남,44세,경상
2018100200100596,2018년 10월 2일 20시,화요일,충청남도 아산시 온천동,경상사고,0,0,1,0,차대차 - 기타,안전운전불이행,건조,기타,교차로 - 교차로부근,승용,남,58세,상해없음,승용,여,38세,경상
2018100200100597,2018년 10월 2일 20시,화요일,충청남도 아산시 염치읍,중상사고,0,1,0,0,차대사람 - 기타,안전운전불이행,건조,맑음,단일로 - 기타,승용,남,54세,상해없음,보행자,남,61세,중상
2018100200100626,2018년 10월 2일 21시,화요일,충청남도 천안시 동남구 목천읍,중상사고,0,2,0,0,차대차 - 추돌,안전거리미확보,건조,맑음,기타 - 기타,화물,남,52세,기타불명,승용,남,49세,중상
2018100200100654,2018년 10월 2일 22시,화요일,충청남도 천안시 동남구 신부동,경상사고,0,0,1,0,차대차 - 기타,안전거리미확보,건조,맑음,단일로 - 기타,승용,남,26세,상해없음,승용,남,26세,경상
2018100300100118,2018년 10월 3일 07시,수요일,충청남도 당진시 합덕읍,경상사고,0,0,1,0,차대차 - 측면충돌,신호위반,건조,맑음,교차로 - 교차로안,승용,남,35세,상해없음,승용,남,29세,경상
2018100300100156,2018년 10월 3일 09시,수요일,충청남도 천안시 서북구 성정동,경상사고,0,0,1,0,차대차 - 측면충돌,안전운전불이행,젖음/습기,맑음,교차로 - 교차로안,승용,남,26세,상해없음,화물,남,67세,경상
2018100300100157,2018년 10월 3일 09시,수요일,충청남도 공주시 반포면,중상사고,0,1,2,0,차대차 - 추돌,안전운전불이행,건조,맑음,교차로 - 교차로안,승용,남,47세,상해없음,승용,남,48세,경상
2018100300100158,2018년 10월 3일 09시,수요일,충청남도 부여군 임천면,중상사고,0,1,0,0,차량단독 - 전도전복 - 전도,안전운전불이행,건조,맑음,단일로 - 기타,이륜,남,80세,중상,미분류,미분류,미분류,미분류
2018100300100207,2018년 10월 3일 11시,수요일,충청남도 당진시 합덕읍,중상사고,0,1,0,0,차대사람 - 기타,보행자보호의무위반,건조,맑음,교차로 - 교차로횡단보도내,승용,남,65세,상해없음,보행자,남,85세,중상
2018100300100208,2018년 10월 3일 11시,수요일,충청남도 천안시 동남구 오룡동,경상사고,0,0,2,0,차대차 - 측면충돌,안전운전불이행,건조,맑음,교차로 - 교차로안,화물,남,35세,상해없음,이륜,남,71세,경상
2018100300100227,2018년 10월 3일 12시,수요일,충청남도 태안군 안면읍,경상사고,0,0,2,0,차대차 - 추돌,안전운전불이행,건조,맑음,단일로 - 교량,화물,남,60세,상해없음,승용,남,46세,경상
2018100300100263,2018년 10월 3일 13시,수요일,충청남도 아산시 배방읍,중상사고,0,1,2,0,차대사람 - 횡단중,신호위반,건조,맑음,기타 - 기타,화물,남,55세,상해없음,보행자,여,49세,중상
2018100300100264,2018년 10월 3일 13시,수요일,충청남도 예산군 삽교읍,부상신고사고,0,0,0,1,차량단독 - 전도전복 - 전도,안전운전불이행,건조,맑음,단일로 - 교량,이륜,남,63세,부상신고,미분류,미분류,미분류,미분류
2018100300100265,2018년 10월 3일 13시,수요일,충청남도 예산군 오가면,경상사고,0,0,2,0,차대차 - 추돌,안전운전불이행,건조,맑음,교차로 - 교차로부근,승용,남,45세,상해없음,승용,남,25세,경상
2018100300100266,2018년 10월 3일 13시,수요일,충청남도 공주시 정안면,경상사고,0,0,1,0,차대차 - 측면충돌,안전운전불이행,건조,맑음,단일로 - 기타,승용,남,63세,상해없음,화물,남,62세,경상
2018100300100304,2018년 10월 3일 14시,수요일,충청남도 서천군 서면,중상사고,0,2,1,0,차대차 - 정면충돌,중앙선침범,건조,맑음,단일로 - 기타,승용,남,55세,상해없음,승용,남,54세,경상
2018100300100305,2018년 10월 3일 14시,수요일,충청남도 예산군 봉산면,중상사고,0,1,0,0,차대차 - 측면충돌,중앙선침범,건조,맑음,교차로 - 교차로부근,화물,남,61세,상해없음,이륜,남,38세,중상
2018100300100306,2018년 10월 3일 14시,수요일,충청남도 부여군 부여읍,중상사고,0,1,0,0,차대사람 - 횡단중,보행자보호의무위반,건조,맑음,단일로 - 기타,승용,남,50세,상해없음,보행자,남,24세,중상
2018100300100307,2018년 10월 3일 14시,수요일,충청남도 청양군 정산면,중상사고,0,1,0,0,차대차 - 측면충돌,안전운전불이행,건조,맑음,교차로 - 교차로안,승용,남,52세,상해없음,화물,남,60세,중상
2018100300100336,2018년 10월 3일 15시,수요일,충청남도 보령시 남곡동,중상사고,0,2,2,0,차대차 - 측면충돌,중앙선침범,건조,맑음,단일로 - 기타,승용,남,21세,기타불명,승용,여,31세,중상
2018100300100337,2018년 10월 3일 15시,수요일,충청남도 부여군 부여읍,경상사고,0,0,1,0,차대차 - 측면충돌,안전운전불이행,건조,맑음,교차로 - 교차로안,이륜,남,64세,경상,승용,남,31세,상해없음
2018100300100370,2018년 10월 3일 16시,수요일,충청남도 천안시 서북구 백석동,경상사고,0,0,2,1,차대차 - 측면충돌,신호위반,건조,맑음,교차로 - 교차로안,승용,남,65세,부상신고,승용,여,30세,경상
2018100300100416,2018년 10월 3일 17시,수요일,충청남도 서산시 인지면,중상사고,0,2,0,0,차대차 - 정면충돌,중앙선침범,건조,맑음,단일로 - 기타,승용,남,49세,상해없음,승용,남,28세,중상
2018100300100417,2018년 10월 3일 17시,수요일,충청남도 아산시 염치읍,중상사고,0,1,0,0,차대차 - 정면충돌,교차로운행방법위반,건조,맑음,교차로 - 교차로안,화물,남,59세,상해없음,승용,남,42세,중상
2018100300100418,2018년 10월 3일 17시,수요일,충청남도 서천군 화양면,경상사고,0,0,3,0,차대차 - 측면충돌,교차로운행방법위반,건조,맑음,교차로 - 교차로안,화물,남,57세,경상,승용,남,57세,경상
2018100300100455,2018년 10월 3일 18시,수요일,충청남도 아산시 용화동,경상사고,0,0,1,1,차대사람 - 기타,안전운전불이행,건조,맑음,단일로 - 기타,기타불명,기타불명,미분류,기타불명,보행자,여,10세,경상
2018100300100456,2018년 10월 3일 18시,수요일,충청남도 금산군 제원면,경상사고,0,0,1,0,차량단독 - 도로외이탈 - 추락,안전운전불이행,건조,맑음,단일로 - 기타,화물,남,64세,경상,,,,
2018100300100556,2018년 10월 3일 22시,수요일,충청남도 서산시 고북면,사망사고,1,0,0,0,차대사람 - 횡단중,과속,건조,맑음,단일로 - 기타,승용,남,35세,상해없음,보행자,남,50세,사망
2018100400100032,2018년 10월 4일 03시,목요일,충청남도 논산시 부적면,중상사고,0,1,0,0,차량단독 - 기타,안전운전불이행,건조,맑음,단일로 - 기타,화물,남,49세,중상,,,,
2018100400100061,2018년 10월 4일 06시,목요일,충청남도 논산시 연산면,사망사고,1,0,0,0,차대사람 - 횡단중,안전운전불이행,건조,맑음,교차로 - 교차로부근,승용,남,54세,상해없음,보행자,여,79세,사망
2018100400100062,2018년 10월 4일 06시,목요일,충청남도 논산시 연무읍,중상사고,0,1,0,0,차대차 - 측면충돌,안전운전불이행,건조,맑음,단일로 - 기타,승용,남,58세,상해없음,화물,남,62세,중상
2018100400100115,2018년 10월 4일 08시,목요일,충청남도 천안시 서북구 쌍용동,경상사고,0,0,1,0,차대차 - 추돌,안전운전불이행,건조,맑음,교차로 - 교차로안,승용,여,55세,상해없음,승용,여,42세,경상
2018100400100116,2018년 10월 4일 08시,목요일,충청남도 홍성군 광천읍,중상사고,0,1,0,0,차대사람 - 기타,안전운전불이행,건조,맑음,단일로 - 기타,승용,여,58세,상해없음,보행자,여,18세,중상
2018100400100117,2018년 10월 4일 08시,목요일,충청남도 서천군 서천읍,경상사고,0,0,1,0,차대차 - 추돌,안전운전불이행,건조,맑음,교차로 - 교차로안,이륜,남,16세,상해없음,승용,남,48세,상해없음
2018100400100118,2018년 10월 4일 08시,목요일,충청남도 공주시 신관동,경상사고,0,0,1,0,차대차 - 기타,안전운전불이행,건조,맑음,단일로 - 기타,화물,남,51세,상해없음,승용,남,46세,경상
2018100400100176,2018년 10월 4일 09시,목요일,충청남도 서산시 지곡면,중상사고,0,1,2,0,차대차 - 측면충돌,직진우회전진행방해,건조,맑음,교차로 - 교차로안,승합,남,58세,상해없음,화물,남,57세,경상
2018100400100222,2018년 10월 4일 10시,목요일,충청남도 예산군 예산읍,중상사고,0,1,0,0,차대사람 - 횡단중,보행자보호의무위반,건조,맑음,교차로 - 교차로횡단보도내,승합,남,50세,상해없음,보행자,여,74세,중상
2018100400100223,2018년 10월 4일 10시,목요일,충청남도 당진시 읍내리,중상사고,0,1,0,0,차대사람 - 횡단중,안전운전불이행,건조,맑음,교차로 - 교차로부근,화물,남,51세,상해없음,보행자,여,78세,중상
2018100400100224,2018년 10월 4일 10시,목요일,충청남도 당진시 읍내리,경상사고,0,0,1,0,차대차 - 측면충돌,안전거리미확보,건조,맑음,단일로 - 기타,이륜,남,82세,경상,화물,남,48세,상해없음
2018100400100225,2018년 10월 4일 10시,목요일,충청남도 당진시 대덕리,중상사고,0,1,0,0,차대차 - 측면충돌,중앙선침범,건조,맑음,교차로 - 교차로안,승용,남,26세,상해없음,승용,남,32세,중상
2018100400100281,2018년 10월 4일 12시,목요일,충청남도 아산시 송악면,경상사고,0,0,1,0,차대차 - 기타,중앙선침범,건조,맑음,기타 - 기타,화물,남,67세,상해없음,승용,남,30세,경상
2018100400100283,2018년 10월 4일 12시,목요일,충청남도 부여군 부여읍,경상사고,0,0,1,0,차대차 - 후진중충돌,안전운전불이행,건조,맑음,교차로 - 교차로부근,승용,여,57세,상해없음,화물,남,55세,상해없음
2018100400100284,2018년 10월 4일 12시,목요일,충청남도 당진시 채운동,중상사고,0,1,0,0,차대차 - 측면충돌,신호위반,건조,맑음,교차로 - 교차로안,승용,남,47세,상해없음,승용,여,51세,중상
2018100400100321,2018년 10월 4일 13시,목요일,충청남도 당진시 읍내리,중상사고,0,1,0,0,차대사람 - 횡단중,보행자보호의무위반,건조,맑음,교차로 - 교차로횡단보도내,승용,여,61세,상해없음,보행자,여,78세,중상
2018100400100361,2018년 10월 4일 14시,목요일,충청남도 예산군 대술면,경상사고,0,0,1,0,차대차 - 측면충돌,안전운전불이행,건조,맑음,교차로 - 교차로안,승용,남,37세,상해없음,사륜오토바이(ATV),남,71세,경상
2018100400100391,2018년 10월 4일 15시,목요일,충청남도 천안시 서북구 성정동,경상사고,0,0,1,0,차대차 - 측면충돌,중앙선침범,건조,맑음,단일로 - 기타,승용,남,30세,상해없음,승용,여,24세,경상
2018100400100392,2018년 10월 4일 15시,목요일,충청남도 홍성군 홍성읍,경상사고,0,0,1,0,차대사람 - 기타,안전운전불이행,건조,맑음,단일로 - 기타,승용,남,19세,상해없음,보행자,남,20세,경상
2018100400100394,2018년 10월 4일 15시,목요일,충청남도 천안시 동남구 북면,사망사고,1,0,0,0,차대차 - 측면충돌,중앙선침범,건조,맑음,단일로 - 기타,이륜,남,78세,사망,승합,남,54세,상해없음
2018100400100395,2018년 10월 4일 15시,목요일,충청남도 천안시 동남구 봉명동,경상사고,0,0,1,0,차대차 - 측면충돌,안전거리미확보,건조,맑음,단일로 - 기타,승용,여,38세,상해없음,승용,여,51세,경상
2018100400100396,2018년 10월 4일 15시,목요일,충청남도 계룡시 두마면,경상사고,0,0,3,0,차대차 - 기타,안전거리미확보,건조,맑음,기타 - 기타,화물,남,63세,기타불명,승용,남,54세,경상
2018100400100425,2018년 10월 4일 16시,목요일,충청남도 청양군 대치면,경상사고,0,0,1,0,차대차 - 측면충돌,직진우회전진행방해,건조,맑음,교차로 - 교차로안,승용,여,61세,상해없음,이륜,남,77세,경상
2018100400100462,2018년 10월 4일 17시,목요일,충청남도 천안시 서북구 성정동,경상사고,0,0,1,0,차대차 - 추돌,안전거리미확보,건조,맑음,교차로 - 교차로부근,승용,여,50세,상해없음,승용,남,32세,경상
2018100400100463,2018년 10월 4일 17시,목요일,충청남도 천안시 동남구 광덕면,경상사고,0,0,1,0,차대차 - 측면충돌,안전운전불이행,건조,맑음,교차로 - 교차로부근,건설기계,남,41세,상해없음,승용,남,51세,경상
2018100400100513,2018년 10월 4일 18시,목요일,충청남도 서산시 지곡면,사망사고,1,0,0,0,차대차 - 측면충돌,안전운전불이행,건조,맑음,교차로 - 교차로안,화물,남,54세,상해없음,승용,여,49세,사망
2018100400100514,2018년 10월 4일 18시,목요일,충청남도 당진시 순성면,경상사고,0,0,1,0,차대차 - 추돌,안전운전불이행,건조,맑음,단일로 - 기타,승용,남,34세,상해없음,농기계,남,46세,경상
2018100400100570,2018년 10월 4일 19시,목요일,충청남도 아산시 탕정면,경상사고,0,0,2,0,차대차 - 기타,안전운전불이행,건조,맑음,교차로 - 교차로안,이륜,남,33세,경상,승용,남,36세,경상
2018100400100571,2018년 10월 4일 19시,목요일,충청남도 공주시 탄천면,부상신고사고,0,0,0,1,차대차 - 측면충돌,중앙선침범,건조,맑음,단일로 - 기타,이륜,남,85세,부상신고,승용,남,67세,상해없음
2018100400100616,2018년 10월 4일 20시,목요일,충청남도 천안시 서북구 직산읍,중상사고,0,1,0,0,차대차 - 기타,신호위반,건조,맑음,교차로 - 교차로안,승용,남,46세,상해없음,이륜,남,26세,중상
2018100400100617,2018년 10월 4일 20시,목요일,충청남도 서천군 서천읍,경상사고,0,0,2,0,차대차 - 추돌,안전거리미확보,건조,맑음,단일로 - 기타,승용,남,40세,경상,승용,남,49세,경상
2018100400100648,2018년 10월 4일 21시,목요일,충청남도 공주시 신관동,경상사고,0,0,1,1,차대차 - 측면충돌,안전운전불이행,건조,맑음,교차로 - 교차로안,승용,여,29세,부상신고,승용,여,68세,경상
2018100400100649,2018년 10월 4일 21시,목요일,충청남도 예산군 예산읍,경상사고,0,0,3,0,차대차 - 추돌,안전운전불이행,건조,맑음,단일로 - 기타,승용,남,57세,상해없음,승용,남,22세,경상
2018100500100032,2018년 10월 5일 02시,금요일,충청남도 천안시 서북구 불당동,경상사고,0,0,1,0,차대사람 - 기타,안전운전불이행,건조,맑음,교차로 - 교차로안,승용,남,58세,상해없음,보행자,남,38세,경상
2018100500100078,2018년 10월 5일 06시,금요일,충청남도 천안시 동남구 영성동,중상사고,0,1,0,0,차대사람 - 횡단중,신호위반,젖음/습기,비,단일로 - 기타,승용,남,52세,상해없음,보행자,여,62세,중상
2018100500100079,2018년 10월 5일 06시,금요일,충청남도 천안시 동남구 봉명동,경상사고,0,0,1,0,차대차 - 측면충돌,안전운전불이행,젖음/습기,비,교차로 - 교차로부근,승용,남,48세,상해없음,화물,남,58세,경상
2018100500100135,2018년 10월 5일 08시,금요일,충청남도 서산시 대산읍,중상사고,0,1,1,0,차대차 - 측면충돌,안전운전불이행,젖음/습기,비,교차로 - 교차로안,화물,남,58세,경상,승용,여,25세,중상
2018100500100136,2018년 10월 5일 08시,금요일,충청남도 천안시 동남구 청수동,중상사고,0,2,0,0,차대차 - 측면충돌,안전운전불이행,건조,맑음,교차로 - 교차로안,화물,남,46세,상해없음,승용,남,53세,중상
2018100500100185,2018년 10월 5일 09시,금요일,충청남도 천안시 서북구 성거읍,경상사고,0,0,1,0,차대차 - 추돌,안전거리미확보,건조,맑음,교차로 - 교차로부근,화물,남,77세,상해없음,승용,남,71세,경상
2018100500100186,2018년 10월 5일 09시,금요일,충청남도 아산시 온천동,경상사고,0,0,1,0,차대차 - 측면충돌,신호위반,젖음/습기,비,교차로 - 교차로안,승용,남,25세,상해없음,승용,남,59세,상해없음