사고번호,사고일시,요일,시군구,사고내용,사망자수,중상자수,경상자수,부상신고자수,사고유형,법규위반,노면상태,기상상태,도로형태,가해운전자 차종,가해운전자 성별,가해운전자 연령,가해운전자 상해정도,피해운전자 차종,피해운전자 성별,피해운전자 연령,피해운전자 상해정도
2018100900100451,2018년 10월 9일 20시,화요일,충청남도 천안시 서북구 두정동,부상신고사고,0,0,0,1,차대차 - 측면충돌,교차로운행방법위반,건조,흐림,교차로 - 교차로안,이륜,남,18세,부상신고,승용,남,39세,상해없음
2018100900100476,2018년 10월 9일 21시,화요일,충청남도 아산시 배방읍,중상사고,0,1,1,0,차대차 - 추돌,안전운전불이행,건조,맑음,단일로 - 기타,승용,남,34세,상해없음,화물,남,53세,중상
2018100900100477,2018년 10월 9일 21시,화요일,충청남도 천안시 동남구 병천면,중상사고,0,1,0,0,차대차 - 측면충돌,안전운전불이행,건조,맑음,교차로 - 교차로안,이륜,남,66세,상해없음,자전거,남,44세,중상
2018101000100036,2018년 10월 10일 05시,수요일,충청남도 천안시 서북구 쌍용동,경상사고,0,0,1,0,차대사람 - 횡단중,안전운전불이행,건조,맑음,교차로 - 교차로부근,승용,남,56세,상해없음,보행자,남,47세,경상
2018101000100062,2018년 10월 10일 07시,수요일,충청남도 논산시 강경읍,중상사고,0,1,2,0,차대차 - 측면충돌,직진우회전진행방해,건조,맑음,교차로 - 교차로안,승용,여,50세,경상,화물,남,61세,상해없음
2018101000100063,2018년 10월 10일 07시,수요일,충청남도 서천군 서면,경상사고,0,0,1,0,차대차 - 기타,직진우회전진행방해,건조,맑음,교차로 - 교차로안,건설기계,남,63세,상해없음,승용,남,56세,경상
2018101000100093,2018년 10월 10일 08시,수요일,충청남도 천안시 동남구 목천읍,중상사고,0,1,0,0,차대사람 - 차도통행중,안전운전불이행,건조,맑음,단일로 - 기타,승용,남,46세,상해없음,보행자,남,6세,중상
2018101000100123,2018년 10월 10일 09시,수요일,충청남도 공주시 금흥동,중상사고,0,1,0,0,차대차 - 측면충돌,신호위반,건조,맑음,교차로 - 교차로안,이륜,남,86세,중상,승용,여,45세,상해없음
2018101000100124,2018년 10월 10일 09시,수요일,충청남도 공주시 우성면,중상사고,0,2,0,0,차대차 - 기타,안전거리미확보,건조,맑음,기타 - 기타,화물,남,46세,상해없음,승용,남,39세,중상
2018101000100147,2018년 10월 10일 10시,수요일,충청남도 서산시 운산면,부상신고사고,0,0,0,1,차대사람 - 기타,안전운전불이행,건조,맑음,단일로 - 기타,승용,남,50세,상해없음,보행자,여,80세,부상신고
2018101000100242,2018년 10월 10일 13시,수요일,충청남도 태안군 태안읍,경상사고,0,0,1,0,차대차 - 기타,교차로운행방법위반,건조,맑음,교차로 - 교차로부근,승용,남,78세,경상,화물,남,44세,상해없음
2018101000100272,2018년 10월 10일 14시,수요일,충청남도 공주시 정안면,경상사고,0,0,1,0,차대차 - 추돌,안전운전불이행,건조,맑음,교차로 - 교차로부근,화물,남,50세,상해없음,승용,여,37세,경상
2018101000100309,2018년 10월 10일 15시,수요일,충청남도 당진시 읍내리,경상사고,0,0,1,0,차대사람 - 횡단중,보행자보호의무위반,건조,맑음,기타 - 기타,화물,남,49세,상해없음,보행자,여,42세,경상
2018101000100310,2018년 10월 10일 15시,수요일,충청남도 천안시 동남구 원성동,중상사고,0,1,0,0,차대사람 - 기타,안전운전불이행,건조,맑음,단일로 - 기타,이륜,남,34세,상해없음,보행자,남,13세,중상
2018101000100338,2018년 10월 10일 16시,수요일,충청남도 서산시 대산읍,경상사고,0,0,2,0,차대차 - 측면충돌,신호위반,건조,맑음,교차로 - 교차로안,승용,여,32세,경상,승용,여,49세,경상
2018101000100365,2018년 10월 10일 17시,수요일,충청남도 공주시 금성동,경상사고,0,0,3,0,차대차 - 추돌,안전운전불이행,건조,맑음,교차로 - 교차로안,화물,남,70세,상해없음,승합,남,39세,경상
2018101000100426,2018년 10월 10일 18시,수요일,충청남도 천안시 서북구 성정동,경상사고,0,0,2,0,차대차 - 측면충돌,안전운전불이행,건조,맑음,단일로 - 기타,승용,남,27세,상해없음,승용,남,37세,경상
2018101000100427,2018년 10월 10일 18시,수요일,충청남도 논산시 연무읍,사망사고,1,0,0,0,차대사람 - 횡단중,안전운전불이행,건조,맑음,단일로 - 기타,승용,남,51세,상해없음,보행자,여,81세,사망
2018101000100428,2018년 10월 10일 18시,수요일,충청남도 당진시 순성면,경상사고,0,0,3,1,차대차 - 측면충돌,차로위반,건조,맑음,단일로 - 기타,화물,남,24세,부상신고,승용,남,44세,경상
2018101000100465,2018년 10월 10일 19시,수요일,충청남도 천안시 서북구 불당동,중상사고,0,1,0,0,차대차 - 측면충돌,신호위반,건조,맑음,교차로 - 교차로안,승용,여,28세,상해없음,화물,남,31세,중상
2018101000100466,2018년 10월 10일 19시,수요일,충청남도 천안시 서북구 불당동,부상신고사고,0,0,0,1,차대차 - 기타,신호위반,건조,맑음,교차로 - 교차로안,기타불명,기타불명,미분류,기타불명,이륜,남,45세,부상신고
2018101000100467,2018년 10월 10일 19시,수요일,충청남도 천안시 서북구 두정동,경상사고,0,0,2,0,차대차 - 추돌,안전운전불이행,건조,맑음,단일로 - 기타,승용,여,35세,상해없음,승용,남,43세,경상
2018101000100468,2018년 10월 10일 19시,수요일,충청남도 태안군 태안읍,중상사고,0,1,0,0,차대차 - 측면충돌,직진우회전진행방해,건조,맑음,교차로 - 교차로안,이륜,남,73세,중상,승용,여,59세,상해없음
2018101000100495,2018년 10월 10일 20시,수요일,충청남도 아산시 신창면,중상사고,0,1,0,0,차대차 - 기타,안전운전불이행,건조,맑음,교차로 - 교차로안,승용,여,47세,상해없음,이륜,남,25세,중상
2018101000100496,2018년 10월 10일 20시,수요일,충청남도 천안시 동남구 청당동,경상사고,0,0,2,0,차대차 - 측면충돌,신호위반,건조,맑음,교차로 - 교차로안,승용,남,49세,상해없음,승용,여,44세,경상
2018101000100551,2018년 10월 10일 22시,수요일,충청남도 천안시 서북구 성정동,경상사고,0,0,4,0,차대차 - 추돌,안전운전불이행,건조,맑음,교차로 - 교차로부근,승용,여,57세,상해없음,승용,남,23세,경상
2018101100100076,2018년 10월 11일 07시,목요일,충청남도 천안시 서북구 불당동,중상사고,0,1,0,0,차대차 - 기타,안전운전불이행,건조,맑음,단일로 - 기타,승용,남,34세,상해없음,자전거,여,23세,중상
2018101100100105,2018년 10월 11일 08시,목요일,충청남도 천안시 서북구 불당동,경상사고,0,0,2,0,차대차 - 기타,안전거리미확보,건조,맑음,단일로 - 기타,기타불명,기타불명,미분류,기타불명,승용,여,56세,경상
2018101100100147,2018년 10월 11일 09시,목요일,충청남도 천안시 동남구 안서동,중상사고,0,1,0,0,차대사람 - 횡단중,안전운전불이행,건조,맑음,교차로 - 교차로부근,개인형이동수단(PM),남,23세,상해없음,보행자,여,64세,중상
2018101100100177,2018년 10월 11일 10시,목요일,충청남도 보령시 명천동,중상사고,0,2,0,0,차대차 - 측면충돌,신호위반,건조,맑음,교차로 - 교차로안,승용,남,61세,상해없음,승용,여,40세,중상
2018101100100178,2018년 10월 11일 10시,목요일,충청남도 태안군 태안읍,경상사고,0,0,1,0,차대차 - 추돌,불법유턴,건조,맑음,단일로 - 기타,화물,남,73세,상해없음,이륜,남,42세,경상
2018101100100246,2018년 10월 11일 12시,목요일,충청남도 공주시 이인면,경상사고,0,0,1,0,차대사람 - 기타,안전운전불이행,건조,맑음,기타 - 기타,화물,남,28세,상해없음,보행자,남,60세,경상
2018101100100327,2018년 10월 11일 15시,목요일,충청남도 천안시 서북구 쌍용동,중상사고,0,1,0,0,차대차 - 기타,안전운전불이행,건조,맑음,교차로 - 교차로부근,승합,남,40세,상해없음,특수,남,56세,중상
2018101100100366,2018년 10월 11일 16시,목요일,충청남도 공주시 탄천면,경상사고,0,0,3,0,차대차 - 측면충돌,안전운전불이행,건조,맑음,교차로 - 교차로안,승용,여,56세,경상,화물,남,71세,경상
2018101100100367,2018년 10월 11일 16시,목요일,충청남도 천안시 동남구 광덕면,중상사고,0,1,0,0,차대차 - 측면충돌,안전운전불이행,건조,맑음,단일로 - 기타,승용,남,69세,상해없음,자전거,남,48세,중상
2018101100100462,2018년 10월 11일 18시,목요일,충청남도 천안시 서북구 신당동,경상사고,0,0,2,0,차대차 - 기타,신호위반,건조,맑음,교차로 - 교차로안,화물,남,58세,상해없음,승용,남,36세,경상
2018101100100463,2018년 10월 11일 18시,목요일,충청남도 논산시 내동,중상사고,0,1,0,0,차대사람 - 횡단중,안전운전불이행,건조,맑음,단일로 - 기타,승용,여,55세,상해없음,보행자,여,79세,중상
2018101100100502,2018년 10월 11일 19시,목요일,충청남도 홍성군 홍성읍,경상사고,0,0,3,0,차대차 - 측면충돌,안전운전불이행,건조,맑음,단일로 - 기타,화물,남,46세,상해없음,승용,여,45세,경상
2018101100100596,2018년 10월 11일 22시,목요일,충청남도 천안시 서북구 불당동,경상사고,0,0,1,0,차대차 - 기타,신호위반,건조,맑음,교차로 - 교차로안,승용,여,28세,상해없음,이륜,남,51세,경상
2018101100100597,2018년 10월 11일 22시,목요일,충청남도 천안시 동남구 다가동,중상사고,0,1,0,0,차대차 - 측면충돌,신호위반,건조,맑음,단일로 - 기타,이륜,남,51세,중상,승용,여,45세,상해없음
2018101200100034,2018년 10월 12일 03시,금요일,충청남도 천안시 동남구 대흥동,경상사고,0,0,4,0,차대차 - 기타,안전운전불이행,건조,맑음,교차로 - 교차로안,승합,남,39세,상해없음,승용,남,60세,경상
2018101200100048,2018년 10월 12일 05시,금요일,충청남도 천안시 동남구 북면,중상사고,0,1,0,0,차대차 - 기타,안전운전불이행,건조,맑음,단일로 - 기타,승용,남,65세,상해없음,이륜,남,33세,중상
2018101200100083,2018년 10월 12일 07시,금요일,충청남도 천안시 서북구 성정동,중상사고,0,1,0,0,차대차 - 측면충돌,안전운전불이행,건조,맑음,단일로 - 기타,승용,여,28세,상해없음,자전거,남,50세,중상
2018101200100084,2018년 10월 12일 07시,금요일,충청남도 천안시 서북구 쌍용동,경상사고,0,0,1,0,차량단독 - 기타,기타,건조,맑음,단일로 - 기타,승합,남,57세,상해없음,,,,
2018101200100085,2018년 10월 12일 07시,금요일,충청남도 천안시 동남구 용곡동,경상사고,0,0,2,0,차대차 - 측면충돌,직진우회전진행방해,건조,맑음,교차로 - 교차로안,승용,남,63세,경상,승용,여,40세,경상
2018101200100123,2018년 10월 12일 08시,금요일,충청남도 천안시 서북구 성거읍,중상사고,0,1,0,0,차대차 - 측면충돌,직진우회전진행방해,건조,맑음,교차로 - 교차로안,승용,여,44세,상해없음,이륜,남,42세,중상
2018101200100124,2018년 10월 12일 08시,금요일,충청남도 천안시 서북구 성정동,경상사고,0,0,1,0,차대사람 - 기타,안전운전불이행,건조,맑음,교차로 - 교차로안,승용,남,27세,상해없음,보행자,여,27세,경상
2018101200100264,2018년 10월 12일 12시,금요일,충청남도 공주시 반죽동,중상사고,0,1,0,0,차대사람 - 기타,안전운전불이행,건조,맑음,기타 - 기타,승용,남,51세,상해없음,보행자,여,82세,중상
2018101200100300,2018년 10월 12일 13시,금요일,충청남도 천안시 서북구 직산읍,중상사고,0,1,0,0,차대차 - 추돌,안전운전불이행,건조,맑음,단일로 - 기타,화물,남,25세,상해없음,승용,남,51세,중상
2018101200100301,2018년 10월 12일 13시,금요일,충청남도 천안시 서북구 직산읍,경상사고,0,0,1,0,차대사람 - 기타,안전운전불이행,건조,맑음,단일로 - 기타,승용,남,27세,상해없음,보행자,남,25세,경상
2018101200100302,2018년 10월 12일 13시,금요일,충청남도 당진시 읍내리,경상사고,0,0,1,0,차대사람 - 횡단중,보행자보호의무위반,건조,맑음,교차로 - 교차로횡단보도내,승용,여,48세,상해없음,보행자,여,60세,경상
2018101200100303,2018년 10월 12일 13시,금요일,충청남도 천안시 동남구 신방동,경상사고,0,0,2,0,차대차 - 측면충돌,차로위반,건조,맑음,단일로 - 기타,승용,여,40세,경상,승용,여,38세,경상
2018101200100338,2018년 10월 12일 14시,금요일,충청남도 서산시 대산읍,경상사고,0,0,2,0,차대차 - 기타,안전운전불이행,건조,맑음,교차로 - 교차로안,화물,남,77세,상해없음,승용,남,40세,경상
2018101200100339,2018년 10월 12일 14시,금요일,충청남도 홍성군 홍동면,경상사고,0,0,1,0,차대차 - 추돌,안전운전불이행,건조,맑음,단일로 - 기타,승용,남,59세,상해없음,승용,남,36세,경상
2018101200100382,2018년 10월 12일 15시,금요일,충청남도 천안시 서북구 불당동,중상사고,0,1,0,0,차대사람 - 횡단중,안전운전불이행,건조,맑음,단일로 - 기타,승용,여,41세,상해없음,보행자,남,15세,중상
2018101200100422,2018년 10월 12일 16시,금요일,충청남도 공주시 금흥동,경상사고,0,0,2,0,차대차 - 측면충돌,안전운전불이행,건조,맑음,단일로 - 기타,승용,남,27세,경상,승용,여,42세,경상
2018101200100469,2018년 10월 12일 17시,금요일,충청남도 서산시 대산읍,중상사고,0,1,0,0,차대사람 - 기타,중앙선침범,건조,맑음,단일로 - 기타,승합,남,49세,상해없음,보행자,여,58세,중상
2018101200100470,2018년 10월 12일 17시,금요일,충청남도 서산시 석림동,경상사고,0,0,1,0,차대사람 - 기타,안전운전불이행,건조,맑음,단일로 - 기타,승용,남,67세,상해없음,보행자,남,18세,경상
2018101200100471,2018년 10월 12일 17시,금요일,충청남도 아산시 모종동,경상사고,0,0,1,0,차대차 - 추돌,안전운전불이행,건조,맑음,교차로 - 교차로안,승합,남,44세,상해없음,승용,여,69세,경상
2018101200100472,2018년 10월 12일 17시,금요일,충청남도 예산군 삽교읍,경상사고,0,0,2,0,차대차 - 측면충돌,신호위반,건조,맑음,교차로 - 교차로안,승용,남,38세,경상,승용,여,43세,경상
2018101200100473,2018년 10월 12일 17시,금요일,충청남도 당진시 대호지면,경상사고,0,0,2,0,차대차 - 정면충돌,중앙선침범,건조,맑음,단일로 - 기타,농기계,남,57세,상해없음,화물,남,58세,상해없음
2018101200100474,2018년 10월 12일 17시,금요일,충청남도 당진시 석문면,사망사고,1,3,0,0,차대차 - 측면충돌,신호위반,건조,맑음,교차로 - 교차로안,승용,남,73세,중상,승용,남,33세,중상
2018101200100523,2018년 10월 12일 18시,금요일,충청남도 아산시 송악면,중상사고,0,1,0,0,차대차 - 추돌,안전운전불이행,건조,맑음,단일로 - 기타,화물,남,71세,상해없음,자전거,남,79세,중상
2018101200100524,2018년 10월 12일 18시,금요일,충청남도 부여군 은산면,경상사고,0,0,1,0,차대차 - 정면충돌,안전운전불이행,건조,기타,단일로 - 기타,이륜,남,15세,경상,화물,남,54세,기타불명
2018101200100525,2018년 10월 12일 18시,금요일,충청남도 태안군 소원면,경상사고,0,0,4,0,차대차 - 측면충돌,중앙선침범,건조,맑음,교차로 - 교차로부근,화물,남,76세,상해없음,승용,남,36세,경상
2018101200100588,2018년 10월 12일 19시,금요일,충청남도 홍성군 홍성읍,경상사고,0,0,1,0,차대차 - 측면충돌,신호위반,건조,맑음,교차로 - 교차로안,승용,남,32세,상해없음,승용,여,53세,경상
2018101200100656,2018년 10월 12일 21시,금요일,충청남도 천안시 동남구 신부동,경상사고,0,0,2,0,차대차 - 기타,안전운전불이행,건조,맑음,교차로 - 교차로안,승용,남,39세,상해없음,승용,여,19세,경상
2018101200100690,2018년 10월 12일 22시,금요일,충청남도 공주시 유구읍,경상사고,0,0,1,0,차량단독 - 공작물충돌,안전운전불이행,건조,맑음,단일로 - 기타,화물,남,65세,경상,,,,
2018101200100711,2018년 10월 12일 23시,금요일,충청남도 서산시 예천동,경상사고,0,0,2,0,차대차 - 추돌,안전운전불이행,건조,맑음,교차로 - 교차로안,승용,여,42세,상해없음,승용,남,57세,경상
2018101200100712,2018년 10월 12일 23시,금요일,충청남도 공주시 신관동,부상신고사고,0,0,0,1,차대차 - 측면충돌,안전운전불이행,건조,맑음,교차로 - 교차로안,이륜,남,25세,부상신고,승용,남,40세,상해없음
2018101200100713,2018년 10월 12일 23시,금요일,충청남도 천안시 동남구 신방동,중상사고,0,1,0,0,차대차 - 기타,중앙선침범,건조,맑음,단일로 - 기타,승합,남,36세,상해없음,원동기,남,48세,중상
2018101300100009,2018년 10월 13일 00시,토요일,충청남도 논산시 취암동,경상사고,0,0,1,0,차대차 - 기타,안전운전불이행,건조,맑음,교차로 - 교차로안,이륜,남,18세,경상,승용,남,46세,상해없음
2018101300100132,2018년 10월 13일 08시,토요일,충청남도 예산군 봉산면,중상사고,0,1,1,0,차대차 - 추돌,안전거리미확보,건조,맑음,교차로 - 교차로부근,승용,남,58세,경상,승용,남,74세,상해없음
2018101300100162,2018년 10월 13일 09시,토요일,충청남도 서천군 장항읍,경상사고,0,0,1,0,차대차 - 측면충돌,중앙선침범,건조,맑음,단일로 - 기타,승용,남,63세,상해없음,승용,여,62세,경상
2018101300100189,2018년 10월 13일 10시,토요일,충청남도 천안시 서북구 업성동,중상사고,0,1,0,0,차대차 - 측면충돌,안전운전불이행,건조,맑음,단일로 - 기타,화물,남,56세,상해없음,승용,남,28세,중상
2018101300100190,2018년 10월 13일 10시,토요일,충청남도 당진시 읍내리,경상사고,0,0,1,0,차대차 - 추돌,안전운전불이행,건조,맑음,단일로 - 기타,건설기계,남,42세,상해없음,승용,남,54세,경상
2018101300100232,2018년 10월 13일 11시,토요일,충청남도 서산시 성연면,부상신고사고,0,0,0,1,차대차 - 측면충돌,안전운전불이행,건조,맑음,교차로 - 교차로안,이륜,남,41세,부상신고,승용,남,48세,상해없음
2018101300100233,2018년 10월 13일 11시,토요일,충청남도 천안시 동남구 청당동,경상사고,0,0,1,1,차대차 - 측면충돌,신호위반,건조,맑음,교차로 - 교차로안,승용,여,51세,부상신고,승용,남,42세,경상
2018101300100272,2018년 10월 13일 12시,토요일,충청남도 서산시 운산면,경상사고,0,0,3,0,차대차 - 측면충돌,안전거리미확보,건조,맑음,단일로 - 기타,승용,여,24세,상해없음,승용,남,44세,경상
2018101300100273,2018년 10월 13일 12시,토요일,충청남도 천안시 서북구 성거읍,부상신고사고,0,0,0,1,차대차 - 정면충돌,중앙선침범,건조,맑음,단일로 - 기타,자전거,남,15세,부상신고,승용,남,60세,상해없음
2018101300100274,2018년 10월 13일 12시,토요일,충청남도 공주시 정안면,경상사고,0,0,1,0,차대차 - 기타,안전운전불이행,건조,맑음,단일로 - 기타,승용,남,53세,상해없음,승용,남,38세,경상
2018101300100309,2018년 10월 13일 13시,토요일,충청남도 서산시 읍내동,경상사고,0,0,1,0,차대차 - 측면충돌,직진우회전진행방해,건조,맑음,교차로 - 교차로안,승용,남,50세,경상,승용,남,43세,상해없음
2018101300100349,2018년 10월 13일 14시,토요일,충청남도 천안시 서북구 불당동,경상사고,0,0,3,0,차대차 - 측면충돌,안전운전불이행,건조,맑음,단일로 - 기타,승용,남,65세,기타불명,승용,여,36세,경상
2018101300100350,2018년 10월 13일 14시,토요일,충청남도 보령시 주포면,중상사고,0,6,1,0,차대차 - 측면충돌,직진우회전진행방해,건조,맑음,교차로 - 교차로안,화물,남,73세,중상,승용,남,47세,중상
2018101300100411,2018년 10월 13일 16시,토요일,충청남도 보령시 주포면,중상사고,0,1,0,0,차대차 - 추돌,안전운전불이행,건조,맑음,단일로 - 기타,원동기,남,73세,중상,화물,남,67세,상해없음
2018101300100445,2018년 10월 13일 17시,토요일,충청남도 홍성군 홍성읍,경상사고,0,0,3,0,차대차 - 추돌,안전운전불이행,건조,맑음,교차로 - 교차로부근,승용,남,51세,상해없음,승용,남,50세,경상
2018101300100446,2018년 10월 13일 17시,토요일,충청남도 당진시 대덕리,경상사고,0,0,1,0,차대차 - 기타,중앙선침범,건조,맑음,단일로 - 기타,승용,남,57세,상해없음,승용,남,27세,경상
2018101300100482,2018년 10월 13일 18시,토요일,충청남도 천안시 서북구 백석동,경상사고,0,0,1,0,차대사람 - 기타,안전운전불이행,건조,맑음,단일로 - 기타,승용,남,62세,상해없음,보행자,여,21세,경상
2018101300100483,2018년 10월 13일 18시,토요일,충청남도 아산시 온천동,중상사고,0,1,0,0,차대사람 - 보도통행중,보행자보호의무위반,기타,맑음,단일로 - 기타,승용,남,55세,상해없음,보행자,여,65세,중상
2018101300100484,2018년 10월 13일 18시,토요일,충청남도 아산시 방축동,중상사고,0,1,1,0,차대사람 - 기타,안전운전불이행,건조,맑음,교차로 - 교차로안,승용,남,22세,상해없음,보행자,여,37세,경상
2018101300100485,2018년 10월 13일 18시,토요일,충청남도 당진시 읍내리,경상사고,0,0,1,0,차대차 - 기타,안전운전불이행,건조,맑음,단일로 - 기타,화물,남,44세,상해없음,승용,남,38세,경상
2018101300100516,2018년 10월 13일 19시,토요일,충청남도 논산시 성동면,중상사고,0,1,1,0,차대차 - 측면충돌,중앙선침범,건조,맑음,단일로 - 기타,이륜,남,28세,경상,승용,남,39세,중상
2018101300100517,2018년 10월 13일 19시,토요일,충청남도 보령시 동대동,중상사고,0,1,0,0,차대사람 - 횡단중,보행자보호의무위반,건조,맑음,교차로 - 교차로횡단보도내,승용,여,52세,상해없음,보행자,남,60세,중상
2018101300100601,2018년 10월 13일 22시,토요일,충청남도 천안시 서북구 두정동,부상신고사고,0,0,0,1,차대사람 - 기타,안전운전불이행,건조,맑음,단일로 - 기타,승용,여,24세,상해없음,보행자,남,29세,부상신고
2018101300100602,2018년 10월 13일 22시,토요일,충청남도 보령시 동대동,중상사고,0,1,0,0,차대차 - 측면충돌,직진우회전진행방해,건조,맑음,교차로 - 교차로안,승용,남,63세,상해없음,승용,남,54세,중상
2018101300100624,2018년 10월 13일 23시,토요일,충청남도 공주시 반포면,중상사고,0,1,0,0,차대차 - 측면충돌,안전운전불이행,건조,맑음,단일로 - 기타,승용,여,49세,기타불명,승용,남,33세,중상
2018101400100097,2018년 10월 14일 08시,일요일,충청남도 천안시 동남구 신부동,경상사고,0,0,1,0,차대차 - 측면충돌,차로위반,건조,맑음,단일로 - 기타,승용,남,61세,상해없음,승용,여,56세,경상
2018101400100126,2018년 10월 14일 10시,일요일,충청남도 부여군 장암면,경상사고,0,0,1,0,차대차 - 정면충돌,교차로운행방법위반,건조,맑음,교차로 - 교차로안,승용,남,19세,상해없음,승용,남,61세,경상
2018101400100127,2018년 10월 14일 10시,일요일,충청남도 당진시 채운동,중상사고,0,1,0,0,차대차 - 측면충돌,직진우회전진행방해,건조,맑음,교차로 - 교차로안,이륜,남,54세,중상,승용,남,68세,상해없음
2018101400100143,2018년 10월 14일 11시,일요일,충청남도 부여군 부여읍,경상사고,0,0,2,0,차대차 - 추돌,안전운전불이행,건조,맑음,단일로 - 기타,승용,남,49세,상해없음,승용,여,42세,경상
2018101400100144,2018년 10월 14일 11시,일요일,충청남도 천안시 동남구 광덕면,경상사고,0,0,5,0,차대차 - 추돌,안전거리미확보,건조,맑음,단일로 - 터널,승용,남,35세,상해없음,승용,남,57세,경상
2018101400100165,2018년 10월 14일 12시,일요일,충청남도 아산시 방축동,경상사고,0,0,1,0,차대차 - 기타,신호위반,건조,맑음,교차로 - 교차로안,화물,남,74세,상해없음,승용,여,35세,경상
2018101400100192,2018년 10월 14일 13시,일요일,충청남도 서산시 부석면,중상사고,0,1,1,0,차대차 - 정면충돌,안전운전불이행,건조,맑음,단일로 - 기타,승용,여,60세,경상,승용,남,83세,중상
2018101400100222,2018년 10월 14일 14시,일요일,충청남도 공주시 정안면,경상사고,0,0,4,0,차대차 - 추돌,안전거리미확보,건조,맑음,기타 - 기타,승용,남,34세,상해없음,승용,남,53세,경상
2018101400100250,2018년 10월 14일 15시,일요일,충청남도 천안시 동남구 병천면,경상사고,0,0,1,0,차대차 - 기타,안전운전불이행,건조,맑음,교차로 - 교차로안,승용,남,54세,상해없음,자전거,남,23세,경상
2018101400100281,2018년 10월 14일 16시,일요일,충청남도 천안시 서북구 입장면,사망사고,1,0,0,0,차량단독 - 공작물충돌,안전운전불이행,건조,맑음,단일로 - 기타,이륜,남,31세,사망,,,,
2018101400100282,2018년 10월 14일 16시,일요일,충청남도 천안시 서북구 성환읍,중상사고,0,1,0,0,차대차 - 기타,안전운전불이행,건조,맑음,교차로 - 교차로부근,승용,여,74세,상해없음,자전거,남,73세,중상
2018101400100283,2018년 10월 14일 16시,일요일,충청남도 공주시 정안면,경상사고,0,0,1,0,차대차 - 추돌,안전거리미확보,건조,맑음,기타 - 기타,승합,남,65세,상해없음,화물,남,40세,경상
2018101400100310,2018년 10월 14일 17시,일요일,충청남도 아산시 온천동,경상사고,0,0,2,0,차대차 - 후진중충돌,안전운전불이행,건조,맑음,교차로 - 교차로부근,승용,남,59세,상해없음,승용,남,25세,경상
2018101400100342,2018년 10월 14일 18시,일요일,충청남도 천안시 서북구 성정동,경상사고,0,0,2,0,차대사람 - 횡단중,신호위반,건조,맑음,단일로 - 기타,승합,남,52세,상해없음,보행자,남,27세,경상
2018101400100343,2018년 10월 14일 18시,일요일,충청남도 보령시 동대동,경상사고,0,0,5,0,차대차 - 측면충돌,불법유턴,건조,맑음,단일로 - 기타,승용,남,57세,상해없음,승용,여,38세,경상
2018101400100344,2018년 10월 14일 18시,일요일,충청남도 공주시 금흥동,경상사고,0,0,1,0,차대차 - 측면충돌,안전운전불이행,건조,맑음,교차로 - 교차로안,화물,남,66세,상해없음,이륜,남,20세,경상
2018101400100346,2018년 10월 14일 18시,일요일,충청남도 예산군 삽교읍,중상사고,0,2,0,0,차대차 - 측면충돌,신호위반,건조,맑음,교차로 - 교차로안,승용,남,45세,상해없음,승용,여,46세,중상
2018101400100347,2018년 10월 14일 18시,일요일,충청남도 부여군 충화면,중상사고,0,2,0,0,차대차 - 측면충돌,안전운전불이행,건조,맑음,단일로 - 기타,화물,남,55세,상해없음,화물,남,52세,중상
2018101400100348,2018년 10월 14일 18시,일요일,충청남도 금산군 복수면,경상사고,0,0,2,0,차대차 - 측면충돌,안전운전불이행,건조,맑음,단일로 - 기타,화물,남,56세,상해없음,화물,남,60세,경상
2018101400100349,2018년 10월 14일 18시,일요일,충청남도 천안시 동남구 유량동,중상사고,0,1,0,0,차대차 - 측면충돌,안전운전불이행,건조,맑음,교차로 - 교차로횡단보도내,자전거,남,74세,중상,승용,여,45세,상해없음
2018101400100350,2018년 10월 14일 18시,일요일,충청남도 천안시 서북구 입장면,경상사고,0,0,1,0,차대차 - 추돌,안전거리미확보,건조,맑음,기타 - 기타,승용,여,41세,상해없음,승용,남,34세,경상
2018101400100383,2018년 10월 14일 19시,일요일,충청남도 천안시 동남구 구성동,경상사고,0,0,1,0,차대차 - 측면충돌,신호위반,건조,맑음,교차로 - 교차로안,이륜,남,37세,경상,화물,남,58세,상해없음
2018101400100437,2018년 10월 14일 21시,일요일,충청남도 당진시 읍내리,경상사고,0,0,2,0,차대차 - 측면충돌,직진우회전진행방해,건조,맑음,교차로 - 교차로안,개인형이동수단(PM),남,15세,경상,승용,남,47세,상해없음
2018101500100046,2018년 10월 15일 06시,월요일,충청남도 서천군 기산면,중상사고,0,1,0,0,차대차 - 정면충돌,중앙선침범,건조,맑음,단일로 - 기타,원동기,남,59세,상해없음,원동기,남,69세,중상
2018101500100047,2018년 10월 15일 06시,월요일,충청남도 당진시 송산면,중상사고,0,1,0,0,차량단독 - 기타,안전운전불이행,건조,맑음,교차로 - 교차로부근,자전거,남,59세,중상,,,,
2018101500100064,2018년 10월 15일 07시,월요일,충청남도 천안시 동남구 목천읍,경상사고,0,0,2,0,차대차 - 측면충돌,안전운전불이행,건조,맑음,교차로 - 교차로안,승용,남,25세,상해없음,화물,남,57세,경상