사고번호,사고일시,요일,시군구,사고내용,사망자수,중상자수,경상자수,부상신고자수,사고유형,법규위반,노면상태,기상상태,도로형태,가해운전자 차종,가해운전자 성별,가해운전자 연령,가해운전자 상해정도,피해운전자 차종,피해운전자 성별,피해운전자 연령,피해운전자 상해정도
2018101500100097,2018년 10월 15일 08시,월요일,충청남도 천안시 서북구 직산읍,경상사고,0,0,2,0,차대차 - 후진중충돌,안전운전불이행,건조,맑음,교차로 - 교차로부근,화물,남,76세,상해없음,화물,남,42세,경상
2018101500100098,2018년 10월 15일 08시,월요일,충청남도 천안시 서북구 성정동,경상사고,0,0,1,0,차대차 - 측면충돌,신호위반,건조,맑음,교차로 - 교차로안,승용,여,35세,상해없음,화물,남,43세,경상
2018101500100130,2018년 10월 15일 09시,월요일,충청남도 서천군 서천읍,경상사고,0,0,1,1,차대차 - 측면충돌,직진우회전진행방해,건조,맑음,교차로 - 교차로안,승용,여,49세,부상신고,화물,남,72세,경상
2018101500100131,2018년 10월 15일 09시,월요일,충청남도 보령시 궁촌동,중상사고,0,1,0,0,차대차 - 측면충돌,안전운전불이행,건조,맑음,교차로 - 교차로안,승용,여,62세,상해없음,자전거,남,62세,중상
2018101500100159,2018년 10월 15일 10시,월요일,충청남도 당진시 수청리,중상사고,0,1,0,0,차대사람 - 기타,안전운전불이행,건조,맑음,교차로 - 교차로안,승합,남,53세,상해없음,보행자,남,49세,중상
2018101500100193,2018년 10월 15일 11시,월요일,충청남도 천안시 서북구 직산읍,중상사고,0,1,0,0,차대차 - 측면충돌,안전운전불이행,건조,맑음,교차로 - 교차로안,화물,남,40세,상해없음,화물,남,43세,중상
2018101500100194,2018년 10월 15일 11시,월요일,충청남도 당진시 수청리,중상사고,0,1,0,0,차대차 - 추돌,안전운전불이행,건조,맑음,교차로 - 교차로부근,화물,여,59세,상해없음,승용,여,63세,중상
2018101500100195,2018년 10월 15일 11시,월요일,충청남도 천안시 동남구 신부동,경상사고,0,0,1,0,차대차 - 기타,안전운전불이행,건조,맑음,단일로 - 기타,화물,남,53세,상해없음,승용,남,21세,경상
2018101500100217,2018년 10월 15일 12시,월요일,충청남도 보령시 청라면,중상사고,0,2,1,0,차대차 - 정면충돌,중앙선침범,건조,맑음,단일로 - 기타,승용,남,60세,경상,승용,남,50세,중상
2018101500100218,2018년 10월 15일 12시,월요일,충청남도 당진시 합덕읍,중상사고,0,1,0,0,차대차 - 측면충돌,안전운전불이행,건조,맑음,교차로 - 교차로안,화물,남,76세,상해없음,이륜,남,59세,중상
2018101500100244,2018년 10월 15일 13시,월요일,충청남도 천안시 동남구 광덕면,경상사고,0,0,1,0,차대차 - 기타,안전운전불이행,건조,맑음,단일로 - 기타,승합,남,24세,상해없음,승용,남,36세,경상
2018101500100323,2018년 10월 15일 15시,월요일,충청남도 서산시 팔봉면,경상사고,0,0,1,0,차량단독 - 전도전복 - 전도,안전운전불이행,건조,맑음,기타 - 기타,화물,남,49세,경상,미분류,미분류,미분류,미분류
2018101500100324,2018년 10월 15일 15시,월요일,충청남도 공주시 월송동,중상사고,0,2,3,0,차대차 - 측면충돌,안전운전불이행,건조,맑음,교차로 - 교차로안,승용,남,21세,중상,승용,남,46세,경상
2018101500100325,2018년 10월 15일 15시,월요일,충청남도 청양군 청양읍,경상사고,0,0,1,0,차대차 - 측면충돌,교차로운행방법위반,건조,맑음,교차로 - 교차로안,승용,여,53세,상해없음,자전거,여,74세,경상
2018101500100390,2018년 10월 15일 17시,월요일,충청남도 천안시 동남구 신부동,경상사고,0,0,1,0,차대차 - 추돌,안전거리미확보,건조,맑음,단일로 - 기타,이륜,남,32세,경상,승합,남,61세,상해없음
2018101500100431,2018년 10월 15일 18시,월요일,충청남도 금산군 추부면,경상사고,0,0,3,0,차대차 - 정면충돌,안전운전불이행,건조,맑음,단일로 - 기타,승합,남,73세,상해없음,화물,남,48세,경상
2018101500100483,2018년 10월 15일 19시,월요일,충청남도 천안시 서북구 불당동,중상사고,0,1,0,0,차대차 - 측면충돌,신호위반,건조,맑음,교차로 - 교차로안,이륜,남,51세,중상,승용,남,62세,상해없음
2018101500100484,2018년 10월 15일 19시,월요일,충청남도 천안시 서북구 성환읍,경상사고,0,0,3,0,차대차 - 측면충돌,신호위반,건조,맑음,교차로 - 교차로안,승용,여,47세,경상,승용,남,54세,경상
2018101500100485,2018년 10월 15일 19시,월요일,충청남도 당진시 신평면,중상사고,0,1,0,0,차대차 - 측면충돌,안전운전불이행,건조,맑음,교차로 - 교차로안,승용,남,28세,상해없음,이륜,남,20세,중상
2018101500100525,2018년 10월 15일 20시,월요일,충청남도 천안시 서북구 쌍용동,경상사고,0,0,1,0,차대사람 - 기타,안전운전불이행,건조,맑음,단일로 - 기타,기타불명,기타불명,미분류,기타불명,보행자,여,56세,경상
2018101500100549,2018년 10월 15일 21시,월요일,충청남도 아산시 모종동,경상사고,0,0,2,0,차대차 - 추돌,안전운전불이행,건조,맑음,단일로 - 기타,승용,남,35세,상해없음,승용,남,27세,경상
2018101600100021,2018년 10월 16일 01시,화요일,충청남도 서산시 성연면,중상사고,0,1,0,0,차대차 - 기타,신호위반,건조,맑음,교차로 - 교차로안,기타불명,기타불명,미분류,기타불명,승용,남,42세,중상
2018101600100050,2018년 10월 16일 05시,화요일,충청남도 서산시 성연면,경상사고,0,0,1,0,차대차 - 측면충돌,안전거리미확보,건조,맑음,단일로 - 기타,건설기계,남,55세,상해없음,승용,남,29세,경상
2018101600100056,2018년 10월 16일 06시,화요일,충청남도 예산군 오가면,경상사고,0,0,2,0,차대차 - 측면충돌,신호위반,건조,맑음,교차로 - 교차로안,승용,남,44세,상해없음,승용,남,71세,경상
2018101600100057,2018년 10월 16일 06시,화요일,충청남도 태안군 소원면,경상사고,0,0,1,0,차대차 - 추돌,안전운전불이행,건조,맑음,단일로 - 기타,이륜,남,61세,경상,화물,남,61세,상해없음
2018101600100070,2018년 10월 16일 07시,화요일,충청남도 태안군 이원면,경상사고,0,0,1,0,차대차 - 측면충돌,안전운전불이행,건조,맑음,단일로 - 기타,승용,남,56세,상해없음,승용,여,25세,경상
2018101600100071,2018년 10월 16일 07시,화요일,충청남도 천안시 서북구 입장면,경상사고,0,0,1,0,차대차 - 측면충돌,신호위반,건조,맑음,교차로 - 교차로부근,건설기계,남,62세,상해없음,승용,남,57세,경상
2018101600100095,2018년 10월 16일 08시,화요일,충청남도 홍성군 홍성읍,중상사고,0,1,1,0,차대차 - 측면충돌,신호위반,건조,맑음,교차로 - 교차로안,승용,여,72세,상해없음,승용,여,61세,중상
2018101600100130,2018년 10월 16일 09시,화요일,충청남도 공주시 신관동,중상사고,0,1,0,0,차대차 - 측면충돌,신호위반,젖음/습기,안개,교차로 - 교차로안,승용,남,28세,기타불명,화물,남,48세,중상
2018101600100131,2018년 10월 16일 09시,화요일,충청남도 당진시 시곡리,중상사고,0,1,0,0,차대차 - 측면충돌,안전거리미확보,건조,맑음,단일로 - 기타,승용,남,74세,상해없음,승용,남,52세,중상
2018101600100160,2018년 10월 16일 10시,화요일,충청남도 논산시 채운면,경상사고,0,0,1,0,차대차 - 측면충돌,안전운전불이행,건조,맑음,교차로 - 교차로안,승용,남,48세,상해없음,화물,남,57세,경상
2018101600100225,2018년 10월 16일 12시,화요일,충청남도 아산시 염치읍,경상사고,0,0,1,0,차대차 - 기타,안전운전불이행,기타,맑음,교차로 - 교차로안,승용,남,22세,상해없음,화물,남,42세,경상
2018101600100226,2018년 10월 16일 12시,화요일,충청남도 당진시 신평면,경상사고,0,0,1,0,차대차 - 추돌,안전운전불이행,건조,맑음,교차로 - 교차로안,승용,여,51세,상해없음,이륜,남,77세,경상
2018101600100256,2018년 10월 16일 13시,화요일,충청남도 논산시 연무읍,경상사고,0,0,2,0,차대차 - 추돌,안전운전불이행,건조,맑음,단일로 - 기타,화물,남,28세,상해없음,화물,남,46세,경상
2018101600100288,2018년 10월 16일 14시,화요일,충청남도 아산시 둔포면,중상사고,0,1,1,0,차대차 - 기타,신호위반,건조,맑음,교차로 - 교차로안,승용,남,58세,중상,화물,남,47세,경상
2018101600100289,2018년 10월 16일 14시,화요일,충청남도 공주시 신관동,경상사고,0,0,1,0,차대차 - 추돌,안전운전불이행,건조,맑음,교차로 - 교차로부근,승용,여,39세,상해없음,승용,남,48세,경상
2018101600100320,2018년 10월 16일 15시,화요일,충청남도 부여군 구룡면,중상사고,0,1,0,0,차대차 - 측면충돌,기타,건조,흐림,교차로 - 교차로안,승용,남,54세,상해없음,농기계,남,74세,중상
2018101600100362,2018년 10월 16일 16시,화요일,충청남도 서산시 동문동,경상사고,0,0,2,0,차대차 - 측면충돌,교차로운행방법위반,건조,맑음,교차로 - 교차로안,승용,남,55세,상해없음,승용,남,35세,경상
2018101600100363,2018년 10월 16일 16시,화요일,충청남도 천안시 서북구 백석동,중상사고,0,1,0,0,차량단독 - 기타,신호위반,건조,맑음,교차로 - 교차로안,승합,남,59세,상해없음,,,,
2018101600100405,2018년 10월 16일 17시,화요일,충청남도 보령시 대천동,중상사고,0,1,0,0,차대차 - 기타,안전운전불이행,건조,맑음,교차로 - 교차로안,화물,남,58세,상해없음,자전거,남,78세,중상
2018101600100452,2018년 10월 16일 18시,화요일,충청남도 천안시 서북구 불당동,중상사고,0,1,0,0,차대차 - 측면충돌,중앙선침범,건조,맑음,교차로 - 교차로부근,승용,남,63세,상해없음,이륜,남,23세,중상
2018101600100453,2018년 10월 16일 18시,화요일,충청남도 공주시 주미동,경상사고,0,0,2,0,차대차 - 추돌,안전운전불이행,건조,맑음,교차로 - 교차로안,승용,남,56세,기타불명,승용,여,41세,경상
2018101600100454,2018년 10월 16일 18시,화요일,충청남도 당진시 읍내리,중상사고,0,1,0,0,차대차 - 측면충돌,직진우회전진행방해,건조,맑음,교차로 - 교차로안,승용,여,41세,상해없음,이륜,남,52세,중상
2018101600100455,2018년 10월 16일 18시,화요일,충청남도 천안시 동남구 목천읍,경상사고,0,0,1,0,차대차 - 측면충돌,안전거리미확보,건조,맑음,단일로 - 기타,승용,남,26세,상해없음,승용,남,22세,경상
2018101600100514,2018년 10월 16일 19시,화요일,충청남도 천안시 동남구 신방동,경상사고,0,0,1,0,차대차 - 측면충돌,신호위반,건조,맑음,교차로 - 교차로부근,승용,남,39세,상해없음,승용,여,25세,경상
2018101600100515,2018년 10월 16일 19시,화요일,충청남도 태안군 태안읍,중상사고,0,1,0,0,차대차 - 추돌,안전운전불이행,건조,맑음,교차로 - 교차로부근,화물,남,72세,상해없음,이륜,남,28세,중상
2018101600100516,2018년 10월 16일 19시,화요일,충청남도 태안군 태안읍,중상사고,0,1,0,0,차대사람 - 차도통행중,안전운전불이행,건조,맑음,교차로 - 교차로부근,승합,남,45세,상해없음,보행자,여,58세,중상
2018101600100594,2018년 10월 16일 22시,화요일,충청남도 보령시 남곡동,중상사고,0,2,0,0,차대차 - 추돌,안전운전불이행,건조,맑음,교차로 - 교차로부근,승용,남,42세,기타불명,승용,남,63세,중상
2018101700100021,2018년 10월 17일 02시,수요일,충청남도 천안시 서북구 두정동,경상사고,0,0,1,0,차대차 - 측면충돌,신호위반,건조,맑음,교차로 - 교차로안,승용,남,20세,상해없음,승용,남,41세,경상
2018101700100023,2018년 10월 17일 02시,수요일,충청남도 천안시 동남구 신부동,경상사고,0,0,2,0,차대차 - 측면충돌,안전운전불이행,건조,맑음,단일로 - 기타,승용,남,25세,경상,승용,남,60세,경상
2018101700100032,2018년 10월 17일 03시,수요일,충청남도 천안시 서북구 불당동,경상사고,0,0,5,0,차대차 - 정면충돌,신호위반,건조,맑음,단일로 - 기타,승용,남,27세,상해없음,승용,남,33세,경상
2018101700100037,2018년 10월 17일 04시,수요일,충청남도 아산시 둔포면,경상사고,0,0,1,0,차대차 - 기타,신호위반,기타,맑음,교차로 - 교차로안,승용,남,31세,상해없음,승용,남,49세,경상
2018101700100046,2018년 10월 17일 05시,수요일,충청남도 서산시 동문동,경상사고,0,0,1,0,차대차 - 추돌,안전운전불이행,건조,맑음,교차로 - 교차로부근,승용,남,26세,상해없음,승용,남,27세,경상
2018101700100064,2018년 10월 17일 07시,수요일,충청남도 홍성군 홍성읍,사망사고,1,0,0,0,차대차 - 측면충돌,중앙선침범,건조,맑음,단일로 - 기타,이륜,여,78세,사망,화물,남,30세,상해없음
2018101700100100,2018년 10월 17일 08시,수요일,충청남도 천안시 서북구 백석동,경상사고,0,0,1,0,차대차 - 추돌,안전운전불이행,건조,맑음,단일로 - 기타,승용,여,37세,상해없음,승용,남,37세,경상
2018101700100101,2018년 10월 17일 08시,수요일,충청남도 당진시 송산면,경상사고,0,0,1,0,차대사람 - 기타,안전운전불이행,건조,맑음,교차로 - 교차로부근,화물,남,67세,상해없음,보행자,남,61세,경상
2018101700100102,2018년 10월 17일 08시,수요일,충청남도 당진시 신평면,중상사고,0,1,0,0,차대차 - 추돌,안전거리미확보,건조,맑음,교차로 - 교차로부근,화물,남,47세,상해없음,화물,남,63세,중상
2018101700100144,2018년 10월 17일 09시,수요일,충청남도 예산군 예산읍,중상사고,0,1,0,0,차대사람 - 보도통행중,보행자보호의무위반,건조,맑음,교차로 - 교차로안,승용,여,52세,상해없음,보행자,남,77세,중상
2018101700100145,2018년 10월 17일 09시,수요일,충청남도 당진시 대덕리,경상사고,0,0,1,0,차대차 - 측면충돌,교차로운행방법위반,건조,맑음,교차로 - 교차로안,승용,남,74세,상해없음,승용,남,66세,경상
2018101700100146,2018년 10월 17일 09시,수요일,충청남도 천안시 동남구 봉명동,중상사고,0,1,0,0,차대차 - 추돌,안전거리미확보,건조,맑음,교차로 - 교차로부근,이륜,남,32세,중상,승합,남,54세,상해없음
2018101700100166,2018년 10월 17일 10시,수요일,충청남도 천안시 동남구 봉명동,경상사고,0,0,2,0,차대차 - 추돌,안전운전불이행,건조,맑음,교차로 - 교차로부근,승용,남,30세,기타불명,승용,남,67세,경상
2018101700100209,2018년 10월 17일 11시,수요일,충청남도 홍성군 홍성읍,중상사고,0,1,0,0,차대사람 - 기타,안전운전불이행,건조,맑음,단일로 - 기타,승용,남,59세,상해없음,보행자,여,88세,중상
2018101700100328,2018년 10월 17일 14시,수요일,충청남도 서천군 장항읍,경상사고,0,0,2,0,차대차 - 측면충돌,직진우회전진행방해,건조,맑음,교차로 - 교차로안,승용,남,44세,경상,승용,여,77세,경상
2018101700100370,2018년 10월 17일 15시,수요일,충청남도 보령시 동대동,경상사고,0,0,1,0,차대사람 - 기타,안전운전불이행,건조,맑음,단일로 - 기타,승용,남,74세,기타불명,보행자,남,59세,경상
2018101700100371,2018년 10월 17일 15시,수요일,충청남도 부여군 충화면,경상사고,0,0,1,0,차량단독 - 전도전복 - 전도,기타,건조,맑음,단일로 - 기타,이륜,남,77세,경상,미분류,미분류,미분류,미분류
2018101700100415,2018년 10월 17일 16시,수요일,충청남도 천안시 서북구 성정동,경상사고,0,0,1,0,차대사람 - 차도통행중,안전운전불이행,건조,맑음,단일로 - 기타,승용,여,64세,상해없음,보행자,남,56세,경상
2018101700100416,2018년 10월 17일 16시,수요일,충청남도 부여군 석성면,중상사고,0,1,0,0,차대차 - 추돌,안전운전불이행,건조,맑음,단일로 - 기타,승용,여,64세,상해없음,승용,남,74세,상해없음
2018101700100417,2018년 10월 17일 16시,수요일,충청남도 당진시 읍내리,경상사고,0,0,1,0,차대차 - 후진중충돌,안전운전불이행,건조,맑음,단일로 - 기타,화물,남,53세,상해없음,승용,남,54세,경상
2018101700100463,2018년 10월 17일 17시,수요일,충청남도 홍성군 갈산면,중상사고,0,1,3,0,차대차 - 측면충돌,신호위반,건조,맑음,교차로 - 교차로안,승합,남,47세,상해없음,화물,남,74세,경상
2018101700100464,2018년 10월 17일 17시,수요일,충청남도 서천군 기산면,중상사고,0,1,0,0,차량단독 - 공작물충돌,안전운전불이행,건조,맑음,단일로 - 기타,이륜,남,59세,중상,,,,
2018101700100513,2018년 10월 17일 18시,수요일,충청남도 당진시 우강면,중상사고,0,3,0,0,차대차 - 기타,중앙선침범,건조,맑음,단일로 - 기타,승용,남,27세,상해없음,화물,남,44세,중상
2018101700100514,2018년 10월 17일 18시,수요일,충청남도 당진시 송산면,중상사고,0,1,0,0,차대차 - 기타,안전운전불이행,건조,맑음,단일로 - 기타,승용,남,32세,중상,특수,남,미분류,상해없음
2018101700100515,2018년 10월 17일 18시,수요일,충청남도 당진시 순성면,경상사고,0,0,1,0,차대차 - 추돌,안전운전불이행,건조,맑음,단일로 - 기타,승용,남,26세,상해없음,농기계,남,24세,경상
2018101700100555,2018년 10월 17일 19시,수요일,충청남도 태안군 남면,사망사고,1,0,0,0,차대사람 - 길가장자리구역통행중,안전운전불이행,건조,맑음,교차로 - 교차로안,승합,남,58세,상해없음,보행자,남,77세,사망
2018101700100595,2018년 10월 17일 20시,수요일,충청남도 금산군 추부면,경상사고,0,0,3,0,차대차 - 측면충돌,안전운전불이행,건조,맑음,단일로 - 기타,승용,남,65세,상해없음,승용,여,42세,경상
2018101700100648,2018년 10월 17일 22시,수요일,충청남도 천안시 서북구 성정동,사망사고,1,0,0,0,차량단독 - 기타,안전운전불이행,건조,맑음,단일로 - 기타,이륜,남,26세,사망,,,,
2018101700100649,2018년 10월 17일 22시,수요일,충청남도 서천군 장항읍,중상사고,0,2,0,0,차대차 - 정면충돌,중앙선침범,건조,맑음,교차로 - 교차로안,승용,여,46세,중상,승용,여,29세,중상
2018101800100013,2018년 10월 18일 00시,목요일,충청남도 천안시 서북구 두정동,경상사고,0,0,1,0,차대차 - 기타,직진우회전진행방해,건조,맑음,교차로 - 교차로안,승용,남,25세,상해없음,승용,남,37세,경상
2018101800100014,2018년 10월 18일 00시,목요일,충청남도 아산시 음봉면,경상사고,0,0,2,0,차대차 - 추돌,안전운전불이행,건조,맑음,교차로 - 교차로부근,승용,남,26세,상해없음,승용,남,39세,경상
2018101800100055,2018년 10월 18일 06시,목요일,충청남도 청양군 청남면,중상사고,0,1,0,0,차대차 - 측면충돌,안전운전불이행,건조,맑음,교차로 - 교차로부근,승합,남,62세,상해없음,자전거,남,77세,중상
2018101800100108,2018년 10월 18일 08시,목요일,충청남도 논산시 취암동,경상사고,0,0,2,0,차대차 - 측면충돌,직진우회전진행방해,건조,맑음,교차로 - 교차로안,승용,남,47세,상해없음,승용,남,60세,경상
2018101800100161,2018년 10월 18일 09시,목요일,충청남도 서산시 예천동,중상사고,0,1,0,0,차대차 - 측면충돌,교차로운행방법위반,건조,맑음,교차로 - 교차로안,화물,남,36세,상해없음,이륜,남,76세,중상
2018101800100162,2018년 10월 18일 09시,목요일,충청남도 천안시 서북구 직산읍,경상사고,0,0,1,0,차대차 - 측면충돌,중앙선침범,건조,맑음,단일로 - 기타,사륜오토바이(ATV),남,77세,경상,승용,여,42세,기타불명
2018101800100196,2018년 10월 18일 10시,목요일,충청남도 천안시 서북구 성정동,경상사고,0,0,1,0,차대사람 - 차도통행중,안전운전불이행,건조,맑음,단일로 - 기타,승용,남,36세,상해없음,보행자,남,57세,경상
2018101800100197,2018년 10월 18일 10시,목요일,충청남도 서천군 서면,사망사고,1,1,0,0,차량단독 - 도로외이탈 - 추락,안전운전불이행,건조,맑음,단일로 - 기타,원동기,여,68세,중상,,,,
2018101800100198,2018년 10월 18일 10시,목요일,충청남도 보령시 대천동,중상사고,0,1,0,0,차대차 - 기타,안전운전불이행,건조,맑음,교차로 - 교차로부근,화물,남,60세,상해없음,자전거,남,70세,중상
2018101800100223,2018년 10월 18일 11시,목요일,충청남도 천안시 서북구 성거읍,부상신고사고,0,0,0,1,차대차 - 측면충돌,안전운전불이행,건조,맑음,교차로 - 교차로안,승용,남,51세,상해없음,화물,남,42세,부상신고
2018101800100224,2018년 10월 18일 11시,목요일,충청남도 천안시 동남구 원성동,경상사고,0,0,3,0,차대차 - 추돌,안전거리미확보,건조,맑음,단일로 - 기타,승용,남,59세,상해없음,승용,남,28세,경상
2018101800100258,2018년 10월 18일 12시,목요일,충청남도 천안시 서북구 성정동,경상사고,0,0,1,0,차대차 - 측면충돌,안전거리미확보,건조,맑음,교차로 - 교차로안,승용,여,59세,상해없음,승용,남,56세,상해없음
2018101800100259,2018년 10월 18일 12시,목요일,충청남도 홍성군 결성면,사망사고,1,1,0,0,차대사람 - 기타,안전운전불이행,건조,맑음,교차로 - 교차로부근,화물,남,47세,상해없음,보행자,여,72세,사망
2018101800100260,2018년 10월 18일 12시,목요일,충청남도 당진시 순성면,경상사고,0,0,1,0,차대차 - 측면충돌,중앙선침범,건조,맑음,단일로 - 기타,승용,남,72세,상해없음,승합,남,70세,경상
2018101800100282,2018년 10월 18일 13시,목요일,충청남도 천안시 서북구 불당동,중상사고,0,1,1,0,차대차 - 추돌,안전거리미확보,건조,맑음,단일로 - 기타,승용,남,29세,경상,화물,여,40세,중상
2018101800100283,2018년 10월 18일 13시,목요일,충청남도 청양군 청양읍,중상사고,0,1,0,0,차대차 - 측면충돌,안전운전불이행,건조,맑음,단일로 - 기타,승용,남,80세,상해없음,승합,남,43세,중상
2018101800100313,2018년 10월 18일 14시,목요일,충청남도 부여군 세도면,중상사고,0,1,0,0,차대차 - 측면충돌,안전운전불이행,건조,맑음,단일로 - 기타,승용,남,37세,상해없음,이륜,남,58세,중상
2018101800100352,2018년 10월 18일 15시,목요일,충청남도 서산시 석림동,중상사고,0,1,0,0,차대차 - 측면충돌,신호위반,건조,맑음,교차로 - 교차로안,승용,여,62세,상해없음,승용,여,47세,중상
2018101800100353,2018년 10월 18일 15시,목요일,충청남도 당진시 읍내리,중상사고,0,1,0,0,차대사람 - 기타,안전운전불이행,건조,맑음,단일로 - 기타,승용,여,48세,상해없음,보행자,남,6세,중상
2018101800100401,2018년 10월 18일 16시,목요일,충청남도 금산군 추부면,중상사고,0,1,0,0,차대차 - 기타,안전운전불이행,건조,맑음,단일로 - 기타,승용,남,61세,상해없음,이륜,남,84세,중상
2018101800100443,2018년 10월 18일 17시,목요일,충청남도 아산시 배방읍,중상사고,0,1,0,0,차대차 - 기타,보행자보호의무위반,젖음/습기,비,교차로 - 교차로횡단보도내,화물,남,31세,상해없음,승용,여,33세,상해없음
2018101800100444,2018년 10월 18일 17시,목요일,충청남도 아산시 온천동,경상사고,0,0,1,0,차대차 - 추돌,안전운전불이행,젖음/습기,비,단일로 - 기타,이륜,남,71세,경상,승용,남,54세,상해없음
2018101800100445,2018년 10월 18일 17시,목요일,충청남도 공주시 쌍신동,중상사고,0,1,0,0,차대차 - 추돌,안전운전불이행,건조,흐림,단일로 - 기타,승용,남,78세,상해없음,이륜,남,79세,중상
2018101800100555,2018년 10월 18일 19시,목요일,충청남도 태안군 근흥면,사망사고,1,0,0,0,차대사람 - 횡단중,안전운전불이행,젖음/습기,비,기타 - 기타,화물,남,58세,상해없음,보행자,남,62세,사망
2018101800100606,2018년 10월 18일 20시,목요일,충청남도 천안시 서북구 불당동,경상사고,0,0,1,0,차대사람 - 기타,안전운전불이행,건조,맑음,단일로 - 기타,승용,여,39세,상해없음,보행자,여,26세,경상
2018101800100696,2018년 10월 18일 23시,목요일,충청남도 보령시 동대동,경상사고,0,0,1,0,차대사람 - 기타,안전운전불이행,건조,맑음,단일로 - 기타,승용,남,27세,상해없음,보행자,남,43세,경상
2018101900100015,2018년 10월 19일 00시,금요일,충청남도 천안시 서북구 쌍용동,경상사고,0,0,1,0,차대차 - 추돌,안전운전불이행,건조,맑음,교차로 - 교차로부근,승용,남,43세,상해없음,승용,남,29세,경상
2018101900100029,2018년 10월 19일 01시,금요일,충청남도 천안시 서북구 백석동,경상사고,0,0,2,0,차대차 - 추돌,안전운전불이행,건조,맑음,교차로 - 교차로부근,승용,남,30세,상해없음,화물,남,29세,경상
2018101900100048,2018년 10월 19일 04시,금요일,충청남도 천안시 서북구 성성동,중상사고,0,1,0,0,차대차 - 측면충돌,안전운전불이행,건조,맑음,교차로 - 교차로안,이륜,남,18세,상해없음,화물,남,21세,상해없음
2018101900100064,2018년 10월 19일 06시,금요일,충청남도 서산시 음암면,중상사고,0,1,0,0,차대차 - 측면충돌,교차로운행방법위반,건조,맑음,교차로 - 교차로안,승용,남,38세,상해없음,승용,남,46세,중상
2018101900100065,2018년 10월 19일 06시,금요일,충청남도 예산군 덕산면,중상사고,0,1,0,0,차대차 - 기타,안전운전불이행,젖음/습기,흐림,교차로 - 교차로부근,화물,남,71세,상해없음,자전거,남,60세,중상
2018101900100091,2018년 10월 19일 07시,금요일,충청남도 공주시 탄천면,중상사고,0,1,0,0,차대차 - 측면충돌,안전운전불이행,건조,흐림,단일로 - 기타,화물,남,56세,상해없음,이륜,남,79세,중상
2018101900100174,2018년 10월 19일 09시,금요일,충청남도 서천군 장항읍,경상사고,0,0,2,0,차대차 - 측면충돌,직진우회전진행방해,건조,맑음,교차로 - 교차로안,승용,남,72세,경상,승용,여,49세,경상
2018101900100303,2018년 10월 19일 12시,금요일,충청남도 서산시 고북면,부상신고사고,0,0,0,1,차대차 - 측면충돌,직진우회전진행방해,건조,맑음,교차로 - 교차로안,화물,남,50세,부상신고,승용,남,68세,상해없음
2018101900100304,2018년 10월 19일 12시,금요일,충청남도 청양군 남양면,사망사고,1,0,0,0,차대사람 - 기타,안전운전불이행,건조,맑음,단일로 - 기타,승용,남,77세,상해없음,보행자,남,77세,사망
2018101900100342,2018년 10월 19일 13시,금요일,충청남도 보령시 대천동,중상사고,0,1,0,0,차대사람 - 횡단중,안전운전불이행,건조,맑음,교차로 - 교차로안,화물,남,57세,상해없음,보행자,남,78세,중상
2018101900100343,2018년 10월 19일 13시,금요일,충청남도 예산군 예산읍,경상사고,0,0,3,0,차대차 - 정면충돌,신호위반,건조,맑음,단일로 - 기타,승용,남,35세,상해없음,승합,남,64세,경상
2018101900100383,2018년 10월 19일 14시,금요일,충청남도 천안시 서북구 성정동,경상사고,0,0,1,0,차대사람 - 기타,안전운전불이행,건조,맑음,기타 - 기타,승용,남,65세,상해없음,보행자,남,60세,경상
2018101900100424,2018년 10월 19일 15시,금요일,충청남도 천안시 동남구 영성동,경상사고,0,0,2,0,차대차 - 측면충돌,신호위반,건조,맑음,교차로 - 교차로부근,화물,남,66세,상해없음,승용,여,32세,경상
2018101900100470,2018년 10월 19일 16시,금요일,충청남도 서산시 해미면,중상사고,0,1,0,0,차대차 - 측면충돌,안전운전불이행,건조,맑음,교차로 - 교차로부근,승용,여,54세,상해없음,이륜,여,66세,중상
2018101900100471,2018년 10월 19일 16시,금요일,충청남도 태안군 근흥면,사망사고,1,0,0,0,차대사람 - 횡단중,안전운전불이행,건조,맑음,기타 - 기타,승용,남,57세,상해없음,보행자,남,87세,사망
2018101900100522,2018년 10월 19일 17시,금요일,충청남도 천안시 서북구 백석동,중상사고,0,1,0,0,차대차 - 측면충돌,안전운전불이행,건조,맑음,단일로 - 기타,화물,남,25세,상해없음,이륜,남,38세,중상
2018101900100523,2018년 10월 19일 17시,금요일,충청남도 당진시 원당리,부상신고사고,0,0,0,1,차대차 - 기타,교차로운행방법위반,건조,맑음,교차로 - 교차로안,이륜,남,74세,부상신고,승용,여,30세,상해없음
2018101900100524,2018년 10월 19일 17시,금요일,충청남도 당진시 원당리,중상사고,0,2,0,0,차대차 - 기타,안전운전불이행,건조,맑음,교차로 - 교차로부근,화물,남,65세,상해없음,승용,여,59세,중상