사고번호,사고일시,요일,시군구,사고내용,사망자수,중상자수,경상자수,부상신고자수,사고유형,법규위반,노면상태,기상상태,도로형태,가해운전자 차종,가해운전자 성별,가해운전자 연령,가해운전자 상해정도,피해운전자 차종,피해운전자 성별,피해운전자 연령,피해운전자 상해정도
2018102300100330,2018년 10월 23일 15시,화요일,충청남도 천안시 동남구 청당동,경상사고,0,0,1,0,차대사람 - 기타,안전운전불이행,건조,맑음,기타 - 기타,승용,여,39세,상해없음,보행자,남,42세,경상
2018102300100359,2018년 10월 23일 16시,화요일,충청남도 서천군 시초면,중상사고,0,1,0,0,차량단독 - 도로외이탈 - 추락,안전운전불이행,건조,맑음,단일로 - 기타,농기계,남,63세,중상,,,,
2018102300100401,2018년 10월 23일 17시,화요일,충청남도 천안시 동남구 목천읍,중상사고,0,1,0,0,차대차 - 추돌,안전운전불이행,젖음/습기,흐림,단일로 - 기타,이륜,남,15세,중상,승용,남,69세,상해없음
2018102300100458,2018년 10월 23일 18시,화요일,충청남도 천안시 서북구 성성동,중상사고,0,1,0,0,차대차 - 측면충돌,안전운전불이행,건조,맑음,교차로 - 교차로횡단보도내,승용,남,39세,상해없음,개인형이동수단(PM),남,35세,중상
2018102300100459,2018년 10월 23일 18시,화요일,충청남도 아산시 음봉면,중상사고,0,2,0,0,차대차 - 추돌,안전운전불이행,건조,맑음,교차로 - 교차로안,승용,남,48세,상해없음,승용,남,37세,상해없음
2018102300100460,2018년 10월 23일 18시,화요일,충청남도 공주시 산성동,중상사고,0,1,0,0,차대차 - 기타,안전운전불이행,건조,맑음,단일로 - 기타,승합,남,41세,상해없음,승용,여,26세,상해없음
2018102300100461,2018년 10월 23일 18시,화요일,충청남도 당진시 석문면,중상사고,0,1,0,0,차대차 - 기타,안전운전불이행,건조,맑음,단일로 - 기타,승용,남,51세,상해없음,자전거,남,26세,중상
2018102300100462,2018년 10월 23일 18시,화요일,충청남도 논산시 채운면,사망사고,1,6,8,0,차대차 - 기타,안전운전불이행,건조,맑음,단일로 - 기타,승합,남,60세,경상,화물,남,57세,중상
2018102300100515,2018년 10월 23일 19시,화요일,충청남도 천안시 서북구 성거읍,경상사고,0,0,1,1,차대사람 - 횡단중,안전운전불이행,건조,맑음,교차로 - 교차로안,승용,여,54세,상해없음,보행자,여,6세,경상
2018102300100517,2018년 10월 23일 19시,화요일,충청남도 홍성군 갈산면,사망사고,2,4,0,0,차대차 - 기타,기타,건조,맑음,단일로 - 기타,화물,남,66세,상해없음,승용,여,41세,중상
2018102300100550,2018년 10월 23일 20시,화요일,충청남도 보령시 대천동,중상사고,0,1,0,0,차대차 - 측면충돌,안전운전불이행,건조,맑음,교차로 - 교차로안,승용,여,22세,상해없음,이륜,남,38세,중상
2018102400100016,2018년 10월 24일 01시,수요일,충청남도 계룡시 신도안면,경상사고,0,0,1,0,차량단독 - 전도전복 - 전복,안전운전불이행,건조,맑음,단일로 - 기타,승용,남,37세,경상,미분류,미분류,미분류,미분류
2018102400100022,2018년 10월 24일 03시,수요일,충청남도 천안시 서북구 쌍용동,경상사고,0,0,1,0,차대차 - 추돌,안전운전불이행,건조,맑음,교차로 - 교차로부근,승용,여,37세,상해없음,승용,남,44세,경상
2018102400100070,2018년 10월 24일 07시,수요일,충청남도 서산시 지곡면,경상사고,0,0,2,0,차대차 - 정면충돌,중앙선침범,건조,맑음,단일로 - 기타,화물,남,36세,경상,화물,남,54세,경상
2018102400100071,2018년 10월 24일 07시,수요일,충청남도 논산시 벌곡면,경상사고,0,0,2,0,차대차 - 측면충돌,안전운전불이행,건조,맑음,교차로 - 교차로안,승용,여,61세,경상,승용,남,32세,경상
2018102400100072,2018년 10월 24일 07시,수요일,충청남도 아산시 염치읍,경상사고,0,0,1,0,차대차 - 정면충돌,중앙선침범,건조,맑음,단일로 - 기타,승용,남,26세,기타불명,승용,남,60세,경상
2018102400100073,2018년 10월 24일 07시,수요일,충청남도 당진시 신평면,경상사고,0,0,1,0,차대차 - 추돌,안전운전불이행,건조,맑음,단일로 - 기타,건설기계,남,52세,상해없음,승용,남,33세,경상
2018102400100120,2018년 10월 24일 08시,수요일,충청남도 천안시 서북구 쌍용동,경상사고,0,0,1,0,차대차 - 측면충돌,안전운전불이행,건조,맑음,단일로 - 기타,승용,남,71세,상해없음,승용,여,46세,경상
2018102400100121,2018년 10월 24일 08시,수요일,충청남도 계룡시 금암동,경상사고,0,0,1,0,차대차 - 기타,안전운전불이행,건조,맑음,교차로 - 교차로안,승용,남,32세,상해없음,자전거,남,15세,경상
2018102400100122,2018년 10월 24일 08시,수요일,충청남도 보령시 명천동,중상사고,0,1,0,0,차대차 - 측면충돌,교차로운행방법위반,건조,맑음,교차로 - 교차로안,승합,남,69세,상해없음,이륜,남,56세,중상
2018102400100123,2018년 10월 24일 08시,수요일,충청남도 부여군 부여읍,중상사고,0,1,0,0,차대차 - 측면충돌,교차로운행방법위반,건조,맑음,교차로 - 교차로안,승용,남,21세,상해없음,이륜,남,79세,중상
2018102400100171,2018년 10월 24일 09시,수요일,충청남도 아산시 장존동,중상사고,0,2,0,0,차대사람 - 기타,안전운전불이행,건조,맑음,단일로 - 기타,승용,여,64세,상해없음,보행자,여,45세,중상
2018102400100173,2018년 10월 24일 09시,수요일,충청남도 천안시 동남구 문화동,중상사고,0,2,1,0,차대차 - 추돌,안전운전불이행,건조,맑음,교차로 - 교차로부근,승용,남,65세,상해없음,승용,남,49세,중상
2018102400100174,2018년 10월 24일 09시,수요일,충청남도 천안시 동남구 병천면,중상사고,0,1,0,0,차대차 - 기타,안전운전불이행,건조,맑음,교차로 - 교차로안,농기계,남,72세,중상,승용,여,61세,상해없음
2018102400100205,2018년 10월 24일 10시,수요일,충청남도 공주시 유구읍,사망사고,1,0,0,0,차대차 - 측면충돌,과속,건조,맑음,교차로 - 교차로안,화물,남,72세,상해없음,농기계,남,69세,사망
2018102400100206,2018년 10월 24일 10시,수요일,충청남도 예산군 예산읍,중상사고,0,1,1,0,차대차 - 추돌,안전거리미확보,건조,맑음,교차로 - 교차로부근,승용,남,55세,경상,승합,남,35세,중상
2018102400100207,2018년 10월 24일 10시,수요일,충청남도 천안시 동남구 다가동,중상사고,0,1,0,0,차대사람 - 횡단중,보행자보호의무위반,건조,맑음,단일로 - 기타,승용,남,61세,상해없음,보행자,여,78세,중상
2018102400100306,2018년 10월 24일 13시,수요일,충청남도 공주시 금학동,경상사고,0,0,1,0,차대사람 - 횡단중,안전운전불이행,건조,맑음,교차로 - 교차로안,승용,여,49세,상해없음,보행자,여,59세,경상
2018102400100358,2018년 10월 24일 14시,수요일,충청남도 서산시 예천동,경상사고,0,0,1,0,차대차 - 측면충돌,안전거리미확보,건조,맑음,단일로 - 기타,이륜,남,84세,경상,승용,남,62세,상해없음
2018102400100360,2018년 10월 24일 14시,수요일,충청남도 당진시 송악읍,중상사고,0,1,0,0,차대차 - 기타,신호위반,건조,맑음,교차로 - 교차로안,자전거,남,46세,중상,승용,남,60세,상해없음
2018102400100440,2018년 10월 24일 16시,수요일,충청남도 천안시 서북구 백석동,경상사고,0,0,1,0,차대차 - 측면충돌,교차로운행방법위반,건조,맑음,교차로 - 교차로안,승용,남,27세,상해없음,화물,남,51세,경상
2018102400100441,2018년 10월 24일 16시,수요일,충청남도 태안군 태안읍,중상사고,0,1,0,0,차대사람 - 횡단중,보행자보호의무위반,건조,맑음,교차로 - 교차로부근,승합,남,57세,상해없음,보행자,남,58세,중상
2018102400100551,2018년 10월 24일 18시,수요일,충청남도 보령시 화산동,경상사고,0,0,3,0,차대차 - 추돌,안전운전불이행,건조,맑음,단일로 - 교량,승용,남,65세,상해없음,승용,남,50세,경상
2018102400100607,2018년 10월 24일 19시,수요일,충청남도 논산시 상월면,중상사고,0,1,0,0,차대차 - 추돌,안전운전불이행,건조,맑음,단일로 - 기타,이륜,남,67세,중상,농기계,남,44세,기타불명
2018102400100654,2018년 10월 24일 20시,수요일,충청남도 홍성군 금마면,경상사고,0,0,1,0,차대차 - 추돌,안전거리미확보,건조,맑음,단일로 - 기타,승용,남,35세,상해없음,농기계,남,62세,경상
2018102400100655,2018년 10월 24일 20시,수요일,충청남도 아산시 배방읍,경상사고,0,0,1,0,차대사람 - 기타,보행자보호의무위반,건조,맑음,단일로 - 기타,화물,남,37세,상해없음,보행자,남,16세,경상
2018102400100656,2018년 10월 24일 20시,수요일,충청남도 예산군 신암면,경상사고,0,0,1,0,차대차 - 추돌,안전거리미확보,건조,맑음,기타 - 기타,승용,남,46세,상해없음,화물,남,48세,경상
2018102400100684,2018년 10월 24일 21시,수요일,충청남도 서산시 인지면,경상사고,0,0,1,0,차대차 - 정면충돌,신호위반,건조,맑음,교차로 - 교차로안,승용,남,29세,상해없음,승용,남,63세,경상
2018102400100685,2018년 10월 24일 21시,수요일,충청남도 서산시 동문동,경상사고,0,0,1,0,차대차 - 추돌,안전운전불이행,건조,맑음,교차로 - 교차로부근,화물,남,46세,상해없음,승용,여,48세,경상
2018102400100718,2018년 10월 24일 22시,수요일,충청남도 태안군 태안읍,경상사고,0,0,1,0,차대차 - 기타,안전운전불이행,건조,맑음,교차로 - 교차로부근,승용,남,55세,기타불명,승용,남,23세,경상
2018102500100058,2018년 10월 25일 06시,목요일,충청남도 홍성군 구항면,사망사고,1,0,0,0,차대사람 - 횡단중,안전운전불이행,건조,맑음,기타 - 기타,승용,여,59세,상해없음,보행자,여,82세,사망
2018102500100059,2018년 10월 25일 06시,목요일,충청남도 아산시 배방읍,중상사고,0,1,0,0,차대차 - 측면충돌,안전운전불이행,건조,맑음,교차로 - 교차로안,자전거,남,33세,중상,승용,여,27세,상해없음
2018102500100084,2018년 10월 25일 07시,목요일,충청남도 아산시 탕정면,경상사고,0,0,1,0,차대차 - 측면충돌,신호위반,건조,맑음,교차로 - 교차로안,승용,남,69세,상해없음,승용,남,51세,경상
2018102500100085,2018년 10월 25일 07시,목요일,충청남도 서천군 비인면,경상사고,0,0,2,0,차대차 - 측면충돌,직진우회전진행방해,건조,맑음,교차로 - 교차로안,화물,남,36세,경상,건설기계,남,34세,경상
2018102500100086,2018년 10월 25일 07시,목요일,충청남도 예산군 예산읍,사망사고,1,0,1,0,차대차 - 추돌,안전운전불이행,건조,맑음,기타 - 기타,화물,남,37세,상해없음,승용,남,39세,경상
2018102500100087,2018년 10월 25일 07시,목요일,충청남도 천안시 동남구 신부동,경상사고,0,0,1,0,차대차 - 기타,안전운전불이행,건조,맑음,교차로 - 교차로안,승합,남,50세,상해없음,승용,여,32세,경상
2018102500100131,2018년 10월 25일 08시,목요일,충청남도 예산군 신암면,경상사고,0,0,1,0,차대차 - 측면충돌,안전운전불이행,건조,맑음,기타 - 기타,화물,남,46세,상해없음,승용,여,71세,경상
2018102500100132,2018년 10월 25일 08시,목요일,충청남도 당진시 수청리,중상사고,0,1,3,0,차대차 - 측면충돌,직진우회전진행방해,건조,맑음,교차로 - 교차로안,승용,여,33세,경상,화물,여,42세,경상
2018102500100133,2018년 10월 25일 08시,목요일,충청남도 태안군 태안읍,중상사고,0,1,0,0,차대사람 - 기타,안전운전불이행,건조,맑음,기타 - 기타,승용,여,49세,상해없음,보행자,여,83세,중상
2018102500100134,2018년 10월 25일 08시,목요일,충청남도 태안군 근흥면,경상사고,0,0,1,0,차대사람 - 길가장자리구역통행중,안전운전불이행,건조,맑음,단일로 - 기타,승용,남,70세,상해없음,보행자,여,67세,경상
2018102500100176,2018년 10월 25일 09시,목요일,충청남도 서천군 서천읍,경상사고,0,0,1,0,차대차 - 측면충돌,안전운전불이행,건조,맑음,단일로 - 기타,승용,남,42세,상해없음,자전거,남,87세,경상
2018102500100177,2018년 10월 25일 09시,목요일,충청남도 천안시 동남구 신부동,중상사고,0,2,7,0,차대차 - 측면충돌,안전운전불이행,건조,맑음,단일로 - 기타,화물,남,43세,상해없음,승합,남,59세,경상
2018102500100178,2018년 10월 25일 09시,목요일,충청남도 천안시 동남구 청수동,경상사고,0,0,1,0,차대차 - 측면충돌,교차로운행방법위반,건조,맑음,교차로 - 교차로부근,승용,여,63세,상해없음,승용,여,65세,경상
2018102500100179,2018년 10월 25일 09시,목요일,충청남도 태안군 안면읍,중상사고,0,1,0,0,차대사람 - 기타,안전운전불이행,건조,맑음,기타 - 기타,승합,남,39세,상해없음,보행자,여,79세,중상
2018102500100217,2018년 10월 25일 10시,목요일,충청남도 서천군 문산면,경상사고,0,0,1,0,차대차 - 정면충돌,중앙선침범,건조,맑음,교차로 - 교차로부근,승용,여,61세,상해없음,이륜,남,43세,경상
2018102500100251,2018년 10월 25일 11시,목요일,충청남도 보령시 대천동,중상사고,0,1,1,0,차대사람 - 횡단중,보행자보호의무위반,건조,맑음,교차로 - 교차로횡단보도내,승용,남,69세,상해없음,보행자,여,65세,중상
2018102500100289,2018년 10월 25일 12시,목요일,충청남도 예산군 덕산면,경상사고,0,0,1,0,차대차 - 측면충돌,신호위반,건조,맑음,교차로 - 교차로횡단보도내,승용,여,46세,상해없음,승용,여,62세,경상
2018102500100348,2018년 10월 25일 14시,목요일,충청남도 당진시 정미면,중상사고,0,1,1,0,차대차 - 추돌,안전거리미확보,건조,맑음,단일로 - 기타,승용,남,29세,상해없음,승용,남,52세,경상
2018102500100394,2018년 10월 25일 15시,목요일,충청남도 천안시 서북구 신당동,경상사고,0,0,1,0,차대차 - 기타,신호위반,건조,맑음,단일로 - 기타,승용,여,53세,상해없음,화물,남,67세,상해없음
2018102500100395,2018년 10월 25일 15시,목요일,충청남도 홍성군 홍성읍,경상사고,0,0,1,0,차대차 - 기타,안전운전불이행,건조,맑음,교차로 - 교차로안,승용,남,68세,상해없음,화물,여,69세,경상
2018102500100396,2018년 10월 25일 15시,목요일,충청남도 서천군 마서면,경상사고,0,0,1,0,차량단독 - 전도전복 - 전복,안전운전불이행,건조,맑음,단일로 - 기타,승용,남,73세,상해없음,미분류,미분류,미분류,미분류
2018102500100540,2018년 10월 25일 18시,목요일,충청남도 천안시 서북구 쌍용동,경상사고,0,0,1,0,차대차 - 정면충돌,신호위반,건조,맑음,교차로 - 교차로안,승용,여,34세,상해없음,승용,남,32세,경상
2018102500100541,2018년 10월 25일 18시,목요일,충청남도 천안시 서북구 성환읍,경상사고,0,0,1,0,차대차 - 정면충돌,안전운전불이행,건조,맑음,교차로 - 교차로안,승용,남,25세,상해없음,승용,남,42세,경상
2018102500100542,2018년 10월 25일 18시,목요일,충청남도 부여군 석성면,경상사고,0,0,1,0,차대차 - 추돌,안전거리미확보,건조,맑음,단일로 - 기타,화물,남,60세,상해없음,화물,남,69세,경상
2018102500100543,2018년 10월 25일 18시,목요일,충청남도 부여군 석성면,중상사고,0,1,0,0,차량단독 - 공작물충돌,교차로운행방법위반,건조,맑음,단일로 - 기타,승용,여,42세,중상,,,,
2018102500100544,2018년 10월 25일 18시,목요일,충청남도 당진시 고대면,경상사고,0,0,1,0,차대사람 - 기타,안전운전불이행,건조,맑음,단일로 - 기타,승용,남,52세,상해없음,보행자,남,64세,경상
2018102500100545,2018년 10월 25일 18시,목요일,충청남도 당진시 신평면,경상사고,0,0,1,0,차대차 - 기타,안전운전불이행,건조,맑음,단일로 - 기타,승용,남,66세,상해없음,농기계,남,56세,경상
2018102500100546,2018년 10월 25일 18시,목요일,충청남도 청양군 정산면,중상사고,0,1,0,0,차대차 - 측면충돌,직진우회전진행방해,건조,맑음,교차로 - 교차로안,이륜,남,55세,중상,승용,여,47세,상해없음
2018102500100601,2018년 10월 25일 19시,목요일,충청남도 천안시 서북구 두정동,경상사고,0,0,1,0,차대차 - 측면충돌,차로위반,건조,맑음,단일로 - 기타,승용,남,62세,상해없음,승용,여,50세,경상
2018102500100602,2018년 10월 25일 19시,목요일,충청남도 계룡시 금암동,경상사고,0,0,1,0,차대사람 - 횡단중,보행자보호의무위반,건조,맑음,교차로 - 교차로횡단보도내,승용,여,60세,상해없음,보행자,남,19세,경상
2018102500100603,2018년 10월 25일 19시,목요일,충청남도 천안시 동남구 신방동,경상사고,0,0,4,0,차대차 - 측면충돌,신호위반,건조,맑음,교차로 - 교차로부근,승용,남,52세,상해없음,승용,여,42세,경상
2018102500100635,2018년 10월 25일 20시,목요일,충청남도 천안시 서북구 성환읍,경상사고,0,0,3,0,차대차 - 정면충돌,안전운전불이행,건조,맑음,교차로 - 교차로안,승용,남,37세,상해없음,승합,여,45세,경상
2018102500100662,2018년 10월 25일 21시,목요일,충청남도 천안시 서북구 성정동,경상사고,0,0,1,0,차대차 - 기타,안전운전불이행,건조,맑음,교차로 - 교차로안,승용,남,57세,상해없음,승용,남,47세,경상
2018102500100700,2018년 10월 25일 23시,목요일,충청남도 금산군 남일면,중상사고,0,1,0,0,차량단독 - 기타,안전운전불이행,건조,맑음,단일로 - 기타,화물,남,46세,중상,,,,
2018102600100041,2018년 10월 26일 04시,금요일,충청남도 보령시 죽정동,사망사고,1,0,0,0,차량단독 - 도로외이탈 - 추락,안전운전불이행,건조,흐림,교차로 - 교차로안,승용,남,39세,사망,,,,
2018102600100042,2018년 10월 26일 04시,금요일,충청남도 예산군 덕산면,경상사고,0,0,2,0,차대차 - 측면충돌,직진우회전진행방해,건조,흐림,교차로 - 교차로안,승용,여,62세,상해없음,승용,남,62세,경상
2018102600100048,2018년 10월 26일 05시,금요일,충청남도 서산시 읍내동,중상사고,0,1,0,0,차대차 - 측면충돌,교차로운행방법위반,건조,맑음,교차로 - 교차로안,승용,남,35세,상해없음,승용,여,30세,중상
2018102600100075,2018년 10월 26일 06시,금요일,충청남도 천안시 서북구 백석동,중상사고,0,1,1,0,차대차 - 측면충돌,신호위반,젖음/습기,비,교차로 - 교차로안,승용,남,50세,상해없음,승용,남,50세,경상
2018102600100091,2018년 10월 26일 07시,금요일,충청남도 천안시 서북구 성정동,경상사고,0,0,1,0,차대차 - 추돌,안전운전불이행,건조,맑음,교차로 - 교차로부근,승용,남,24세,상해없음,승용,남,31세,경상
2018102600100121,2018년 10월 26일 08시,금요일,충청남도 보령시 동대동,중상사고,0,1,0,0,차대사람 - 횡단중,안전운전불이행,건조,흐림,교차로 - 교차로안,승용,여,31세,상해없음,보행자,여,53세,중상
2018102600100122,2018년 10월 26일 08시,금요일,충청남도 공주시 유구읍,중상사고,0,1,0,0,차대사람 - 기타,안전운전불이행,건조,맑음,교차로 - 교차로부근,화물,남,64세,상해없음,보행자,남,9세,중상
2018102600100123,2018년 10월 26일 08시,금요일,충청남도 예산군 응봉면,경상사고,0,0,1,0,차대차 - 측면충돌,안전운전불이행,젖음/습기,비,단일로 - 기타,승용,여,25세,상해없음,승용,여,59세,경상
2018102600100124,2018년 10월 26일 08시,금요일,충청남도 예산군 응봉면,중상사고,0,1,0,0,차대차 - 측면충돌,안전운전불이행,젖음/습기,비,단일로 - 기타,승용,남,22세,상해없음,승용,여,24세,중상
2018102600100181,2018년 10월 26일 10시,금요일,충청남도 부여군 은산면,중상사고,0,2,0,0,차대차 - 추돌,안전운전불이행,젖음/습기,비,단일로 - 기타,이륜,여,66세,중상,화물,남,83세,중상
2018102600100201,2018년 10월 26일 11시,금요일,충청남도 아산시 신창면,경상사고,0,0,1,0,차대차 - 추돌,안전운전불이행,젖음/습기,비,교차로 - 교차로부근,화물,남,33세,상해없음,승용,남,40세,경상
2018102600100202,2018년 10월 26일 11시,금요일,충청남도 당진시 시곡리,경상사고,0,0,1,0,차대차 - 측면충돌,안전운전불이행,건조,맑음,단일로 - 기타,승용,남,40세,상해없음,승용,남,56세,경상
2018102600100203,2018년 10월 26일 11시,금요일,충청남도 천안시 동남구 대흥동,경상사고,0,0,1,0,차대사람 - 길가장자리구역통행중,안전운전불이행,건조,맑음,기타 - 기타,기타불명,기타불명,미분류,기타불명,보행자,남,47세,경상
2018102600100267,2018년 10월 26일 13시,금요일,충청남도 예산군 대술면,경상사고,0,0,2,0,차대차 - 정면충돌,중앙선침범,젖음/습기,비,단일로 - 기타,승용,남,70세,경상,승용,남,38세,경상
2018102600100304,2018년 10월 26일 14시,금요일,충청남도 당진시 읍내리,경상사고,0,0,2,0,차대차 - 측면충돌,안전운전불이행,건조,맑음,단일로 - 기타,승용,여,27세,상해없음,승용,남,59세,경상
2018102600100305,2018년 10월 26일 14시,금요일,충청남도 천안시 동남구 목천읍,중상사고,0,2,0,0,차량단독 - 기타,안전운전불이행,젖음/습기,비,단일로 - 기타,승합,남,55세,상해없음,,,,
2018102600100382,2018년 10월 26일 16시,금요일,충청남도 천안시 서북구 쌍용동,경상사고,0,0,2,0,차대차 - 측면충돌,중앙선침범,건조,맑음,단일로 - 기타,승용,여,57세,경상,화물,남,66세,경상
2018102600100415,2018년 10월 26일 17시,금요일,충청남도 천안시 서북구 쌍용동,부상신고사고,0,0,0,1,차대차 - 기타,안전운전불이행,젖음/습기,흐림,교차로 - 교차로안,이륜,남,18세,부상신고,승합,남,70세,상해없음
2018102600100467,2018년 10월 26일 18시,금요일,충청남도 천안시 서북구 성정동,경상사고,0,0,1,0,차대차 - 측면충돌,안전운전불이행,건조,맑음,교차로 - 교차로안,승용,여,48세,상해없음,이륜,남,21세,경상
2018102600100468,2018년 10월 26일 18시,금요일,충청남도 천안시 서북구 성정동,경상사고,0,0,1,0,차대사람 - 기타,안전운전불이행,건조,맑음,교차로 - 교차로안,승용,남,21세,상해없음,보행자,남,57세,경상
2018102600100469,2018년 10월 26일 18시,금요일,충청남도 홍성군 구항면,사망사고,1,0,0,0,차대사람 - 횡단중,과속,젖음/습기,흐림,기타 - 기타,승용,남,48세,상해없음,보행자,여,70세,사망
2018102600100470,2018년 10월 26일 18시,금요일,충청남도 아산시 둔포면,경상사고,0,0,1,0,차대차 - 추돌,안전운전불이행,건조,맑음,단일로 - 기타,화물,남,27세,상해없음,승용,여,50세,경상
2018102600100471,2018년 10월 26일 18시,금요일,충청남도 보령시 청소면,경상사고,0,0,1,0,차대사람 - 횡단중,안전운전불이행,건조,맑음,단일로 - 기타,승용,여,60세,상해없음,보행자,여,90세 이상,경상
2018102600100473,2018년 10월 26일 18시,금요일,충청남도 당진시 합덕읍,경상사고,0,0,1,0,차대차 - 기타,교차로운행방법위반,건조,맑음,교차로 - 교차로안,화물,남,66세,경상,승합,남,22세,상해없음
2018102600100474,2018년 10월 26일 18시,금요일,충청남도 천안시 동남구 구성동,중상사고,0,1,0,0,차대사람 - 횡단중,보행자보호의무위반,젖음/습기,비,단일로 - 기타,승용,여,43세,기타불명,보행자,남,47세,중상
2018102600100558,2018년 10월 26일 19시,금요일,충청남도 천안시 동남구 봉명동,중상사고,0,1,4,0,차대차 - 기타,안전운전불이행,젖음/습기,흐림,단일로 - 기타,승용,남,68세,상해없음,승용,남,58세,경상
2018102600100559,2018년 10월 26일 19시,금요일,충청남도 천안시 동남구 청당동,경상사고,0,0,4,0,차대차 - 측면충돌,직진우회전진행방해,건조,맑음,교차로 - 교차로안,승용,남,43세,경상,승용,여,55세,경상
2018102600100642,2018년 10월 26일 21시,금요일,충청남도 천안시 서북구 두정동,부상신고사고,0,0,0,1,차대차 - 측면충돌,신호위반,건조,맑음,교차로 - 교차로안,이륜,남,25세,부상신고,화물,남,26세,상해없음
2018102600100643,2018년 10월 26일 21시,금요일,충청남도 천안시 서북구 백석동,경상사고,0,0,1,0,차대차 - 측면충돌,안전운전불이행,건조,맑음,단일로 - 기타,승용,남,31세,상해없음,승용,여,24세,경상
2018102600100672,2018년 10월 26일 22시,금요일,충청남도 천안시 서북구 쌍용동,중상사고,0,1,0,0,차대차 - 정면충돌,신호위반,건조,맑음,교차로 - 교차로안,승용,남,49세,상해없음,이륜,남,33세,중상
2018102600100673,2018년 10월 26일 22시,금요일,충청남도 천안시 서북구 불당동,중상사고,0,1,0,0,차대사람 - 횡단중,신호위반,건조,맑음,교차로 - 교차로횡단보도내,승용,남,22세,상해없음,보행자,남,39세,중상
2018102600100674,2018년 10월 26일 22시,금요일,충청남도 당진시 송악읍,경상사고,0,0,1,0,차대차 - 추돌,안전거리미확보,젖음/습기,비,단일로 - 기타,화물,남,50세,상해없음,승용,남,43세,경상
2018102700100029,2018년 10월 27일 01시,토요일,충청남도 천안시 서북구 성정동,경상사고,0,0,1,0,차대차 - 추돌,안전운전불이행,젖음/습기,비,단일로 - 기타,승용,남,32세,상해없음,승용,남,67세,경상
2018102700100030,2018년 10월 27일 01시,토요일,충청남도 천안시 동남구 신방동,경상사고,0,0,1,0,차대차 - 측면충돌,불법유턴,젖음/습기,비,단일로 - 기타,승용,남,50세,상해없음,승용,여,54세,경상
2018102700100047,2018년 10월 27일 02시,토요일,충청남도 보령시 죽정동,경상사고,0,0,2,0,차대차 - 추돌,안전운전불이행,건조,맑음,단일로 - 기타,승용,여,38세,상해없음,승용,여,32세,경상
2018102700100145,2018년 10월 27일 08시,토요일,충청남도 아산시 탕정면,경상사고,0,0,1,0,차대차 - 측면충돌,안전운전불이행,건조,맑음,단일로 - 기타,승용,남,57세,경상,건설기계,남,42세,상해없음
2018102700100146,2018년 10월 27일 08시,토요일,충청남도 천안시 동남구 광덕면,중상사고,0,4,2,1,차대차 - 추돌,안전운전불이행,건조,맑음,단일로 - 터널,승합,남,56세,상해없음,승용,남,73세,중상
2018102700100182,2018년 10월 27일 09시,토요일,충청남도 아산시 읍내동,중상사고,0,1,0,0,차대사람 - 기타,안전운전불이행,건조,맑음,교차로 - 교차로안,승용,여,62세,상해없음,보행자,여,49세,중상
2018102700100183,2018년 10월 27일 09시,토요일,충청남도 공주시 정안면,경상사고,0,0,1,0,차대차 - 측면충돌,중앙선침범,건조,맑음,단일로 - 기타,화물,남,62세,상해없음,승용,남,55세,경상
2018102700100184,2018년 10월 27일 09시,토요일,충청남도 태안군 태안읍,중상사고,0,1,0,0,차대차 - 기타,교차로운행방법위반,건조,맑음,교차로 - 교차로안,승용,남,64세,상해없음,이륜,남,70세,중상
2018102700100214,2018년 10월 27일 10시,토요일,충청남도 천안시 서북구 성환읍,경상사고,0,0,1,0,차대차 - 측면충돌,교차로운행방법위반,젖음/습기,비,교차로 - 교차로안,승용,남,58세,상해없음,승용,남,50세,경상
2018102700100243,2018년 10월 27일 11시,토요일,충청남도 서산시 읍내동,중상사고,0,1,0,0,차대차 - 측면충돌,직진우회전진행방해,건조,맑음,교차로 - 교차로안,이륜,남,51세,중상,화물,남,37세,상해없음
2018102700100279,2018년 10월 27일 12시,토요일,충청남도 논산시 내동,중상사고,0,1,1,0,차대차 - 측면충돌,직진우회전진행방해,건조,맑음,교차로 - 교차로안,승용,여,30세,경상,승용,여,32세,중상
2018102700100310,2018년 10월 27일 13시,토요일,충청남도 천안시 동남구 대흥동,경상사고,0,0,1,0,차대사람 - 차도통행중,안전운전불이행,건조,맑음,단일로 - 기타,승용,여,52세,상해없음,보행자,남,18세,경상
2018102700100350,2018년 10월 27일 14시,토요일,충청남도 공주시 정안면,경상사고,0,0,3,0,차대차 - 추돌,안전운전불이행,건조,맑음,교차로 - 교차로부근,건설기계,여,51세,기타불명,승용,남,50세,경상
2018102700100351,2018년 10월 27일 14시,토요일,충청남도 태안군 남면,경상사고,0,0,3,0,차대차 - 기타,안전운전불이행,건조,맑음,단일로 - 기타,승용,남,70세,상해없음,승용,남,33세,경상
2018102700100442,2018년 10월 27일 16시,토요일,충청남도 공주시 신풍면,부상신고사고,0,0,0,1,차대차 - 측면충돌,안전운전불이행,건조,맑음,단일로 - 기타,사륜오토바이(ATV),남,81세,부상신고,승용,남,53세,상해없음