사고번호,사고일시,요일,시군구,사고내용,사망자수,중상자수,경상자수,부상신고자수,사고유형,법규위반,노면상태,기상상태,도로형태,가해운전자 차종,가해운전자 성별,가해운전자 연령,가해운전자 상해정도,피해운전자 차종,피해운전자 성별,피해운전자 연령,피해운전자 상해정도
2018102700100443,2018년 10월 27일 16시,토요일,충청남도 부여군 은산면,경상사고,0,0,1,0,차대차 - 측면충돌,기타,건조,맑음,단일로 - 교량,승용,남,63세,상해없음,원동기,여,64세,경상
2018102700100444,2018년 10월 27일 16시,토요일,충청남도 당진시 신평면,중상사고,0,1,0,0,차대차 - 기타,안전운전불이행,건조,맑음,단일로 - 기타,승용,여,63세,상해없음,이륜,남,72세,중상
2018102700100480,2018년 10월 27일 17시,토요일,충청남도 천안시 서북구 쌍용동,중상사고,0,2,0,1,차대차 - 측면충돌,안전운전불이행,건조,맑음,교차로 - 교차로안,승용,여,45세,부상신고,화물,남,25세,중상
2018102700100521,2018년 10월 27일 18시,토요일,충청남도 보령시 대천동,중상사고,0,1,0,0,차대사람 - 횡단중,보행자보호의무위반,건조,맑음,교차로 - 교차로부근,이륜,남,50세,상해없음,보행자,여,76세,중상
2018102700100522,2018년 10월 27일 18시,토요일,충청남도 예산군 삽교읍,중상사고,0,1,0,0,차대차 - 측면충돌,안전운전불이행,건조,흐림,교차로 - 교차로부근,승용,남,58세,상해없음,이륜,남,64세,중상
2018102700100523,2018년 10월 27일 18시,토요일,충청남도 부여군 규암면,경상사고,0,0,1,0,차대차 - 추돌,안전운전불이행,건조,맑음,단일로 - 기타,승용,남,76세,상해없음,농기계,남,51세,경상
2018102700100524,2018년 10월 27일 18시,토요일,충청남도 당진시 대덕리,중상사고,0,1,0,0,차대차 - 기타,신호위반,건조,맑음,교차로 - 교차로안,승용,여,57세,상해없음,화물,남,43세,중상
2018102700100525,2018년 10월 27일 18시,토요일,충청남도 당진시 고대면,중상사고,0,1,0,0,차대차 - 기타,교차로운행방법위반,건조,맑음,교차로 - 교차로안,화물,남,42세,상해없음,이륜,남,32세,중상
2018102700100526,2018년 10월 27일 18시,토요일,충청남도 금산군 금산읍,경상사고,0,0,6,0,차대차 - 추돌,안전운전불이행,건조,맑음,교차로 - 교차로부근,승용,남,64세,경상,승용,남,38세,경상
2018102700100685,2018년 10월 27일 22시,토요일,충청남도 서천군 장항읍,경상사고,0,0,1,0,차량단독 - 공작물충돌,안전운전불이행,건조,맑음,단일로 - 기타,화물,남,56세,상해없음,,,,
2018102700100686,2018년 10월 27일 22시,토요일,충청남도 예산군 덕산면,경상사고,0,0,1,0,차대차 - 측면충돌,중앙선침범,건조,맑음,교차로 - 교차로부근,승합,남,71세,상해없음,승용,남,61세,경상
2018102700100710,2018년 10월 27일 23시,토요일,충청남도 서산시 석림동,사망사고,1,0,0,0,차대사람 - 횡단중,과속,건조,맑음,교차로 - 교차로안,승용,남,22세,상해없음,보행자,남,54세,사망
2018102800100024,2018년 10월 28일 01시,일요일,충청남도 천안시 서북구 성정동,중상사고,0,1,1,0,차대사람 - 횡단중,보행자보호의무위반,건조,맑음,단일로 - 기타,승용,남,51세,상해없음,보행자,남,29세,경상
2018102800100025,2018년 10월 28일 01시,일요일,충청남도 천안시 동남구 오룡동,경상사고,0,0,1,0,차대차 - 측면충돌,안전운전불이행,건조,맑음,교차로 - 교차로부근,승용,남,64세,상해없음,이륜,남,14세,경상
2018102800100026,2018년 10월 28일 01시,일요일,충청남도 천안시 동남구 유량동,경상사고,0,0,1,0,차량단독 - 공작물충돌,기타,건조,맑음,단일로 - 기타,승용,남,34세,경상,,,,
2018102800100027,2018년 10월 28일 01시,일요일,충청남도 태안군 태안읍,경상사고,0,0,2,0,차대차 - 추돌,안전운전불이행,건조,맑음,단일로 - 기타,승용,여,23세,상해없음,승용,남,30세,경상
2018102800100050,2018년 10월 28일 03시,일요일,충청남도 태안군 소원면,중상사고,0,1,0,0,차량단독 - 기타,안전운전불이행,젖음/습기,흐림,단일로 - 기타,승합,남,42세,상해없음,,,,
2018102800100092,2018년 10월 28일 06시,일요일,충청남도 아산시 용화동,경상사고,0,0,2,0,차대차 - 기타,안전운전불이행,건조,맑음,기타 - 기타,승용,남,29세,상해없음,승용,남,32세,경상
2018102800100102,2018년 10월 28일 07시,일요일,충청남도 천안시 서북구 성거읍,경상사고,0,0,1,0,차대차 - 측면충돌,중앙선침범,건조,맑음,단일로 - 기타,건설기계,남,36세,상해없음,이륜,남,50세,경상
2018102800100167,2018년 10월 28일 10시,일요일,충청남도 당진시 송악읍,중상사고,0,1,0,0,차대차 - 측면충돌,안전운전불이행,건조,맑음,단일로 - 기타,승용,여,56세,중상,특수,남,46세,기타불명
2018102800100192,2018년 10월 28일 11시,일요일,충청남도 논산시 연산면,경상사고,0,0,3,0,차대차 - 측면충돌,교차로운행방법위반,건조,맑음,교차로 - 교차로안,승용,남,62세,상해없음,이륜,남,49세,경상
2018102800100215,2018년 10월 28일 12시,일요일,충청남도 당진시 송악읍,중상사고,0,1,2,0,차대차 - 측면충돌,신호위반,젖음/습기,비,교차로 - 교차로안,화물,남,59세,상해없음,승용,남,43세,경상
2018102800100241,2018년 10월 28일 13시,일요일,충청남도 공주시 반포면,경상사고,0,0,2,0,차대차 - 추돌,안전운전불이행,건조,흐림,교차로 - 교차로부근,화물,남,36세,기타불명,승용,남,26세,경상
2018102800100275,2018년 10월 28일 14시,일요일,충청남도 천안시 동남구 다가동,경상사고,0,0,1,0,차대사람 - 차도통행중,안전운전불이행,젖음/습기,맑음,단일로 - 기타,승용,여,52세,상해없음,보행자,여,65세,경상
2018102800100294,2018년 10월 28일 15시,일요일,충청남도 홍성군 홍북읍,경상사고,0,0,1,0,차대차 - 정면충돌,신호위반,건조,맑음,교차로 - 교차로안,승용,여,45세,상해없음,승용,남,70세,경상
2018102800100295,2018년 10월 28일 15시,일요일,충청남도 부여군 석성면,중상사고,0,1,0,0,차대사람 - 횡단중,안전운전불이행,젖음/습기,비,교차로 - 교차로안,화물,남,35세,상해없음,보행자,여,47세,중상
2018102800100296,2018년 10월 28일 15시,일요일,충청남도 천안시 동남구 다가동,경상사고,0,0,1,0,차대차 - 측면충돌,신호위반,젖음/습기,맑음,교차로 - 교차로안,화물,남,31세,상해없음,승용,남,65세,경상
2018102800100331,2018년 10월 28일 16시,일요일,충청남도 당진시 정미면,중상사고,0,1,0,0,차대사람 - 차도통행중,안전운전불이행,건조,맑음,단일로 - 기타,화물,남,62세,상해없음,보행자,남,47세,중상
2018102800100403,2018년 10월 28일 18시,일요일,충청남도 아산시 온천동,경상사고,0,0,1,0,차대차 - 측면충돌,안전운전불이행,건조,맑음,교차로 - 교차로안,화물,남,58세,상해없음,승용,여,50세,경상
2018102800100405,2018년 10월 28일 18시,일요일,충청남도 당진시 읍내리,경상사고,0,0,4,0,차대차 - 측면충돌,교차로운행방법위반,건조,맑음,교차로 - 교차로안,승용,남,61세,상해없음,승용,남,38세,경상
2018102800100406,2018년 10월 28일 18시,일요일,충청남도 태안군 태안읍,중상사고,0,1,0,0,차대차 - 측면충돌,신호위반,건조,맑음,교차로 - 교차로안,승용,여,55세,상해없음,승용,남,43세,중상
2018102800100447,2018년 10월 28일 19시,일요일,충청남도 천안시 동남구 다가동,경상사고,0,0,1,0,차대사람 - 기타,안전운전불이행,건조,맑음,단일로 - 기타,승용,여,54세,상해없음,보행자,남,46세,경상
2018102800100475,2018년 10월 28일 20시,일요일,충청남도 천안시 서북구 성정동,중상사고,0,1,0,0,차대사람 - 횡단중,안전운전불이행,건조,맑음,교차로 - 교차로부근,승용,남,49세,상해없음,보행자,남,64세,중상
2018102800100504,2018년 10월 28일 21시,일요일,충청남도 서산시 석림동,중상사고,0,4,0,0,차대차 - 추돌,안전운전불이행,건조,맑음,교차로 - 교차로부근,승용,남,42세,상해없음,승용,남,47세,중상
2018102800100532,2018년 10월 28일 23시,일요일,충청남도 서산시 잠홍동,경상사고,0,0,1,0,차대차 - 추돌,안전운전불이행,건조,맑음,교차로 - 교차로부근,승용,남,30세,상해없음,화물,남,52세,경상
2018102800100533,2018년 10월 28일 23시,일요일,충청남도 서산시 석림동,부상신고사고,0,0,0,1,차량단독 - 공작물충돌,안전운전불이행,건조,맑음,단일로 - 기타,이륜,남,61세,부상신고,,,,
2018102900100035,2018년 10월 29일 05시,월요일,충청남도 천안시 서북구 두정동,중상사고,0,1,1,0,차대차 - 측면충돌,교차로운행방법위반,젖음/습기,비,교차로 - 교차로안,원동기,남,31세,중상,승용,남,32세,경상
2018102900100055,2018년 10월 29일 06시,월요일,충청남도 홍성군 홍성읍,중상사고,0,1,0,0,차대사람 - 횡단중,안전운전불이행,젖음/습기,흐림,단일로 - 기타,승용,여,68세,상해없음,보행자,남,80세,중상
2018102900100083,2018년 10월 29일 07시,월요일,충청남도 홍성군 갈산면,중상사고,0,1,0,0,차대차 - 추돌,안전운전불이행,건조,맑음,단일로 - 기타,이륜,남,23세,상해없음,건설기계,남,48세,상해없음
2018102900100203,2018년 10월 29일 10시,월요일,충청남도 천안시 서북구 불당동,경상사고,0,0,2,0,차대차 - 기타,안전운전불이행,건조,맑음,교차로 - 교차로안,승용,여,33세,상해없음,승용,남,31세,경상
2018102900100262,2018년 10월 29일 12시,월요일,충청남도 서산시 석림동,경상사고,0,0,1,0,차대차 - 추돌,안전거리미확보,건조,맑음,교차로 - 교차로안,승용,여,46세,상해없음,승용,남,47세,경상
2018102900100263,2018년 10월 29일 12시,월요일,충청남도 보령시 주교면,중상사고,0,1,1,0,차대차 - 정면충돌,중앙선침범,건조,맑음,단일로 - 기타,승용,남,52세,상해없음,승용,남,57세,경상
2018102900100300,2018년 10월 29일 13시,월요일,충청남도 예산군 예산읍,중상사고,0,1,0,0,차대차 - 추돌,직진우회전진행방해,건조,맑음,단일로 - 기타,화물,남,70세,상해없음,이륜,남,87세,중상
2018102900100379,2018년 10월 29일 15시,월요일,충청남도 천안시 서북구 백석동,경상사고,0,0,7,0,차대차 - 측면충돌,신호위반,건조,맑음,교차로 - 교차로안,화물,남,62세,상해없음,승용,남,45세,경상
2018102900100423,2018년 10월 29일 16시,월요일,충청남도 공주시 신관동,경상사고,0,0,1,0,차대차 - 측면충돌,차로위반,건조,흐림,단일로 - 기타,화물,남,58세,상해없음,승용,남,50세,경상
2018102900100424,2018년 10월 29일 16시,월요일,충청남도 공주시 웅진동,경상사고,0,0,1,0,차대차 - 추돌,안전운전불이행,건조,맑음,단일로 - 기타,승용,남,59세,상해없음,승용,남,43세,경상
2018102900100425,2018년 10월 29일 16시,월요일,충청남도 천안시 동남구 봉명동,중상사고,0,1,1,0,차대차 - 측면충돌,신호위반,건조,맑음,교차로 - 교차로안,이륜,남,65세,중상,승용,남,63세,경상
2018102900100463,2018년 10월 29일 17시,월요일,충청남도 천안시 서북구 성성동,경상사고,0,0,1,0,차대차 - 기타,안전운전불이행,건조,맑음,단일로 - 기타,화물,남,49세,상해없음,개인형이동수단(PM),남,34세,경상
2018102900100464,2018년 10월 29일 17시,월요일,충청남도 보령시 동대동,중상사고,0,1,0,0,차대차 - 추돌,안전운전불이행,건조,맑음,단일로 - 기타,화물,남,63세,상해없음,화물,남,48세,중상
2018102900100465,2018년 10월 29일 17시,월요일,충청남도 천안시 동남구 안서동,경상사고,0,0,1,0,차대사람 - 기타,안전운전불이행,건조,맑음,단일로 - 기타,승용,여,48세,상해없음,보행자,여,25세,경상
2018102900100518,2018년 10월 29일 18시,월요일,충청남도 서산시 예천동,중상사고,0,1,0,0,차대차 - 측면충돌,교차로운행방법위반,건조,맑음,교차로 - 교차로안,승용,남,49세,상해없음,승용,남,27세,중상
2018102900100519,2018년 10월 29일 18시,월요일,충청남도 아산시 둔포면,중상사고,0,1,0,0,차대차 - 기타,안전운전불이행,건조,맑음,교차로 - 교차로안,승용,여,25세,상해없음,이륜,남,17세,중상
2018102900100587,2018년 10월 29일 19시,월요일,충청남도 천안시 서북구 백석동,경상사고,0,0,2,0,차대차 - 기타,안전운전불이행,건조,맑음,단일로 - 기타,승용,여,27세,상해없음,승용,남,34세,경상
2018102900100638,2018년 10월 29일 21시,월요일,충청남도 당진시 시곡리,경상사고,0,0,1,0,차대차 - 추돌,안전운전불이행,건조,맑음,단일로 - 기타,승용,남,33세,상해없음,승용,남,57세,경상
2018102900100681,2018년 10월 29일 23시,월요일,충청남도 천안시 서북구 두정동,경상사고,0,0,2,0,차대차 - 기타,차로위반,건조,맑음,단일로 - 기타,승용,여,51세,상해없음,승용,남,27세,경상
2018103000100020,2018년 10월 30일 01시,화요일,충청남도 천안시 동남구 청당동,경상사고,0,0,1,0,차대차 - 추돌,안전운전불이행,건조,맑음,단일로 - 기타,승용,남,37세,상해없음,승용,여,28세,경상
2018103000100036,2018년 10월 30일 03시,화요일,충청남도 천안시 동남구 풍세면,중상사고,0,1,0,0,차대차 - 기타,안전운전불이행,건조,맑음,단일로 - 기타,화물,남,42세,상해없음,화물,남,61세,중상
2018103000100122,2018년 10월 30일 08시,화요일,충청남도 서산시 예천동,경상사고,0,0,1,0,차대차 - 측면충돌,불법유턴,건조,맑음,교차로 - 교차로부근,승용,남,35세,상해없음,승용,여,36세,경상
2018103000100123,2018년 10월 30일 08시,화요일,충청남도 홍성군 홍북읍,중상사고,0,1,0,0,차대차 - 측면충돌,중앙선침범,건조,맑음,단일로 - 기타,승용,남,29세,상해없음,승용,남,60세,중상
2018103000100177,2018년 10월 30일 09시,화요일,충청남도 예산군 예산읍,경상사고,0,0,1,0,차대차 - 측면충돌,안전운전불이행,건조,맑음,기타 - 기타,이륜,여,73세,경상,승용,여,47세,상해없음
2018103000100178,2018년 10월 30일 09시,화요일,충청남도 당진시 송악읍,경상사고,0,0,3,0,차대차 - 추돌,안전운전불이행,건조,맑음,단일로 - 기타,화물,남,39세,상해없음,화물,남,44세,경상
2018103000100209,2018년 10월 30일 10시,화요일,충청남도 서산시 음암면,중상사고,0,1,0,0,차대차 - 기타,중앙선침범,건조,맑음,단일로 - 기타,특수,남,56세,상해없음,승용,남,48세,중상
2018103000100210,2018년 10월 30일 10시,화요일,충청남도 천안시 서북구 부대동,경상사고,0,0,2,0,차대차 - 기타,안전거리미확보,건조,맑음,단일로 - 기타,특수,남,40세,상해없음,승용,남,21세,경상
2018103000100276,2018년 10월 30일 12시,화요일,충청남도 천안시 서북구 직산읍,중상사고,0,1,0,0,차대사람 - 기타,안전운전불이행,건조,맑음,단일로 - 기타,승용,여,30세,상해없음,보행자,남,84세,중상
2018103000100278,2018년 10월 30일 12시,화요일,충청남도 태안군 태안읍,중상사고,0,1,4,0,차대차 - 추돌,과속,건조,맑음,교차로 - 교차로부근,승용,남,61세,상해없음,승용,남,42세,상해없음
2018103000100306,2018년 10월 30일 13시,화요일,충청남도 서산시 잠홍동,중상사고,0,2,5,0,차대차 - 추돌,안전운전불이행,건조,맑음,교차로 - 교차로부근,승용,남,57세,상해없음,화물,남,56세,경상
2018103000100307,2018년 10월 30일 13시,화요일,충청남도 태안군 태안읍,경상사고,0,0,1,0,차대차 - 기타,안전운전불이행,건조,맑음,단일로 - 기타,농기계,남,70세,상해없음,승합,남,56세,상해없음
2018103000100382,2018년 10월 30일 15시,화요일,충청남도 논산시 성동면,중상사고,0,1,1,0,차대차 - 추돌,안전운전불이행,건조,맑음,단일로 - 기타,화물,남,48세,상해없음,화물,남,67세,경상
2018103000100468,2018년 10월 30일 17시,화요일,충청남도 천안시 서북구 두정동,경상사고,0,0,1,0,차대차 - 추돌,안전운전불이행,건조,맑음,교차로 - 교차로부근,승용,여,53세,상해없음,승용,여,49세,경상
2018103000100469,2018년 10월 30일 17시,화요일,충청남도 논산시 취암동,중상사고,0,1,0,0,차대차 - 측면충돌,안전운전불이행,건조,맑음,단일로 - 기타,승용,남,66세,상해없음,이륜,남,22세,중상
2018103000100470,2018년 10월 30일 17시,화요일,충청남도 예산군 예산읍,경상사고,0,0,1,0,차대차 - 측면충돌,직진우회전진행방해,건조,맑음,교차로 - 교차로안,승용,여,46세,상해없음,승용,여,46세,경상
2018103000100519,2018년 10월 30일 18시,화요일,충청남도 천안시 서북구 쌍용동,경상사고,0,0,1,0,차대차 - 기타,안전운전불이행,건조,맑음,단일로 - 기타,승합,남,62세,상해없음,승용,여,26세,경상
2018103000100520,2018년 10월 30일 18시,화요일,충청남도 예산군 예산읍,경상사고,0,0,1,0,차대차 - 기타,안전운전불이행,건조,맑음,기타 - 기타,이륜,남,20세,경상,승용,여,52세,상해없음
2018103000100521,2018년 10월 30일 18시,화요일,충청남도 예산군 예산읍,경상사고,0,0,2,0,차대차 - 추돌,안전운전불이행,건조,맑음,기타 - 기타,승용,남,72세,상해없음,승용,남,54세,경상
2018103000100522,2018년 10월 30일 18시,화요일,충청남도 천안시 동남구 북면,경상사고,0,0,1,0,차대차 - 추돌,안전거리미확보,건조,맑음,단일로 - 기타,승용,남,55세,상해없음,승용,남,40세,경상
2018103000100576,2018년 10월 30일 19시,화요일,충청남도 서산시 동문동,중상사고,0,1,0,0,차대차 - 기타,안전운전불이행,건조,맑음,단일로 - 기타,이륜,남,36세,중상,승용,남,34세,기타불명
2018103000100619,2018년 10월 30일 20시,화요일,충청남도 천안시 서북구 직산읍,경상사고,0,0,1,0,차대차 - 추돌,안전운전불이행,건조,맑음,교차로 - 교차로부근,승합,여,39세,상해없음,화물,남,36세,경상
2018103000100620,2018년 10월 30일 20시,화요일,충청남도 천안시 동남구 신방동,경상사고,0,0,2,0,차대차 - 기타,신호위반,건조,맑음,교차로 - 교차로안,승용,남,42세,상해없음,승용,여,39세,경상
2018103000100698,2018년 10월 30일 23시,화요일,충청남도 아산시 둔포면,경상사고,0,0,1,0,차대차 - 추돌,안전운전불이행,건조,맑음,단일로 - 기타,승용,남,49세,상해없음,화물,남,35세,경상
2018103100100011,2018년 10월 31일 00시,수요일,충청남도 천안시 서북구 성환읍,경상사고,0,0,1,0,차대차 - 기타,안전운전불이행,건조,맑음,단일로 - 기타,승용,남,42세,상해없음,승용,남,35세,경상
2018103100100044,2018년 10월 31일 04시,수요일,충청남도 천안시 동남구 신부동,중상사고,0,2,0,0,차대차 - 기타,안전운전불이행,건조,맑음,단일로 - 터널,승용,남,25세,상해없음,이륜,여,54세,중상
2018103100100066,2018년 10월 31일 06시,수요일,충청남도 홍성군 구항면,중상사고,0,2,0,0,차대차 - 측면충돌,교차로운행방법위반,건조,맑음,교차로 - 교차로안,승용,남,74세,상해없음,승합,남,57세,중상
2018103100100117,2018년 10월 31일 08시,수요일,충청남도 당진시 송악읍,경상사고,0,0,2,0,차대차 - 추돌,안전운전불이행,건조,맑음,단일로 - 기타,승용,남,31세,상해없음,화물,남,55세,경상
2018103100100118,2018년 10월 31일 08시,수요일,충청남도 천안시 동남구 신방동,경상사고,0,0,3,0,차대차 - 측면충돌,안전운전불이행,건조,맑음,단일로 - 기타,승용,남,46세,상해없음,승용,여,39세,경상
2018103100100189,2018년 10월 31일 10시,수요일,충청남도 천안시 서북구 직산읍,경상사고,0,0,1,0,차대차 - 측면충돌,안전운전불이행,건조,맑음,교차로 - 교차로부근,화물,남,52세,상해없음,승용,남,44세,경상
2018103100100190,2018년 10월 31일 10시,수요일,충청남도 부여군 부여읍,중상사고,0,1,0,0,차대차 - 추돌,안전운전불이행,건조,맑음,교차로 - 교차로부근,이륜,남,77세,중상,화물,남,71세,상해없음
2018103100100191,2018년 10월 31일 10시,수요일,충청남도 당진시 송악읍,경상사고,0,0,1,0,차대차 - 측면충돌,차로위반,건조,맑음,단일로 - 기타,화물,남,52세,상해없음,승용,여,30세,경상
2018103100100192,2018년 10월 31일 10시,수요일,충청남도 천안시 동남구 북면,경상사고,0,0,1,0,차대차 - 기타,안전운전불이행,건조,맑음,교차로 - 교차로부근,승용,남,64세,상해없음,승용,남,54세,상해없음
2018103100100226,2018년 10월 31일 11시,수요일,충청남도 천안시 서북구 성환읍,경상사고,0,0,1,0,차대차 - 기타,교차로운행방법위반,건조,맑음,교차로 - 교차로부근,화물,남,72세,상해없음,승용,여,42세,경상
2018103100100227,2018년 10월 31일 11시,수요일,충청남도 당진시 읍내리,경상사고,0,0,2,0,차대차 - 측면충돌,안전운전불이행,건조,맑음,교차로 - 교차로안,승용,여,53세,경상,승용,여,51세,경상
2018103100100259,2018년 10월 31일 12시,수요일,충청남도 금산군 금성면,경상사고,0,0,3,0,차대차 - 측면충돌,안전운전불이행,건조,맑음,교차로 - 교차로안,화물,남,51세,상해없음,승용,남,41세,경상
2018103100100294,2018년 10월 31일 13시,수요일,충청남도 천안시 서북구 두정동,경상사고,0,0,1,0,차대차 - 측면충돌,안전운전불이행,건조,맑음,단일로 - 기타,승용,남,31세,상해없음,승용,여,40세,경상
2018103100100295,2018년 10월 31일 13시,수요일,충청남도 홍성군 결성면,중상사고,0,1,0,0,차대차 - 기타,안전운전불이행,건조,맑음,단일로 - 기타,이륜,남,46세,중상,승용,남,48세,상해없음
2018103100100324,2018년 10월 31일 14시,수요일,충청남도 부여군 구룡면,중상사고,0,1,0,0,차대차 - 정면충돌,중앙선침범,건조,맑음,교차로 - 교차로부근,건설기계,남,64세,상해없음,이륜,남,75세,중상
2018103100100325,2018년 10월 31일 14시,수요일,충청남도 당진시 수청리,경상사고,0,0,2,0,차대차 - 추돌,안전운전불이행,건조,맑음,교차로 - 교차로부근,승용,남,74세,상해없음,승용,여,53세,경상
2018103100100326,2018년 10월 31일 14시,수요일,충청남도 천안시 동남구 삼룡동,경상사고,0,0,1,0,차대차 - 측면충돌,안전운전불이행,건조,맑음,교차로 - 교차로부근,승용,남,48세,상해없음,승용,남,70세,경상
2018103100100353,2018년 10월 31일 15시,수요일,충청남도 천안시 서북구 성거읍,중상사고,0,1,0,0,차대차 - 측면충돌,교차로운행방법위반,건조,맑음,교차로 - 교차로안,승합,남,38세,상해없음,기타불명,여,60세,중상
2018103100100401,2018년 10월 31일 16시,수요일,충청남도 홍성군 광천읍,중상사고,0,1,0,0,차대차 - 기타,안전운전불이행,건조,맑음,교차로 - 교차로안,화물,남,60세,중상,화물,남,56세,상해없음
2018103100100402,2018년 10월 31일 16시,수요일,충청남도 천안시 동남구 신방동,부상신고사고,0,0,0,1,차대차 - 측면충돌,안전운전불이행,건조,맑음,단일로 - 기타,원동기,남,32세,부상신고,화물,남,34세,상해없음
2018103100100403,2018년 10월 31일 16시,수요일,충청남도 태안군 원북면,중상사고,0,1,0,0,차대차 - 기타,안전운전불이행,건조,맑음,기타 - 기타,승용,여,35세,상해없음,이륜,여,70세,중상
2018103100100495,2018년 10월 31일 18시,수요일,충청남도 태안군 근흥면,중상사고,0,1,1,0,차대차 - 기타,안전운전불이행,건조,맑음,교차로 - 교차로안,승용,남,35세,경상,승용,남,38세,중상
2018103100100570,2018년 10월 31일 19시,수요일,충청남도 천안시 서북구 쌍용동,경상사고,0,0,1,0,차대차 - 추돌,안전거리미확보,건조,맑음,단일로 - 터널,화물,남,23세,상해없음,승용,여,39세,경상
2018103100100571,2018년 10월 31일 19시,수요일,충청남도 공주시 신풍면,중상사고,0,1,0,0,차대차 - 측면충돌,중앙선침범,건조,맑음,교차로 - 교차로부근,승용,여,56세,중상,화물,남,49세,상해없음
2018103100100626,2018년 10월 31일 21시,수요일,충청남도 서산시 해미면,중상사고,0,2,0,0,차대차 - 추돌,안전운전불이행,건조,맑음,교차로 - 교차로부근,승용,남,47세,중상,화물,남,76세,중상
2018103100100627,2018년 10월 31일 21시,수요일,충청남도 공주시 이인면,경상사고,0,0,1,0,차량단독 - 도로외이탈 - 기타,기타,건조,맑음,기타 - 기타,승용,남,39세,경상,,,,
2018103100100628,2018년 10월 31일 21시,수요일,충청남도 천안시 동남구 신방동,경상사고,0,0,1,0,차대차 - 측면충돌,직진우회전진행방해,건조,맑음,교차로 - 교차로안,승용,남,69세,상해없음,승용,여,26세,경상
2018103100100651,2018년 10월 31일 22시,수요일,충청남도 천안시 서북구 성성동,중상사고,0,2,0,0,차대차 - 기타,중앙선침범,건조,맑음,단일로 - 기타,승용,남,21세,상해없음,승용,남,45세,중상
2018103100100652,2018년 10월 31일 22시,수요일,충청남도 천안시 서북구 불당동,중상사고,0,1,0,0,차대차 - 측면충돌,신호위반,건조,맑음,교차로 - 교차로안,화물,남,43세,상해없음,승용,남,35세,상해없음
2018103100100653,2018년 10월 31일 22시,수요일,충청남도 천안시 서북구 성정동,중상사고,0,1,0,0,차대차 - 측면충돌,교차로운행방법위반,건조,맑음,교차로 - 교차로안,승용,여,40세,상해없음,이륜,남,21세,중상
2018103100100654,2018년 10월 31일 22시,수요일,충청남도 천안시 동남구 목천읍,경상사고,0,0,1,0,차대차 - 측면충돌,안전운전불이행,건조,맑음,주차장 - 주차장,승용,남,38세,상해없음,승용,남,29세,경상
2018110100100035,2018년 11월 1일 03시,목요일,충청남도 천안시 서북구 백석동,중상사고,0,1,1,0,차대차 - 측면충돌,안전운전불이행,건조,맑음,교차로 - 교차로안,승용,남,21세,중상,화물,남,36세,경상
2018110100100059,2018년 11월 1일 06시,목요일,충청남도 서산시 대산읍,중상사고,0,1,0,0,차대차 - 측면충돌,교차로운행방법위반,건조,맑음,교차로 - 교차로안,승용,여,38세,중상,승용,남,57세,상해없음
2018110100100123,2018년 11월 1일 08시,목요일,충청남도 천안시 동남구 안서동,경상사고,0,0,1,0,차대사람 - 기타,안전운전불이행,건조,맑음,단일로 - 기타,승용,여,40세,상해없음,보행자,남,19세,경상
2018110100100204,2018년 11월 1일 10시,목요일,충청남도 서산시 운산면,중상사고,0,1,0,0,차대차 - 측면충돌,안전운전불이행,건조,맑음,교차로 - 교차로부근,원동기,남,54세,중상,화물,남,65세,상해없음
2018110100100205,2018년 11월 1일 10시,목요일,충청남도 아산시 방축동,중상사고,0,1,1,0,차대차 - 기타,안전운전불이행,건조,맑음,교차로 - 교차로부근,화물,남,59세,상해없음,화물,남,69세,중상
2018110100100206,2018년 11월 1일 10시,목요일,충청남도 보령시 성주면,경상사고,0,0,1,0,차대사람 - 기타,안전운전불이행,건조,맑음,단일로 - 기타,이륜,남,51세,상해없음,보행자,여,51세,경상
2018110100100270,2018년 11월 1일 12시,목요일,충청남도 서산시 지곡면,중상사고,0,1,0,0,차량단독 - 전도전복 - 전도,안전운전불이행,건조,맑음,단일로 - 기타,이륜,남,88세,중상,미분류,미분류,미분류,미분류
2018110100100271,2018년 11월 1일 12시,목요일,충청남도 천안시 서북구 차암동,중상사고,0,1,0,0,차대차 - 기타,직진우회전진행방해,건조,맑음,교차로 - 교차로안,승용,여,49세,상해없음,승용,남,40세,중상
2018110100100272,2018년 11월 1일 12시,목요일,충청남도 보령시 웅천읍,중상사고,0,2,1,0,차대사람 - 횡단중,보행자보호의무위반,건조,맑음,교차로 - 교차로안,화물,남,62세,상해없음,보행자,여,24세,중상
2018110100100377,2018년 11월 1일 15시,목요일,충청남도 천안시 서북구 불당동,경상사고,0,0,1,0,차대차 - 기타,안전거리미확보,건조,맑음,교차로 - 교차로부근,승용,여,29세,상해없음,승합,여,49세,경상
2018110100100378,2018년 11월 1일 15시,목요일,충청남도 아산시 둔포면,부상신고사고,0,0,0,1,차대차 - 기타,신호위반,건조,맑음,교차로 - 교차로횡단보도내,이륜,남,79세,부상신고,승용,여,59세,상해없음