사고번호,사고일시,요일,시군구,사고내용,사망자수,중상자수,경상자수,부상신고자수,사고유형,법규위반,노면상태,기상상태,도로형태,가해운전자 차종,가해운전자 성별,가해운전자 연령,가해운전자 상해정도,피해운전자 차종,피해운전자 성별,피해운전자 연령,피해운전자 상해정도
2018110100100379,2018년 11월 1일 15시,목요일,충청남도 아산시 탕정면,중상사고,0,2,0,0,차대차 - 측면충돌,안전운전불이행,건조,맑음,단일로 - 기타,승합,남,46세,상해없음,승용,남,58세,중상
2018110100100380,2018년 11월 1일 15시,목요일,충청남도 천안시 동남구 삼룡동,경상사고,0,0,2,0,차대차 - 추돌,안전운전불이행,건조,맑음,단일로 - 기타,승용,남,45세,상해없음,승용,여,57세,경상
2018110100100381,2018년 11월 1일 15시,목요일,충청남도 태안군 소원면,중상사고,0,1,1,0,차대차 - 측면충돌,신호위반,건조,맑음,교차로 - 교차로안,승용,여,66세,경상,승용,여,69세,중상
2018110100100464,2018년 11월 1일 17시,목요일,충청남도 부여군 부여읍,경상사고,0,0,2,0,차대차 - 측면충돌,신호위반,건조,맑음,교차로 - 교차로안,화물,남,66세,상해없음,승용,남,52세,경상
2018110100100516,2018년 11월 1일 18시,목요일,충청남도 서산시 예천동,중상사고,0,1,0,0,차대차 - 기타,안전거리미확보,건조,맑음,단일로 - 기타,승용,남,59세,상해없음,승용,여,42세,상해없음
2018110100100570,2018년 11월 1일 19시,목요일,충청남도 천안시 동남구 구성동,중상사고,0,2,0,0,차대사람 - 기타,신호위반,건조,맑음,단일로 - 기타,승용,남,66세,상해없음,보행자,여,42세,중상
2018110100100603,2018년 11월 1일 20시,목요일,충청남도 천안시 서북구 쌍용동,경상사고,0,0,2,0,차대차 - 측면충돌,신호위반,건조,맑음,교차로 - 교차로안,승용,여,49세,상해없음,승용,남,70세,경상
2018110100100604,2018년 11월 1일 20시,목요일,충청남도 계룡시 엄사면,경상사고,0,0,1,0,차대사람 - 기타,안전운전불이행,젖음/습기,비,교차로 - 교차로안,승합,남,59세,상해없음,보행자,여,69세,경상
2018110100100637,2018년 11월 1일 21시,목요일,충청남도 천안시 서북구 쌍용동,경상사고,0,0,1,0,차대사람 - 보도통행중,기타,건조,맑음,단일로 - 기타,승용,남,51세,상해없음,보행자,남,48세,경상
2018110200100020,2018년 11월 2일 01시,금요일,충청남도 천안시 서북구 성정동,중상사고,0,1,0,0,차대차 - 기타,안전거리미확보,건조,맑음,교차로 - 교차로부근,이륜,남,29세,중상,승용,남,28세,상해없음
2018110200100035,2018년 11월 2일 02시,금요일,충청남도 공주시 우성면,중상사고,0,1,0,0,차대차 - 추돌,안전운전불이행,건조,맑음,단일로 - 기타,화물,남,46세,상해없음,화물,남,44세,중상
2018110200100049,2018년 11월 2일 04시,금요일,충청남도 금산군 금산읍,경상사고,0,0,1,0,차대차 - 추돌,안전운전불이행,건조,맑음,교차로 - 교차로안,승용,남,35세,상해없음,화물,남,43세,경상
2018110200100071,2018년 11월 2일 06시,금요일,충청남도 천안시 서북구 불당동,사망사고,1,1,0,0,차대차 - 측면충돌,신호위반,건조,흐림,교차로 - 교차로안,화물,남,67세,사망,승용,남,41세,중상
2018110200100072,2018년 11월 2일 06시,금요일,충청남도 천안시 서북구 직산읍,경상사고,0,0,1,0,차대차 - 측면충돌,교차로운행방법위반,건조,맑음,교차로 - 교차로안,농기계,남,85세,상해없음,승용,남,55세,경상
2018110200100073,2018년 11월 2일 06시,금요일,충청남도 금산군 금산읍,경상사고,0,0,1,0,차대사람 - 기타,안전운전불이행,건조,맑음,단일로 - 기타,화물,남,46세,상해없음,보행자,남,46세,경상
2018110200100082,2018년 11월 2일 07시,금요일,충청남도 천안시 서북구 성거읍,중상사고,0,1,1,0,차대차 - 추돌,과속,건조,맑음,단일로 - 기타,승용,남,56세,경상,승용,남,72세,중상
2018110200100083,2018년 11월 2일 07시,금요일,충청남도 천안시 서북구 성환읍,사망사고,1,0,0,0,차대차 - 측면충돌,중앙선침범,건조,맑음,교차로 - 교차로부근,승용,여,58세,상해없음,원동기,여,63세,사망
2018110200100084,2018년 11월 2일 07시,금요일,충청남도 보령시 대천동,중상사고,0,1,0,0,차대사람 - 횡단중,안전운전불이행,건조,맑음,단일로 - 기타,승용,남,57세,상해없음,보행자,여,88세,중상
2018110200100085,2018년 11월 2일 07시,금요일,충청남도 예산군 신암면,중상사고,0,1,0,0,차대차 - 정면충돌,중앙선침범,건조,맑음,단일로 - 기타,이륜,남,50세,상해없음,이륜,남,30세,중상
2018110200100131,2018년 11월 2일 08시,금요일,충청남도 서산시 예천동,경상사고,0,0,1,0,차대차 - 측면충돌,안전운전불이행,건조,맑음,교차로 - 교차로부근,승용,여,36세,상해없음,자전거,남,20세,경상
2018110200100132,2018년 11월 2일 08시,금요일,충청남도 천안시 서북구 성거읍,경상사고,0,0,1,0,차대차 - 추돌,안전운전불이행,건조,맑음,단일로 - 기타,승용,남,35세,상해없음,화물,남,57세,경상
2018110200100133,2018년 11월 2일 08시,금요일,충청남도 보령시 명천동,중상사고,0,1,0,0,차대사람 - 횡단중,안전운전불이행,건조,맑음,교차로 - 교차로안,승용,남,55세,상해없음,보행자,남,58세,중상
2018110200100219,2018년 11월 2일 10시,금요일,충청남도 아산시 음봉면,부상신고사고,0,0,0,1,차대차 - 측면충돌,안전운전불이행,건조,맑음,단일로 - 기타,승용,여,80세,부상신고,건설기계,남,55세,상해없음
2018110200100425,2018년 11월 2일 15시,금요일,충청남도 서천군 서천읍,중상사고,0,1,1,0,차대차 - 측면충돌,안전운전불이행,건조,맑음,교차로 - 교차로안,승용,여,46세,상해없음,원동기,남,73세,경상
2018110200100428,2018년 11월 2일 15시,금요일,충청남도 서산시 운산면,중상사고,0,2,6,0,차대차 - 추돌,안전운전불이행,건조,맑음,단일로 - 기타,승용,남,39세,상해없음,승용,남,58세,경상
2018110200100474,2018년 11월 2일 16시,금요일,충청남도 아산시 영인면,중상사고,0,1,0,0,차량단독 - 도로외이탈 - 추락,안전운전불이행,건조,맑음,기타 - 기타,농기계,남,83세,중상,,,,
2018110200100537,2018년 11월 2일 17시,금요일,충청남도 공주시 탄천면,중상사고,0,1,0,0,차대차 - 측면충돌,중앙선침범,건조,맑음,단일로 - 기타,화물,남,72세,상해없음,이륜,남,70세,중상
2018110200100601,2018년 11월 2일 18시,금요일,충청남도 천안시 서북구 불당동,경상사고,0,0,4,0,차대차 - 측면충돌,교차로운행방법위반,건조,맑음,단일로 - 기타,승용,여,43세,상해없음,승용,남,41세,경상
2018110200100602,2018년 11월 2일 18시,금요일,충청남도 아산시 득산동,중상사고,0,1,0,0,차대사람 - 기타,안전운전불이행,건조,맑음,단일로 - 기타,기타불명,기타불명,미분류,기타불명,보행자,남,58세,중상
2018110200100603,2018년 11월 2일 18시,금요일,충청남도 보령시 대천동,경상사고,0,0,2,0,차대차 - 측면충돌,안전운전불이행,건조,맑음,교차로 - 교차로부근,승용,남,59세,상해없음,자전거,여,35세,경상
2018110200100604,2018년 11월 2일 18시,금요일,충청남도 당진시 합덕읍,중상사고,0,1,0,0,차대사람 - 기타,안전운전불이행,건조,맑음,교차로 - 교차로안,승용,남,50세,상해없음,보행자,여,81세,중상
2018110200100605,2018년 11월 2일 18시,금요일,충청남도 당진시 송산면,중상사고,0,1,0,0,차대사람 - 횡단중,보행자보호의무위반,건조,맑음,교차로 - 교차로횡단보도내,승용,남,34세,상해없음,보행자,남,80세,중상
2018110200100606,2018년 11월 2일 18시,금요일,충청남도 태안군 근흥면,경상사고,0,0,3,0,차대차 - 기타,안전운전불이행,건조,흐림,교차로 - 교차로부근,승용,남,57세,상해없음,승용,여,50세,경상
2018110200100679,2018년 11월 2일 19시,금요일,충청남도 당진시 석문면,중상사고,0,1,0,0,차대차 - 기타,교차로운행방법위반,건조,맑음,교차로 - 교차로안,승용,남,53세,상해없음,승용,남,24세,중상
2018110200100727,2018년 11월 2일 20시,금요일,충청남도 공주시 정안면,중상사고,0,1,1,0,차대차 - 정면충돌,중앙선침범,건조,맑음,단일로 - 기타,승용,여,25세,상해없음,승용,남,42세,경상
2018110200100728,2018년 11월 2일 20시,금요일,충청남도 태안군 소원면,중상사고,0,1,1,0,차대차 - 기타,교차로운행방법위반,건조,흐림,교차로 - 교차로안,승용,남,27세,상해없음,승용,여,58세,경상
2018110200100804,2018년 11월 2일 22시,금요일,충청남도 천안시 서북구 두정동,경상사고,0,0,1,0,차대차 - 기타,기타,건조,맑음,단일로 - 기타,승용,남,60세,상해없음,이륜,남,27세,경상
2018110200100805,2018년 11월 2일 22시,금요일,충청남도 공주시 신관동,중상사고,0,1,1,0,차대사람 - 횡단중,안전운전불이행,건조,맑음,교차로 - 교차로부근,승용,남,58세,상해없음,보행자,남,45세,경상
2018110200100833,2018년 11월 2일 23시,금요일,충청남도 천안시 동남구 신부동,경상사고,0,0,2,0,차대차 - 추돌,안전운전불이행,건조,맑음,교차로 - 교차로부근,승합,남,63세,상해없음,승용,여,45세,경상
2018110300100009,2018년 11월 3일 00시,토요일,충청남도 아산시 배방읍,경상사고,0,0,1,0,차대차 - 측면충돌,안전운전불이행,건조,맑음,교차로 - 교차로안,승용,남,44세,상해없음,승용,남,51세,경상
2018110300100024,2018년 11월 3일 01시,토요일,충청남도 당진시 용연리,중상사고,0,1,0,0,차대차 - 기타,안전거리미확보,건조,맑음,단일로 - 기타,화물,남,38세,상해없음,승용,여,46세,중상
2018110300100045,2018년 11월 3일 02시,토요일,충청남도 천안시 동남구 목천읍,경상사고,0,0,2,0,차대차 - 측면충돌,중앙선침범,건조,맑음,단일로 - 기타,승용,남,26세,상해없음,승용,남,45세,경상
2018110300100060,2018년 11월 3일 04시,토요일,충청남도 아산시 둔포면,부상신고사고,0,0,0,1,차대차 - 측면충돌,안전운전불이행,건조,맑음,교차로 - 교차로안,기타불명,기타불명,미분류,기타불명,승용,여,38세,부상신고
2018110300100105,2018년 11월 3일 07시,토요일,충청남도 예산군 예산읍,중상사고,0,1,0,0,차대차 - 측면충돌,안전운전불이행,건조,맑음,단일로 - 기타,화물,남,50세,상해없음,이륜,남,60세,중상
2018110300100121,2018년 11월 3일 08시,토요일,충청남도 서산시 운산면,중상사고,0,2,0,0,차대차 - 정면충돌,안전운전불이행,건조,맑음,단일로 - 기타,이륜,남,81세,중상,화물,남,58세,상해없음
2018110300100149,2018년 11월 3일 09시,토요일,충청남도 논산시 연무읍,경상사고,0,0,1,0,차대차 - 측면충돌,안전운전불이행,건조,맑음,교차로 - 교차로안,승용,남,54세,상해없음,승용,여,48세,경상
2018110300100150,2018년 11월 3일 09시,토요일,충청남도 서천군 마서면,중상사고,0,1,0,0,차대차 - 측면충돌,안전운전불이행,건조,맑음,단일로 - 기타,화물,여,58세,상해없음,원동기,남,85세,중상
2018110300100174,2018년 11월 3일 10시,토요일,충청남도 서산시 성연면,중상사고,0,2,1,1,차대차 - 측면충돌,신호위반,건조,맑음,교차로 - 교차로안,승용,여,58세,경상,승용,남,33세,중상
2018110300100267,2018년 11월 3일 12시,토요일,충청남도 천안시 서북구 입장면,경상사고,0,0,1,0,차대차 - 추돌,안전거리미확보,건조,맑음,교차로 - 교차로부근,건설기계,남,52세,상해없음,승용,여,57세,경상
2018110300100268,2018년 11월 3일 12시,토요일,충청남도 공주시 신관동,중상사고,0,3,2,0,차대차 - 추돌,안전운전불이행,건조,흐림,교차로 - 교차로부근,승합,남,58세,상해없음,승용,남,78세,경상
2018110300100382,2018년 11월 3일 15시,토요일,충청남도 서산시 잠홍동,경상사고,0,0,3,0,차대차 - 추돌,안전운전불이행,건조,맑음,교차로 - 교차로부근,화물,남,58세,상해없음,승용,남,40세,경상
2018110300100383,2018년 11월 3일 15시,토요일,충청남도 천안시 서북구 두정동,경상사고,0,0,1,0,차대사람 - 보도통행중,기타,건조,맑음,교차로 - 교차로부근,화물,남,21세,상해없음,보행자,여,25세,경상
2018110300100384,2018년 11월 3일 15시,토요일,충청남도 서천군 화양면,중상사고,0,1,0,1,차대차 - 측면충돌,직진우회전진행방해,건조,맑음,교차로 - 교차로안,화물,여,60세,부상신고,화물,남,65세,상해없음
2018110300100385,2018년 11월 3일 15시,토요일,충청남도 천안시 동남구 성남면,경상사고,0,0,3,0,차대차 - 후진중충돌,안전운전불이행,건조,맑음,기타 - 기타,승용,여,62세,상해없음,승용,남,24세,경상
2018110300100420,2018년 11월 3일 16시,토요일,충청남도 천안시 서북구 두정동,경상사고,0,0,1,0,차대차 - 기타,신호위반,건조,맑음,교차로 - 교차로안,승용,남,50세,상해없음,승용,남,25세,경상
2018110300100422,2018년 11월 3일 16시,토요일,충청남도 천안시 동남구 신부동,경상사고,0,0,2,0,차대차 - 추돌,안전운전불이행,건조,맑음,교차로 - 교차로부근,승용,남,57세,상해없음,승용,여,31세,경상
2018110300100513,2018년 11월 3일 18시,토요일,충청남도 보령시 천북면,경상사고,0,0,1,0,차대사람 - 길가장자리구역통행중,안전운전불이행,건조,맑음,단일로 - 기타,화물,남,56세,상해없음,보행자,남,52세,경상
2018110300100514,2018년 11월 3일 18시,토요일,충청남도 당진시 석문면,중상사고,0,1,0,0,차대사람 - 기타,안전운전불이행,건조,맑음,단일로 - 기타,승용,남,34세,상해없음,보행자,남,60세,중상
2018110300100515,2018년 11월 3일 18시,토요일,충청남도 천안시 동남구 청수동,경상사고,0,0,2,0,차대차 - 측면충돌,안전운전불이행,건조,맑음,단일로 - 기타,승용,남,32세,상해없음,승용,여,45세,경상
2018110300100562,2018년 11월 3일 19시,토요일,충청남도 당진시 석문면,중상사고,0,1,2,0,차량단독 - 기타,안전운전불이행,건조,맑음,기타 - 기타,승용,남,60세,상해없음,,,,
2018110300100589,2018년 11월 3일 20시,토요일,충청남도 서산시 해미면,중상사고,0,1,0,0,차대차 - 측면충돌,직진우회전진행방해,건조,맑음,교차로 - 교차로안,승용,남,24세,상해없음,이륜,남,76세,중상
2018110300100590,2018년 11월 3일 20시,토요일,충청남도 서산시 예천동,중상사고,0,1,0,0,차대차 - 측면충돌,직진우회전진행방해,건조,맑음,교차로 - 교차로안,승용,남,68세,상해없음,이륜,남,21세,중상
2018110300100626,2018년 11월 3일 22시,토요일,충청남도 천안시 서북구 두정동,중상사고,0,1,0,0,차대차 - 측면충돌,차로위반,건조,맑음,단일로 - 기타,승용,남,41세,상해없음,이륜,남,26세,중상
2018110400100005,2018년 11월 4일 00시,일요일,충청남도 당진시 원당리,경상사고,0,0,2,0,차대차 - 추돌,안전운전불이행,건조,맑음,단일로 - 기타,승용,남,27세,상해없음,승용,남,46세,경상
2018110400100039,2018년 11월 4일 02시,일요일,충청남도 천안시 서북구 두정동,경상사고,0,0,1,0,차대사람 - 기타,안전운전불이행,건조,맑음,교차로 - 교차로안,화물,남,28세,상해없음,보행자,남,18세,경상
2018110400100061,2018년 11월 4일 05시,일요일,충청남도 천안시 서북구 두정동,부상신고사고,0,0,0,1,차대사람 - 길가장자리구역통행중,안전운전불이행,건조,맑음,단일로 - 기타,승용,남,19세,상해없음,보행자,남,19세,부상신고
2018110400100076,2018년 11월 4일 06시,일요일,충청남도 예산군 예산읍,경상사고,0,0,1,0,차대차 - 정면충돌,신호위반,건조,맑음,교차로 - 교차로안,화물,남,47세,상해없음,승용,여,63세,경상
2018110400100096,2018년 11월 4일 08시,일요일,충청남도 금산군 추부면,경상사고,0,0,2,0,차대차 - 정면충돌,안전운전불이행,젖음/습기,흐림,단일로 - 기타,승용,여,64세,경상,승용,여,59세,경상
2018110400100199,2018년 11월 4일 12시,일요일,충청남도 아산시 읍내동,경상사고,0,0,2,0,차대차 - 기타,안전운전불이행,건조,맑음,단일로 - 기타,승용,남,28세,상해없음,승용,남,24세,경상
2018110400100200,2018년 11월 4일 12시,일요일,충청남도 서천군 장항읍,경상사고,0,0,2,0,차대차 - 추돌,안전운전불이행,건조,맑음,교차로 - 교차로안,승용,남,59세,상해없음,승용,여,37세,경상
2018110400100227,2018년 11월 4일 13시,일요일,충청남도 서산시 고북면,경상사고,0,0,3,1,차대차 - 추돌,안전거리미확보,건조,맑음,교차로 - 교차로부근,승용,여,67세,부상신고,승용,여,41세,경상
2018110400100229,2018년 11월 4일 13시,일요일,충청남도 천안시 동남구 목천읍,중상사고,0,1,2,0,차대차 - 추돌,안전거리미확보,건조,맑음,단일로 - 기타,승용,남,71세,상해없음,승용,남,35세,중상
2018110400100266,2018년 11월 4일 14시,일요일,충청남도 예산군 삽교읍,경상사고,0,0,1,0,차대차 - 측면충돌,교차로운행방법위반,건조,맑음,교차로 - 교차로안,승용,남,24세,상해없음,승용,남,18세,경상
2018110400100299,2018년 11월 4일 15시,일요일,충청남도 서산시 읍내동,경상사고,0,0,1,0,차대차 - 추돌,신호위반,건조,맑음,교차로 - 교차로안,승용,여,48세,상해없음,특수,남,60세,경상
2018110400100300,2018년 11월 4일 15시,일요일,충청남도 당진시 읍내리,중상사고,0,1,0,0,차대사람 - 기타,안전운전불이행,건조,맑음,단일로 - 기타,승용,여,51세,상해없음,보행자,남,68세,중상
2018110400100372,2018년 11월 4일 17시,일요일,충청남도 예산군 신양면,중상사고,0,2,0,0,차대차 - 정면충돌,중앙선침범,건조,맑음,단일로 - 기타,승용,남,27세,상해없음,승용,여,75세,중상
2018110400100405,2018년 11월 4일 18시,일요일,충청남도 서산시 해미면,경상사고,0,0,4,0,차대차 - 추돌,안전거리미확보,건조,맑음,단일로 - 기타,승용,남,67세,상해없음,승용,여,43세,경상
2018110400100406,2018년 11월 4일 18시,일요일,충청남도 서산시 오남동,중상사고,0,2,0,0,차대차 - 추돌,안전운전불이행,건조,맑음,단일로 - 기타,승용,남,37세,상해없음,농기계,남,68세,중상
2018110400100407,2018년 11월 4일 18시,일요일,충청남도 부여군 외산면,부상신고사고,0,0,0,1,차량단독 - 도로외이탈 - 기타,안전운전불이행,건조,기타,단일로 - 기타,이륜,남,50세,부상신고,,,,
2018110400100450,2018년 11월 4일 19시,일요일,충청남도 부여군 부여읍,사망사고,1,0,1,0,차대차 - 정면충돌,중앙선침범,건조,맑음,기타 - 기타,이륜,남,79세,사망,승용,여,60세,상해없음
2018110400100523,2018년 11월 4일 22시,일요일,충청남도 천안시 서북구 불당동,경상사고,0,0,1,0,차대차 - 추돌,안전운전불이행,건조,맑음,교차로 - 교차로부근,승용,남,25세,상해없음,승용,남,36세,경상
2018110500100014,2018년 11월 5일 01시,월요일,충청남도 공주시 정안면,경상사고,0,0,3,0,차대차 - 추돌,안전운전불이행,건조,맑음,단일로 - 기타,승용,남,22세,경상,승용,남,22세,경상
2018110500100015,2018년 11월 5일 01시,월요일,충청남도 태안군 태안읍,사망사고,1,0,0,1,차대차 - 정면충돌,중앙선침범,건조,흐림,단일로 - 기타,사륜오토바이(ATV),남,77세,사망,승용,남,48세,상해없음
2018110500100023,2018년 11월 5일 02시,월요일,충청남도 서산시 동문동,경상사고,0,0,2,0,차대차 - 측면충돌,교차로운행방법위반,건조,맑음,교차로 - 교차로안,승용,남,33세,상해없음,승용,여,54세,경상
2018110500100054,2018년 11월 5일 06시,월요일,충청남도 공주시 금흥동,중상사고,0,1,0,0,차대차 - 측면충돌,신호위반,건조,맑음,교차로 - 교차로안,승용,남,44세,상해없음,승용,남,70세,중상
2018110500100080,2018년 11월 5일 07시,월요일,충청남도 아산시 온천동,경상사고,0,0,1,0,차대차 - 기타,안전운전불이행,건조,맑음,교차로 - 교차로안,기타불명,기타불명,미분류,기타불명,승용,여,30세,경상
2018110500100081,2018년 11월 5일 07시,월요일,충청남도 태안군 태안읍,중상사고,0,3,0,0,차대차 - 추돌,안전거리미확보,기타,안개,단일로 - 기타,화물,남,54세,상해없음,화물,남,42세,상해없음
2018110500100157,2018년 11월 5일 09시,월요일,충청남도 공주시 정안면,중상사고,0,1,0,0,차량단독 - 기타,안전운전불이행,건조,맑음,단일로 - 기타,승합,남,59세,상해없음,,,,
2018110500100158,2018년 11월 5일 09시,월요일,충청남도 천안시 동남구 용곡동,중상사고,0,1,0,0,차대차 - 측면충돌,교차로운행방법위반,건조,맑음,교차로 - 교차로안,승용,남,37세,상해없음,이륜,여,53세,중상
2018110500100197,2018년 11월 5일 10시,월요일,충청남도 서천군 마서면,중상사고,0,1,0,0,차대차 - 측면충돌,직진우회전진행방해,건조,맑음,교차로 - 교차로부근,화물,여,44세,상해없음,자전거,여,65세,중상
2018110500100198,2018년 11월 5일 10시,월요일,충청남도 예산군 삽교읍,경상사고,0,0,2,0,차대차 - 기타,안전거리미확보,건조,맑음,교차로 - 교차로부근,이륜,남,79세,경상,승용,남,22세,경상
2018110500100199,2018년 11월 5일 10시,월요일,충청남도 천안시 동남구 목천읍,경상사고,0,0,1,0,차대차 - 기타,안전운전불이행,건조,맑음,단일로 - 기타,화물,남,58세,상해없음,승합,남,47세,상해없음
2018110500100237,2018년 11월 5일 11시,월요일,충청남도 천안시 서북구 성정동,경상사고,0,0,2,0,차대차 - 측면충돌,안전운전불이행,건조,맑음,교차로 - 교차로안,승용,남,50세,경상,승용,여,54세,경상
2018110500100238,2018년 11월 5일 11시,월요일,충청남도 공주시 정안면,경상사고,0,0,1,0,차대차 - 측면충돌,안전운전불이행,건조,맑음,단일로 - 기타,이륜,남,73세,경상,승용,남,52세,상해없음
2018110500100309,2018년 11월 5일 13시,월요일,충청남도 천안시 서북구 성환읍,경상사고,0,0,1,0,차대차 - 추돌,안전운전불이행,건조,맑음,단일로 - 기타,이륜,남,18세,경상,화물,남,50세,상해없음
2018110500100310,2018년 11월 5일 13시,월요일,충청남도 천안시 서북구 성정동,경상사고,0,0,1,0,차대차 - 측면충돌,안전운전불이행,건조,맑음,단일로 - 기타,승합,남,53세,상해없음,승합,남,58세,상해없음
2018110500100342,2018년 11월 5일 14시,월요일,충청남도 서산시 동문동,중상사고,0,1,3,0,차대차 - 측면충돌,직진우회전진행방해,건조,맑음,교차로 - 교차로안,승용,남,72세,중상,승용,여,63세,경상
2018110500100343,2018년 11월 5일 14시,월요일,충청남도 서산시 읍내동,경상사고,0,0,2,0,차대차 - 측면충돌,안전운전불이행,건조,맑음,교차로 - 교차로부근,화물,남,60세,상해없음,승용,남,45세,경상
2018110500100344,2018년 11월 5일 14시,월요일,충청남도 천안시 서북구 쌍용동,경상사고,0,0,3,0,차대차 - 측면충돌,안전운전불이행,건조,맑음,교차로 - 교차로안,승용,남,61세,경상,승용,남,54세,경상
2018110500100345,2018년 11월 5일 14시,월요일,충청남도 논산시 화지동,중상사고,0,1,0,0,차대사람 - 길가장자리구역통행중,안전운전불이행,건조,맑음,단일로 - 기타,승용,남,72세,상해없음,보행자,여,79세,중상
2018110500100381,2018년 11월 5일 15시,월요일,충청남도 당진시 읍내리,중상사고,0,1,0,0,차대사람 - 횡단중,보행자보호의무위반,건조,맑음,교차로 - 교차로안,화물,남,72세,상해없음,보행자,여,77세,중상
2018110500100382,2018년 11월 5일 15시,월요일,충청남도 금산군 금산읍,경상사고,0,0,1,0,차대사람 - 차도통행중,안전운전불이행,건조,맑음,단일로 - 기타,승용,여,46세,상해없음,보행자,남,58세,경상
2018110500100420,2018년 11월 5일 16시,월요일,충청남도 서산시 음암면,중상사고,0,1,0,0,차대차 - 추돌,차로위반,건조,맑음,교차로 - 교차로안,화물,남,84세,중상,건설기계,남,53세,상해없음
2018110500100421,2018년 11월 5일 16시,월요일,충청남도 공주시 탄천면,경상사고,0,0,1,0,차대차 - 측면충돌,안전운전불이행,건조,맑음,단일로 - 기타,원동기,남,73세,경상,승용,남,58세,상해없음
2018110500100422,2018년 11월 5일 16시,월요일,충청남도 천안시 동남구 영성동,중상사고,0,1,0,0,차대차 - 후진중충돌,안전운전불이행,건조,맑음,단일로 - 기타,승용,남,51세,상해없음,자전거,남,62세,중상
2018110500100423,2018년 11월 5일 16시,월요일,충청남도 천안시 동남구 목천읍,경상사고,0,0,1,0,차대사람 - 보도통행중,기타,건조,맑음,기타 - 기타,화물,남,42세,상해없음,보행자,여,32세,경상
2018110500100527,2018년 11월 5일 18시,월요일,충청남도 아산시 배방읍,중상사고,0,1,2,0,차대차 - 기타,안전운전불이행,건조,맑음,교차로 - 교차로부근,이륜,남,71세,중상,승용,남,27세,경상
2018110500100529,2018년 11월 5일 18시,월요일,충청남도 당진시 채운동,경상사고,0,0,1,0,차대차 - 측면충돌,안전운전불이행,건조,맑음,단일로 - 기타,개인형이동수단(PM),남,25세,경상,승용,남,45세,상해없음
2018110500100636,2018년 11월 5일 21시,월요일,충청남도 아산시 배방읍,경상사고,0,0,1,0,차대차 - 측면충돌,안전운전불이행,건조,맑음,단일로 - 기타,승용,남,29세,상해없음,승용,남,32세,기타불명
2018110600100019,2018년 11월 6일 02시,화요일,충청남도 당진시 대덕리,중상사고,0,1,0,0,차대사람 - 기타,안전운전불이행,젖음/습기,흐림,단일로 - 기타,승용,남,55세,상해없음,보행자,남,62세,중상
2018110600100037,2018년 11월 6일 05시,화요일,충청남도 예산군 예산읍,경상사고,0,0,2,0,차대차 - 측면충돌,안전운전불이행,젖음/습기,맑음,교차로 - 교차로부근,승용,남,38세,경상,승용,남,54세,경상
2018110600100061,2018년 11월 6일 07시,화요일,충청남도 논산시 내동,중상사고,0,1,2,0,차대차 - 측면충돌,신호위반,건조,맑음,교차로 - 교차로안,승용,남,29세,상해없음,승용,여,44세,중상
2018110600100062,2018년 11월 6일 07시,화요일,충청남도 당진시 합덕읍,경상사고,0,0,2,0,차대차 - 측면충돌,교차로운행방법위반,건조,맑음,교차로 - 교차로안,화물,남,73세,상해없음,화물,남,55세,경상
2018110600100063,2018년 11월 6일 07시,화요일,충청남도 천안시 동남구 신부동,경상사고,0,0,1,0,차대차 - 측면충돌,안전운전불이행,건조,맑음,단일로 - 기타,화물,남,54세,상해없음,승용,남,56세,경상
2018110600100102,2018년 11월 6일 08시,화요일,충청남도 천안시 서북구 성거읍,경상사고,0,0,3,0,차대차 - 추돌,안전거리미확보,건조,맑음,단일로 - 기타,승용,남,37세,상해없음,승용,남,38세,경상
2018110600100144,2018년 11월 6일 09시,화요일,충청남도 천안시 서북구 쌍용동,중상사고,0,1,0,0,차대사람 - 차도통행중,안전운전불이행,건조,맑음,교차로 - 교차로부근,승용,남,23세,상해없음,보행자,여,32세,중상
2018110600100176,2018년 11월 6일 10시,화요일,충청남도 천안시 동남구 목천읍,경상사고,0,0,2,0,차대차 - 측면충돌,안전운전불이행,건조,맑음,교차로 - 교차로안,승용,여,35세,경상,승용,남,51세,경상
2018110600100242,2018년 11월 6일 12시,화요일,충청남도 서산시 부석면,경상사고,0,0,2,0,차대차 - 측면충돌,중앙선침범,건조,맑음,단일로 - 기타,승용,여,57세,경상,승용,남,53세,경상
2018110600100243,2018년 11월 6일 12시,화요일,충청남도 천안시 서북구 성환읍,중상사고,0,1,0,0,차대차 - 추돌,안전거리미확보,건조,맑음,단일로 - 기타,화물,남,25세,상해없음,자전거,남,71세,중상
2018110600100244,2018년 11월 6일 12시,화요일,충청남도 논산시 강경읍,중상사고,0,1,0,0,차대차 - 기타,교차로운행방법위반,건조,맑음,교차로 - 교차로안,승용,여,48세,상해없음,이륜,남,84세,중상
2018110600100245,2018년 11월 6일 12시,화요일,충청남도 천안시 동남구 목천읍,경상사고,0,0,1,0,차대사람 - 기타,안전운전불이행,건조,맑음,단일로 - 기타,승용,남,72세,상해없음,보행자,여,56세,경상
2018110600100361,2018년 11월 6일 16시,화요일,충청남도 계룡시 금암동,경상사고,0,0,1,0,차대차 - 기타,안전운전불이행,건조,맑음,교차로 - 교차로횡단보도내,자전거,남,11세,경상,승용,남,44세,상해없음
2018110600100362,2018년 11월 6일 16시,화요일,충청남도 청양군 운곡면,중상사고,0,1,0,0,차대차 - 측면충돌,안전운전불이행,건조,맑음,단일로 - 기타,화물,남,51세,상해없음,자전거,남,77세,중상