사고번호,사고일시,요일,시군구,사고내용,사망자수,중상자수,경상자수,부상신고자수,사고유형,법규위반,노면상태,기상상태,도로형태,가해운전자 차종,가해운전자 성별,가해운전자 연령,가해운전자 상해정도,피해운전자 차종,피해운전자 성별,피해운전자 연령,피해운전자 상해정도
2018110600100400,2018년 11월 6일 17시,화요일,충청남도 서산시 수석동,중상사고,0,1,0,0,차대차 - 후진중충돌,안전운전불이행,건조,맑음,단일로 - 기타,화물,남,58세,상해없음,승용,여,42세,중상
2018110600100401,2018년 11월 6일 17시,화요일,충청남도 논산시 가야곡면,중상사고,0,1,0,0,차대차 - 추돌,안전운전불이행,건조,맑음,단일로 - 기타,승용,남,34세,상해없음,농기계,남,68세,중상
2018110600100402,2018년 11월 6일 17시,화요일,충청남도 당진시 채운동,경상사고,0,0,2,0,차대차 - 측면충돌,신호위반,건조,맑음,교차로 - 교차로안,승용,여,57세,상해없음,승합,남,62세,경상
2018110600100457,2018년 11월 6일 18시,화요일,충청남도 천안시 서북구 쌍용동,경상사고,0,0,1,0,차대사람 - 횡단중,안전운전불이행,건조,맑음,단일로 - 기타,승용,여,41세,상해없음,보행자,남,13세,경상
2018110600100458,2018년 11월 6일 18시,화요일,충청남도 보령시 천북면,중상사고,0,1,2,0,차대차 - 측면충돌,신호위반,건조,맑음,교차로 - 교차로안,화물,남,48세,중상,화물,남,64세,경상
2018110600100460,2018년 11월 6일 18시,화요일,충청남도 예산군 예산읍,중상사고,0,1,0,0,차대사람 - 보도통행중,기타,건조,맑음,기타 - 기타,승용,남,48세,상해없음,보행자,여,58세,중상
2018110600100553,2018년 11월 6일 20시,화요일,충청남도 홍성군 홍북읍,경상사고,0,0,1,0,차대차 - 추돌,안전운전불이행,건조,맑음,교차로 - 교차로횡단보도내,이륜,남,20세,경상,승용,남,53세,상해없음
2018110600100554,2018년 11월 6일 20시,화요일,충청남도 예산군 예산읍,중상사고,0,3,0,0,차대차 - 측면충돌,신호위반,건조,맑음,교차로 - 교차로안,승용,남,41세,상해없음,승용,남,62세,중상
2018110600100578,2018년 11월 6일 21시,화요일,충청남도 서산시 양대동,중상사고,0,1,0,0,차대사람 - 기타,안전운전불이행,젖음/습기,비,단일로 - 기타,승용,남,26세,상해없음,보행자,남,56세,중상
2018110600100579,2018년 11월 6일 21시,화요일,충청남도 당진시 읍내리,경상사고,0,0,2,0,차대차 - 추돌,안전운전불이행,건조,맑음,단일로 - 기타,승용,남,20세,상해없음,승용,여,45세,경상
2018110700100006,2018년 11월 7일 00시,수요일,충청남도 천안시 서북구 성환읍,중상사고,0,1,0,0,차대차 - 추돌,안전운전불이행,건조,맑음,단일로 - 기타,승용,남,31세,상해없음,화물,남,47세,중상
2018110700100044,2018년 11월 7일 03시,수요일,충청남도 서천군 장항읍,경상사고,0,0,1,0,차대차 - 측면충돌,안전운전불이행,젖음/습기,비,단일로 - 기타,승용,여,47세,경상,승용,여,57세,상해없음
2018110700100057,2018년 11월 7일 05시,수요일,충청남도 천안시 서북구 성정동,중상사고,0,1,0,0,차대사람 - 기타,안전운전불이행,건조,맑음,교차로 - 교차로안,화물,남,58세,기타불명,보행자,남,80세,중상
2018110700100137,2018년 11월 7일 08시,수요일,충청남도 보령시 동대동,경상사고,0,0,1,0,차대차 - 측면충돌,신호위반,젖음/습기,비,단일로 - 기타,승용,여,63세,상해없음,승용,남,70세,경상
2018110700100138,2018년 11월 7일 08시,수요일,충청남도 당진시 읍내리,중상사고,0,1,0,0,차대사람 - 횡단중,안전운전불이행,건조,맑음,단일로 - 기타,승용,여,42세,상해없음,보행자,여,66세,중상
2018110700100200,2018년 11월 7일 10시,수요일,충청남도 천안시 서북구 직산읍,경상사고,0,0,1,0,차대차 - 측면충돌,신호위반,건조,맑음,교차로 - 교차로안,승용,남,60세,상해없음,승용,남,40세,경상
2018110700100202,2018년 11월 7일 10시,수요일,충청남도 예산군 예산읍,중상사고,0,1,0,0,차대차 - 측면충돌,신호위반,건조,흐림,교차로 - 교차로안,화물,남,35세,상해없음,이륜,여,71세,중상
2018110700100203,2018년 11월 7일 10시,수요일,충청남도 천안시 동남구 신부동,경상사고,0,0,1,0,차대차 - 후진중충돌,안전운전불이행,건조,맑음,교차로 - 교차로안,승용,여,47세,상해없음,승용,여,60세,경상
2018110700100231,2018년 11월 7일 11시,수요일,충청남도 당진시 송악읍,중상사고,0,1,1,0,차대차 - 측면충돌,신호위반,건조,맑음,교차로 - 교차로안,화물,남,38세,상해없음,승용,남,21세,경상
2018110700100256,2018년 11월 7일 12시,수요일,충청남도 서산시 해미면,중상사고,0,1,0,0,차대차 - 측면충돌,중앙선침범,건조,맑음,단일로 - 기타,승용,남,46세,상해없음,이륜,남,73세,중상
2018110700100257,2018년 11월 7일 12시,수요일,충청남도 천안시 서북구 두정동,중상사고,0,1,1,0,차대차 - 정면충돌,중앙선침범,건조,맑음,교차로 - 교차로안,승용,여,56세,상해없음,승용,남,34세,중상
2018110700100259,2018년 11월 7일 12시,수요일,충청남도 예산군 예산읍,경상사고,0,0,4,0,차대차 - 측면충돌,안전운전불이행,젖음/습기,비,단일로 - 기타,승용,남,66세,상해없음,승용,남,51세,경상
2018110700100260,2018년 11월 7일 12시,수요일,충청남도 천안시 동남구 봉명동,중상사고,0,1,0,0,차대사람 - 기타,안전운전불이행,건조,맑음,교차로 - 교차로안,승용,여,36세,상해없음,보행자,여,65세,중상
2018110700100295,2018년 11월 7일 13시,수요일,충청남도 천안시 서북구 불당동,경상사고,0,0,1,0,차대차 - 추돌,안전운전불이행,건조,맑음,단일로 - 기타,승용,남,38세,상해없음,승용,남,52세,경상
2018110700100296,2018년 11월 7일 13시,수요일,충청남도 천안시 서북구 백석동,경상사고,0,0,1,0,차대차 - 추돌,안전거리미확보,건조,맑음,교차로 - 교차로부근,승용,남,63세,상해없음,승용,남,54세,상해없음
2018110700100297,2018년 11월 7일 13시,수요일,충청남도 공주시 탄천면,사망사고,1,0,0,0,차대차 - 추돌,안전운전불이행,젖음/습기,안개,단일로 - 기타,화물,남,63세,사망,화물,남,46세,기타불명
2018110700100322,2018년 11월 7일 14시,수요일,충청남도 서산시 고북면,사망사고,1,0,0,0,차량단독 - 도로외이탈 - 기타,안전운전불이행,건조,맑음,단일로 - 기타,농기계,남,73세,사망,,,,
2018110700100356,2018년 11월 7일 15시,수요일,충청남도 예산군 대흥면,중상사고,0,2,0,0,차대차 - 측면충돌,안전운전불이행,젖음/습기,비,단일로 - 기타,승용,남,57세,상해없음,화물,남,63세,중상
2018110700100357,2018년 11월 7일 15시,수요일,충청남도 천안시 동남구 병천면,경상사고,0,0,1,0,차대차 - 후진중충돌,안전운전불이행,건조,맑음,단일로 - 기타,승용,남,19세,상해없음,승용,남,26세,경상
2018110700100358,2018년 11월 7일 15시,수요일,충청남도 천안시 동남구 삼룡동,경상사고,0,0,1,0,차대차 - 추돌,안전운전불이행,젖음/습기,비,단일로 - 기타,승용,남,54세,상해없음,승용,남,36세,경상
2018110700100359,2018년 11월 7일 15시,수요일,충청남도 논산시 가야곡면,경상사고,0,0,3,0,차대차 - 추돌,안전운전불이행,젖음/습기,비,단일로 - 기타,승합,남,54세,상해없음,승용,남,40세,경상
2018110700100394,2018년 11월 7일 16시,수요일,충청남도 아산시 풍기동,중상사고,0,1,0,0,차대사람 - 길가장자리구역통행중,안전운전불이행,건조,맑음,단일로 - 기타,승용,남,49세,상해없음,보행자,여,87세,중상
2018110700100395,2018년 11월 7일 16시,수요일,충청남도 아산시 음봉면,중상사고,0,1,0,0,차대차 - 기타,안전운전불이행,건조,맑음,교차로 - 교차로안,승용,남,34세,상해없음,승용,여,44세,중상
2018110700100441,2018년 11월 7일 17시,수요일,충청남도 천안시 동남구 신부동,중상사고,0,1,0,0,차대사람 - 횡단중,안전운전불이행,건조,맑음,단일로 - 기타,승용,여,47세,상해없음,보행자,남,7세,중상
2018110700100511,2018년 11월 7일 18시,수요일,충청남도 천안시 서북구 백석동,경상사고,0,0,1,0,차대차 - 기타,신호위반,건조,맑음,교차로 - 교차로안,승용,여,36세,상해없음,원동기,남,24세,경상
2018110700100512,2018년 11월 7일 18시,수요일,충청남도 홍성군 홍성읍,경상사고,0,0,1,0,차대사람 - 기타,안전운전불이행,건조,맑음,기타 - 기타,승용,남,58세,상해없음,보행자,여,18세,경상
2018110700100513,2018년 11월 7일 18시,수요일,충청남도 아산시 음봉면,사망사고,1,0,0,0,차대사람 - 횡단중,안전운전불이행,건조,맑음,단일로 - 기타,화물,남,36세,상해없음,보행자,여,78세,사망
2018110700100514,2018년 11월 7일 18시,수요일,충청남도 보령시 신흑동,경상사고,0,0,3,0,차대차 - 측면충돌,신호위반,젖음/습기,비,교차로 - 교차로안,승용,여,49세,상해없음,승용,남,48세,경상
2018110700100515,2018년 11월 7일 18시,수요일,충청남도 부여군 홍산면,중상사고,0,1,0,0,차대차 - 측면충돌,안전운전불이행,젖음/습기,안개,교차로 - 교차로안,승용,남,60세,상해없음,이륜,여,57세,중상
2018110700100583,2018년 11월 7일 19시,수요일,충청남도 홍성군 서부면,사망사고,1,0,1,0,차량단독 - 기타,중앙선침범,젖음/습기,맑음,교차로 - 교차로부근,승합,남,67세,상해없음,,,,
2018110700100584,2018년 11월 7일 19시,수요일,충청남도 홍성군 홍성읍,경상사고,0,0,1,0,차대차 - 측면충돌,안전운전불이행,젖음/습기,흐림,교차로 - 교차로안,승용,남,47세,상해없음,승용,남,34세,경상
2018110700100585,2018년 11월 7일 19시,수요일,충청남도 아산시 모종동,경상사고,0,0,1,0,차대차 - 기타,안전운전불이행,건조,맑음,교차로 - 교차로안,이륜,남,17세,상해없음,승용,남,28세,경상
2018110700100663,2018년 11월 7일 21시,수요일,충청남도 천안시 서북구 쌍용동,중상사고,0,2,0,0,차대차 - 기타,신호위반,건조,맑음,교차로 - 교차로안,승용,남,55세,상해없음,승용,남,63세,중상
2018110700100664,2018년 11월 7일 21시,수요일,충청남도 태안군 안면읍,경상사고,0,0,1,0,차대사람 - 기타,안전운전불이행,건조,맑음,주차장 - 주차장,승용,남,42세,상해없음,보행자,여,42세,경상
2018110700100687,2018년 11월 7일 22시,수요일,충청남도 논산시 상월면,부상신고사고,0,0,0,1,차량단독 - 공작물충돌,안전운전불이행,건조,맑음,단일로 - 교량,승용,남,28세,부상신고,,,,
2018110800100016,2018년 11월 8일 00시,목요일,충청남도 천안시 서북구 불당동,경상사고,0,0,2,0,차대차 - 기타,중앙선침범,건조,맑음,교차로 - 교차로안,승용,남,47세,상해없음,승용,여,45세,경상
2018110800100035,2018년 11월 8일 01시,목요일,충청남도 서천군 기산면,경상사고,0,0,1,0,차량단독 - 공작물충돌,안전운전불이행,건조,맑음,단일로 - 기타,승용,남,43세,경상,,,,
2018110800100129,2018년 11월 8일 07시,목요일,충청남도 천안시 서북구 쌍용동,경상사고,0,0,1,0,차대차 - 정면충돌,안전운전불이행,젖음/습기,비,단일로 - 기타,승용,남,28세,상해없음,승용,여,23세,경상
2018110800100261,2018년 11월 8일 11시,목요일,충청남도 태안군 안면읍,경상사고,0,0,2,0,차대차 - 측면충돌,안전운전불이행,젖음/습기,비,주차장 - 주차장,화물,남,73세,상해없음,승용,여,60세,경상
2018110800100300,2018년 11월 8일 12시,목요일,충청남도 천안시 서북구 성성동,경상사고,0,0,1,0,차대차 - 측면충돌,안전운전불이행,젖음/습기,흐림,단일로 - 기타,화물,남,51세,상해없음,승용,남,29세,경상
2018110800100301,2018년 11월 8일 12시,목요일,충청남도 서천군 장항읍,경상사고,0,0,1,0,차대차 - 정면충돌,직진우회전진행방해,젖음/습기,비,교차로 - 교차로안,승용,남,57세,상해없음,원동기,남,77세,경상
2018110800100303,2018년 11월 8일 12시,목요일,충청남도 부여군 부여읍,중상사고,0,1,0,0,차대차 - 기타,안전운전불이행,젖음/습기,비,교차로 - 교차로부근,승용,남,41세,상해없음,이륜,남,56세,중상
2018110800100304,2018년 11월 8일 12시,목요일,충청남도 당진시 신평면,경상사고,0,0,1,0,차대차 - 측면충돌,신호위반,젖음/습기,비,교차로 - 교차로안,화물,여,57세,상해없음,승용,여,60세,경상
2018110800100355,2018년 11월 8일 14시,목요일,충청남도 논산시 부창동,중상사고,0,1,0,0,차대사람 - 횡단중,보행자보호의무위반,젖음/습기,비,단일로 - 기타,승용,남,67세,상해없음,보행자,여,52세,중상
2018110800100356,2018년 11월 8일 14시,목요일,충청남도 아산시 배방읍,중상사고,0,3,0,0,차대차 - 측면충돌,신호위반,젖음/습기,비,교차로 - 교차로안,승용,남,54세,중상,승용,남,49세,중상
2018110800100381,2018년 11월 8일 15시,목요일,충청남도 천안시 서북구 쌍용동,경상사고,0,0,1,0,차대차 - 측면충돌,신호위반,젖음/습기,비,교차로 - 교차로안,승용,남,22세,상해없음,승용,남,64세,경상
2018110800100382,2018년 11월 8일 15시,목요일,충청남도 천안시 서북구 직산읍,경상사고,0,0,2,0,차대차 - 기타,안전운전불이행,젖음/습기,비,단일로 - 기타,화물,남,26세,상해없음,화물,남,56세,경상
2018110800100383,2018년 11월 8일 15시,목요일,충청남도 논산시 광석면,경상사고,0,0,2,0,차대차 - 기타,안전운전불이행,젖음/습기,비,단일로 - 기타,승용,남,56세,경상,화물,남,40세,경상
2018110800100384,2018년 11월 8일 15시,목요일,충청남도 서천군 종천면,사망사고,1,4,1,0,차량단독 - 도로외이탈 - 추락,안전운전불이행,젖음/습기,비,단일로 - 기타,승합,남,64세,중상,,,,
2018110800100409,2018년 11월 8일 16시,목요일,충청남도 홍성군 홍성읍,경상사고,0,0,1,0,차대차 - 측면충돌,안전운전불이행,건조,맑음,단일로 - 기타,화물,남,53세,상해없음,승용,여,45세,경상
2018110800100411,2018년 11월 8일 16시,목요일,충청남도 천안시 동남구 신부동,경상사고,0,0,2,0,차대차 - 기타,안전운전불이행,젖음/습기,비,교차로 - 교차로안,승용,여,48세,상해없음,화물,남,41세,경상
2018110800100456,2018년 11월 8일 17시,목요일,충청남도 예산군 예산읍,중상사고,0,1,0,0,차대사람 - 횡단중,안전운전불이행,젖음/습기,비,단일로 - 기타,승용,여,25세,상해없음,보행자,여,71세,중상
2018110800100539,2018년 11월 8일 18시,목요일,충청남도 천안시 서북구 불당동,경상사고,0,0,3,0,차대차 - 추돌,안전운전불이행,젖음/습기,비,단일로 - 기타,승용,남,59세,상해없음,승용,남,33세,경상
2018110800100540,2018년 11월 8일 18시,목요일,충청남도 천안시 서북구 백석동,경상사고,0,0,1,0,차대차 - 측면충돌,안전운전불이행,젖음/습기,비,교차로 - 교차로부근,승용,남,40세,상해없음,승용,여,55세,경상
2018110800100701,2018년 11월 8일 20시,목요일,충청남도 계룡시 엄사면,경상사고,0,0,1,0,차대사람 - 보도통행중,기타,젖음/습기,비,단일로 - 기타,개인형이동수단(PM),여,25세,상해없음,보행자,여,74세,경상
2018110800100758,2018년 11월 8일 21시,목요일,충청남도 천안시 서북구 성정동,경상사고,0,0,1,0,차대차 - 추돌,안전운전불이행,젖음/습기,비,교차로 - 교차로부근,승용,남,29세,상해없음,승용,남,29세,경상
2018110800100759,2018년 11월 8일 21시,목요일,충청남도 당진시 송산면,중상사고,0,1,0,0,차대차 - 기타,신호위반,젖음/습기,비,교차로 - 교차로안,승용,남,48세,상해없음,승용,남,41세,중상
2018110800100806,2018년 11월 8일 22시,목요일,충청남도 아산시 용화동,중상사고,0,1,1,0,차대차 - 측면충돌,신호위반,젖음/습기,비,교차로 - 교차로안,승용,남,45세,상해없음,승용,남,50세,경상
2018110800100808,2018년 11월 8일 22시,목요일,충청남도 당진시 신평면,경상사고,0,0,1,0,차대사람 - 기타,안전운전불이행,젖음/습기,비,단일로 - 기타,승용,남,26세,상해없음,보행자,여,19세,경상
2018110800100864,2018년 11월 8일 23시,목요일,충청남도 천안시 서북구 성성동,경상사고,0,0,1,0,차대차 - 추돌,안전운전불이행,젖음/습기,비,교차로 - 교차로부근,승용,남,24세,상해없음,승용,남,22세,경상
2018110800100865,2018년 11월 8일 23시,목요일,충청남도 천안시 서북구 두정동,중상사고,0,1,0,0,차대차 - 추돌,안전운전불이행,젖음/습기,비,교차로 - 교차로부근,승용,남,45세,상해없음,승용,남,22세,중상
2018110900100014,2018년 11월 9일 00시,금요일,충청남도 천안시 서북구 백석동,경상사고,0,0,1,0,차대차 - 측면충돌,신호위반,젖음/습기,흐림,교차로 - 교차로안,승용,남,37세,상해없음,승용,여,51세,경상
2018110900100028,2018년 11월 9일 01시,금요일,충청남도 아산시 방축동,중상사고,0,1,0,0,차대차 - 측면충돌,안전운전불이행,젖음/습기,비,교차로 - 교차로안,승용,남,47세,상해없음,승용,여,58세,중상
2018110900100081,2018년 11월 9일 06시,금요일,충청남도 서산시 대산읍,경상사고,0,0,1,0,차대차 - 추돌,안전운전불이행,건조,맑음,교차로 - 교차로부근,승용,남,51세,상해없음,승용,여,57세,경상
2018110900100082,2018년 11월 9일 06시,금요일,충청남도 천안시 서북구 불당동,경상사고,0,0,3,1,차대차 - 추돌,안전운전불이행,건조,맑음,단일로 - 기타,승용,남,43세,상해없음,승용,남,51세,경상
2018110900100083,2018년 11월 9일 06시,금요일,충청남도 천안시 서북구 성환읍,경상사고,0,0,1,0,차량단독 - 공작물충돌,안전운전불이행,젖음/습기,비,단일로 - 기타,승용,남,32세,경상,,,,
2018110900100105,2018년 11월 9일 07시,금요일,충청남도 보령시 대천동,경상사고,0,0,1,0,차대사람 - 횡단중,안전운전불이행,건조,맑음,단일로 - 기타,이륜,남,70세,상해없음,보행자,여,71세,경상
2018110900100147,2018년 11월 9일 08시,금요일,충청남도 천안시 서북구 백석동,부상신고사고,0,0,0,1,차대차 - 측면충돌,안전운전불이행,건조,맑음,단일로 - 기타,자전거,남,28세,부상신고,승용,남,35세,상해없음
2018110900100148,2018년 11월 9일 08시,금요일,충청남도 예산군 예산읍,경상사고,0,0,1,0,차대차 - 정면충돌,안전운전불이행,건조,맑음,교차로 - 교차로안,이륜,남,73세,경상,승용,남,35세,상해없음
2018110900100189,2018년 11월 9일 09시,금요일,충청남도 서천군 서천읍,중상사고,0,1,0,0,차대사람 - 차도통행중,안전운전불이행,건조,흐림,단일로 - 기타,승용,여,54세,상해없음,보행자,여,63세,중상
2018110900100190,2018년 11월 9일 09시,금요일,충청남도 부여군 부여읍,경상사고,0,0,1,0,차대사람 - 기타,안전운전불이행,건조,흐림,교차로 - 교차로부근,승용,남,87세,상해없음,보행자,여,61세,경상
2018110900100191,2018년 11월 9일 09시,금요일,충청남도 천안시 동남구 신방동,경상사고,0,0,1,0,차대차 - 측면충돌,신호위반,건조,맑음,교차로 - 교차로안,화물,남,55세,상해없음,승용,남,24세,경상
2018110900100228,2018년 11월 9일 10시,금요일,충청남도 천안시 동남구 신부동,부상신고사고,0,0,0,1,차대차 - 측면충돌,안전거리미확보,건조,맑음,교차로 - 교차로안,승합,남,59세,부상신고,화물,남,55세,상해없음
2018110900100229,2018년 11월 9일 10시,금요일,충청남도 태안군 태안읍,경상사고,0,0,1,1,차대차 - 정면충돌,중앙선침범,건조,맑음,단일로 - 기타,화물,남,49세,부상신고,승용,여,55세,경상
2018110900100257,2018년 11월 9일 11시,금요일,충청남도 천안시 서북구 두정동,중상사고,0,1,0,0,차대차 - 측면충돌,안전운전불이행,건조,맑음,교차로 - 교차로부근,이륜,남,16세,중상,승용,남,49세,상해없음
2018110900100292,2018년 11월 9일 12시,금요일,충청남도 천안시 서북구 성정동,경상사고,0,0,2,0,차대차 - 측면충돌,안전운전불이행,건조,맑음,단일로 - 기타,승용,여,53세,상해없음,승합,남,38세,경상
2018110900100293,2018년 11월 9일 12시,금요일,충청남도 논산시 강경읍,경상사고,0,0,1,1,차대차 - 측면충돌,직진우회전진행방해,젖음/습기,비,교차로 - 교차로안,이륜,남,81세,부상신고,승용,남,69세,상해없음
2018110900100324,2018년 11월 9일 13시,금요일,충청남도 서천군 서면,경상사고,0,0,1,0,차대차 - 측면충돌,안전운전불이행,건조,맑음,교차로 - 교차로안,승용,남,62세,상해없음,원동기,남,82세,경상
2018110900100325,2018년 11월 9일 13시,금요일,충청남도 예산군 덕산면,중상사고,0,1,0,0,차대차 - 측면충돌,기타,건조,맑음,교차로 - 교차로안,이륜,남,84세,중상,승용,여,58세,상해없음
2018110900100348,2018년 11월 9일 14시,금요일,충청남도 아산시 온천동,경상사고,0,0,1,0,차대차 - 기타,안전운전불이행,건조,맑음,교차로 - 교차로안,화물,남,59세,상해없음,승용,남,30세,경상
2018110900100349,2018년 11월 9일 14시,금요일,충청남도 공주시 계룡면,중상사고,0,1,1,0,차대차 - 추돌,안전거리미확보,건조,맑음,단일로 - 기타,화물,남,46세,상해없음,승용,여,61세,경상
2018110900100473,2018년 11월 9일 17시,금요일,충청남도 서산시 대산읍,중상사고,0,2,0,0,차대차 - 측면충돌,안전거리미확보,건조,맑음,단일로 - 기타,화물,남,54세,상해없음,이륜,남,29세,중상
2018110900100474,2018년 11월 9일 17시,금요일,충청남도 공주시 신관동,경상사고,0,0,1,0,차대사람 - 횡단중,안전운전불이행,건조,맑음,교차로 - 교차로안,승용,남,48세,상해없음,보행자,여,44세,경상
2018110900100475,2018년 11월 9일 17시,금요일,충청남도 논산시 가야곡면,중상사고,0,1,0,0,차량단독 - 기타,안전운전불이행,건조,맑음,기타 - 기타,승합,남,47세,상해없음,,,,
2018110900100540,2018년 11월 9일 18시,금요일,충청남도 논산시 연무읍,경상사고,0,0,4,0,차대차 - 추돌,안전운전불이행,건조,맑음,교차로 - 교차로부근,승용,남,53세,경상,승용,남,45세,경상
2018110900100546,2018년 11월 9일 18시,금요일,충청남도 홍성군 홍성읍,경상사고,0,0,5,0,차대차 - 추돌,안전운전불이행,건조,맑음,단일로 - 기타,승용,남,29세,상해없음,승용,여,23세,경상
2018110900100649,2018년 11월 9일 20시,금요일,충청남도 공주시 우성면,경상사고,0,0,1,0,차대차 - 측면충돌,신호위반,건조,맑음,단일로 - 기타,승용,남,38세,기타불명,승용,여,34세,경상
2018110900100651,2018년 11월 9일 20시,금요일,충청남도 청양군 장평면,중상사고,0,1,0,0,차량단독 - 공작물충돌,안전운전불이행,건조,맑음,교차로 - 교차로안,승용,남,64세,상해없음,,,,
2018110900100672,2018년 11월 9일 21시,금요일,충청남도 천안시 서북구 성정동,중상사고,0,1,0,1,차대차 - 기타,안전거리미확보,건조,맑음,교차로 - 교차로안,이륜,여,20세,부상신고,이륜,남,55세,중상
2018110900100673,2018년 11월 9일 21시,금요일,충청남도 보령시 대천동,중상사고,0,1,0,0,차대사람 - 횡단중,안전운전불이행,건조,맑음,교차로 - 교차로안,승용,남,66세,상해없음,보행자,여,44세,중상
2018110900100674,2018년 11월 9일 21시,금요일,충청남도 당진시 합덕읍,경상사고,0,0,1,0,차대차 - 측면충돌,중앙선침범,건조,맑음,교차로 - 교차로부근,승용,남,46세,상해없음,승용,남,26세,경상
2018110900100675,2018년 11월 9일 21시,금요일,충청남도 천안시 동남구 신방동,경상사고,0,0,1,0,차대차 - 기타,안전운전불이행,건조,맑음,단일로 - 기타,승용,여,41세,상해없음,승용,남,37세,경상
2018110900100704,2018년 11월 9일 22시,금요일,충청남도 공주시 신관동,경상사고,0,0,1,0,차대차 - 측면충돌,중앙선침범,건조,맑음,기타 - 기타,기타불명,기타불명,미분류,기타불명,승용,남,33세,경상
2018110900100705,2018년 11월 9일 22시,금요일,충청남도 천안시 동남구 신방동,경상사고,0,0,1,0,차대사람 - 보도통행중,안전운전불이행,건조,맑음,기타 - 기타,승용,남,39세,상해없음,보행자,남,36세,경상
2018110900100730,2018년 11월 9일 23시,금요일,충청남도 홍성군 홍성읍,경상사고,0,0,1,0,차대차 - 측면충돌,직진우회전진행방해,건조,맑음,교차로 - 교차로안,승용,남,33세,상해없음,승용,남,34세,상해없음
2018111000100010,2018년 11월 10일 00시,토요일,충청남도 부여군 부여읍,중상사고,0,1,0,0,차대차 - 추돌,안전운전불이행,젖음/습기,안개,단일로 - 기타,화물,남,42세,상해없음,승용,남,42세,중상
2018111000100026,2018년 11월 10일 01시,토요일,충청남도 천안시 서북구 성거읍,중상사고,0,1,0,0,차대차 - 기타,안전운전불이행,건조,맑음,단일로 - 기타,승용,남,34세,중상,화물,남,63세,기타불명
2018111000100027,2018년 11월 10일 01시,토요일,충청남도 천안시 서북구 성정동,경상사고,0,0,1,1,차대차 - 추돌,안전거리미확보,건조,맑음,교차로 - 교차로부근,승용,남,35세,상해없음,승용,남,29세,경상
2018111000100067,2018년 11월 10일 04시,토요일,충청남도 천안시 동남구 신부동,경상사고,0,0,1,0,차대차 - 측면충돌,안전운전불이행,건조,맑음,교차로 - 교차로안,승용,남,41세,상해없음,화물,남,55세,상해없음
2018111000100123,2018년 11월 10일 07시,토요일,충청남도 당진시 송산면,경상사고,0,0,2,0,차대차 - 측면충돌,직진우회전진행방해,건조,맑음,교차로 - 교차로안,승용,여,27세,경상,승용,남,45세,경상
2018111000100140,2018년 11월 10일 08시,토요일,충청남도 공주시 중동,중상사고,0,1,0,0,차량단독 - 기타,기타,건조,맑음,단일로 - 기타,승합,남,53세,상해없음,,,,
2018111000100141,2018년 11월 10일 08시,토요일,충청남도 부여군 부여읍,중상사고,0,1,0,0,차대차 - 추돌,안전운전불이행,젖음/습기,기타,교차로 - 교차로부근,화물,남,37세,중상,화물,남,42세,상해없음
2018111000100193,2018년 11월 10일 10시,토요일,충청남도 아산시 법곡동,부상신고사고,0,0,0,1,차대차 - 기타,안전운전불이행,건조,맑음,교차로 - 교차로횡단보도내,기타불명,기타불명,미분류,기타불명,자전거,남,51세,부상신고
2018111000100194,2018년 11월 10일 10시,토요일,충청남도 서천군 한산면,중상사고,0,1,0,0,차대차 - 측면충돌,안전운전불이행,건조,맑음,교차로 - 교차로부근,화물,여,69세,상해없음,이륜,남,77세,중상
2018111000100225,2018년 11월 10일 11시,토요일,충청남도 서산시 읍내동,중상사고,0,1,0,0,차대차 - 기타,기타,건조,맑음,기타 - 기타,승용,남,72세,상해없음,자전거,남,82세,중상
2018111000100226,2018년 11월 10일 11시,토요일,충청남도 천안시 서북구 성거읍,경상사고,0,0,1,0,차대차 - 기타,안전운전불이행,건조,맑음,단일로 - 기타,승용,여,47세,상해없음,자전거,여,81세,경상
2018111000100227,2018년 11월 10일 11시,토요일,충청남도 아산시 염치읍,사망사고,1,0,1,0,차대차 - 추돌,안전운전불이행,건조,맑음,단일로 - 기타,이륜,남,79세,사망,승용,남,48세,경상
2018111000100228,2018년 11월 10일 11시,토요일,충청남도 공주시 계룡면,중상사고,0,1,2,0,차대차 - 추돌,안전운전불이행,건조,맑음,단일로 - 기타,화물,남,50세,경상,승용,남,30세,중상
2018111000100229,2018년 11월 10일 11시,토요일,충청남도 공주시 계룡면,중상사고,0,1,0,0,차량단독 - 공작물충돌,안전운전불이행,건조,맑음,단일로 - 기타,사륜오토바이(ATV),남,86세,중상,,,,
2018111000100265,2018년 11월 10일 12시,토요일,충청남도 논산시 연무읍,중상사고,0,1,0,0,차대사람 - 횡단중,보행자보호의무위반,건조,맑음,교차로 - 교차로횡단보도내,화물,남,56세,상해없음,보행자,여,80세,중상
2018111000100266,2018년 11월 10일 12시,토요일,충청남도 보령시 대천동,중상사고,0,1,0,0,차대차 - 측면충돌,안전운전불이행,건조,맑음,교차로 - 교차로안,승용,남,59세,상해없음,이륜,남,46세,중상
2018111000100268,2018년 11월 10일 12시,토요일,충청남도 태안군 태안읍,중상사고,0,1,1,0,차대차 - 기타,안전운전불이행,건조,맑음,교차로 - 교차로부근,승용,남,75세,상해없음,승합,남,48세,상해없음