사고번호,사고일시,요일,시군구,사고내용,사망자수,중상자수,경상자수,부상신고자수,사고유형,법규위반,노면상태,기상상태,도로형태,가해운전자 차종,가해운전자 성별,가해운전자 연령,가해운전자 상해정도,피해운전자 차종,피해운전자 성별,피해운전자 연령,피해운전자 상해정도
2018120600100426,2018년 12월 6일 17시,목요일,충청남도 천안시 서북구 불당동,경상사고,0,0,2,0,차대차 - 기타,차로위반,건조,맑음,교차로 - 교차로부근,화물,남,60세,상해없음,승용,남,66세,경상
2018120600100427,2018년 12월 6일 17시,목요일,충청남도 천안시 동남구 성남면,경상사고,0,0,1,0,차대차 - 측면충돌,신호위반,건조,맑음,교차로 - 교차로안,승용,남,56세,경상,건설기계,남,49세,상해없음
2018120600100428,2018년 12월 6일 17시,목요일,충청남도 천안시 동남구 목천읍,경상사고,0,0,1,0,차대차 - 측면충돌,직진우회전진행방해,건조,맑음,교차로 - 교차로부근,승용,남,47세,상해없음,승용,여,61세,경상
2018120600100485,2018년 12월 6일 18시,목요일,충청남도 서산시 예천동,경상사고,0,0,1,0,차대차 - 기타,신호위반,건조,맑음,교차로 - 교차로안,이륜,남,38세,상해없음,이륜,남,17세,경상
2018120600100486,2018년 12월 6일 18시,목요일,충청남도 논산시 내동,경상사고,0,0,1,0,차대차 - 추돌,안전운전불이행,건조,맑음,교차로 - 교차로부근,화물,남,48세,상해없음,승용,여,34세,경상
2018120600100487,2018년 12월 6일 18시,목요일,충청남도 아산시 용화동,중상사고,0,1,0,0,차대차 - 기타,중앙선침범,건조,기타,기타 - 기타,승용,여,44세,상해없음,이륜,남,24세,중상
2018120600100488,2018년 12월 6일 18시,목요일,충청남도 공주시 신관동,사망사고,1,0,0,0,차대사람 - 횡단중,보행자보호의무위반,건조,맑음,단일로 - 기타,승용,남,69세,상해없음,보행자,여,90세 이상,사망
2018120600100544,2018년 12월 6일 19시,목요일,충청남도 논산시 취암동,중상사고,0,1,0,0,차대차 - 기타,신호위반,건조,맑음,단일로 - 기타,화물,남,53세,상해없음,자전거,여,70세,중상
2018120600100546,2018년 12월 6일 19시,목요일,충청남도 공주시 우성면,사망사고,2,0,0,0,차량단독 - 공작물충돌,안전운전불이행,건조,맑음,단일로 - 기타,승용,여,53세,사망,,,,
2018120600100579,2018년 12월 6일 20시,목요일,충청남도 천안시 서북구 백석동,경상사고,0,0,2,0,차대차 - 추돌,안전운전불이행,건조,맑음,교차로 - 교차로부근,승용,남,37세,상해없음,승용,남,34세,경상
2018120600100600,2018년 12월 6일 21시,목요일,충청남도 천안시 서북구 성정동,경상사고,0,0,1,0,차대사람 - 보도통행중,보행자보호의무위반,기타,흐림,교차로 - 교차로안,승용,남,59세,상해없음,보행자,여,25세,경상
2018120600100601,2018년 12월 6일 21시,목요일,충청남도 천안시 서북구 성정동,경상사고,0,0,1,0,차대차 - 추돌,안전거리미확보,건조,맑음,교차로 - 교차로부근,승용,남,54세,상해없음,승용,남,65세,경상
2018120600100641,2018년 12월 6일 23시,목요일,충청남도 서산시 동문동,경상사고,0,0,1,0,차대사람 - 횡단중,보행자보호의무위반,건조,흐림,교차로 - 교차로횡단보도내,승용,여,45세,상해없음,보행자,남,49세,경상
2018120600100642,2018년 12월 6일 23시,목요일,충청남도 천안시 동남구 다가동,중상사고,0,1,0,0,차대차 - 측면충돌,안전운전불이행,젖음/습기,맑음,단일로 - 기타,승용,남,30세,상해없음,승용,여,55세,중상
2018120700100020,2018년 12월 7일 01시,금요일,충청남도 서산시 예천동,중상사고,0,1,1,0,차대차 - 측면충돌,직진우회전진행방해,건조,맑음,교차로 - 교차로안,승용,여,46세,경상,승용,남,34세,중상
2018120700100098,2018년 12월 7일 07시,금요일,충청남도 서산시 대산읍,중상사고,0,5,1,0,차대차 - 추돌,안전운전불이행,건조,맑음,단일로 - 기타,특수,남,49세,상해없음,화물,남,49세,중상
2018120700100134,2018년 12월 7일 08시,금요일,충청남도 천안시 서북구 쌍용동,경상사고,0,0,1,0,차대차 - 측면충돌,안전운전불이행,건조,맑음,교차로 - 교차로안,승용,남,44세,경상,승용,여,51세,상해없음
2018120700100175,2018년 12월 7일 09시,금요일,충청남도 당진시 채운동,중상사고,0,1,0,0,차대차 - 기타,안전거리미확보,건조,맑음,단일로 - 기타,승용,여,36세,상해없음,이륜,남,17세,중상
2018120700100213,2018년 12월 7일 10시,금요일,충청남도 홍성군 홍성읍,중상사고,0,1,0,0,차대사람 - 기타,안전운전불이행,건조,맑음,기타 - 기타,승용,여,51세,상해없음,보행자,여,86세,중상
2018120700100214,2018년 12월 7일 10시,금요일,충청남도 보령시 웅천읍,중상사고,0,1,0,0,차대차 - 측면충돌,직진우회전진행방해,건조,맑음,교차로 - 교차로안,이륜,남,78세,중상,승용,남,35세,상해없음
2018120700100215,2018년 12월 7일 10시,금요일,충청남도 공주시 금흥동,중상사고,0,1,0,0,차대사람 - 기타,안전운전불이행,건조,맑음,주차장 - 주차장,승용,남,82세,상해없음,보행자,남,75세,중상
2018120700100249,2018년 12월 7일 11시,금요일,충청남도 천안시 서북구 쌍용동,경상사고,0,0,1,0,차대차 - 추돌,안전거리미확보,건조,맑음,교차로 - 교차로부근,승용,여,59세,상해없음,이륜,남,27세,경상
2018120700100250,2018년 12월 7일 11시,금요일,충청남도 천안시 서북구 불당동,경상사고,0,0,3,0,차대차 - 기타,안전운전불이행,건조,맑음,교차로 - 교차로안,승용,여,50세,상해없음,승용,여,52세,경상
2018120700100284,2018년 12월 7일 12시,금요일,충청남도 천안시 서북구 성거읍,경상사고,0,0,3,0,차대차 - 측면충돌,안전운전불이행,건조,맑음,단일로 - 기타,승용,여,53세,상해없음,승용,여,53세,경상
2018120700100285,2018년 12월 7일 12시,금요일,충청남도 천안시 서북구 성거읍,경상사고,0,0,2,0,차대차 - 기타,안전거리미확보,건조,맑음,단일로 - 기타,승합,여,60세,경상,승용,남,30세,경상
2018120700100286,2018년 12월 7일 12시,금요일,충청남도 천안시 서북구 성거읍,경상사고,0,0,2,0,차대차 - 추돌,안전거리미확보,건조,맑음,단일로 - 기타,승용,여,62세,상해없음,승용,여,46세,경상
2018120700100309,2018년 12월 7일 13시,금요일,충청남도 서산시 잠홍동,경상사고,0,0,1,0,차대차 - 측면충돌,교차로운행방법위반,건조,맑음,교차로 - 교차로안,승용,남,64세,상해없음,승용,여,50세,경상
2018120700100310,2018년 12월 7일 13시,금요일,충청남도 천안시 서북구 백석동,경상사고,0,0,1,0,차대차 - 기타,안전거리미확보,건조,맑음,단일로 - 기타,승합,남,39세,상해없음,승용,남,41세,경상
2018120700100311,2018년 12월 7일 13시,금요일,충청남도 천안시 동남구 신방동,중상사고,0,1,0,0,차대차 - 측면충돌,직진우회전진행방해,건조,맑음,교차로 - 교차로안,승합,여,29세,상해없음,승용,남,30세,중상
2018120700100344,2018년 12월 7일 14시,금요일,충청남도 논산시 연무읍,중상사고,0,1,0,0,차대차 - 측면충돌,중앙선침범,건조,맑음,단일로 - 기타,승용,여,29세,상해없음,이륜,남,78세,중상
2018120700100345,2018년 12월 7일 14시,금요일,충청남도 예산군 예산읍,중상사고,0,1,0,0,차대차 - 측면충돌,안전운전불이행,건조,맑음,단일로 - 교량,승합,남,60세,상해없음,이륜,남,73세,중상
2018120700100346,2018년 12월 7일 14시,금요일,충청남도 천안시 동남구 원성동,중상사고,0,1,0,0,차대사람 - 횡단중,안전운전불이행,건조,맑음,교차로 - 교차로횡단보도내,승용,남,79세,상해없음,보행자,여,71세,중상
2018120700100378,2018년 12월 7일 15시,금요일,충청남도 논산시 내동,중상사고,0,1,0,0,차대차 - 측면충돌,안전운전불이행,건조,맑음,단일로 - 기타,승용,남,54세,상해없음,이륜,남,28세,중상
2018120700100421,2018년 12월 7일 16시,금요일,충청남도 계룡시 신도안면,중상사고,0,1,0,0,차대사람 - 횡단중,안전운전불이행,건조,맑음,단일로 - 기타,화물,남,33세,상해없음,보행자,남,9세,중상
2018120700100478,2018년 12월 7일 17시,금요일,충청남도 천안시 서북구 두정동,경상사고,0,0,1,0,차대차 - 측면충돌,신호위반,건조,맑음,교차로 - 교차로안,승용,남,48세,상해없음,이륜,남,25세,경상
2018120700100479,2018년 12월 7일 17시,금요일,충청남도 천안시 서북구 쌍용동,경상사고,0,0,1,0,차대차 - 측면충돌,직진우회전진행방해,건조,맑음,교차로 - 교차로안,원동기,남,20세,경상,승용,남,40세,상해없음
2018120700100480,2018년 12월 7일 17시,금요일,충청남도 서천군 장항읍,중상사고,0,1,0,0,차대차 - 측면충돌,직진우회전진행방해,건조,맑음,교차로 - 교차로안,이륜,여,66세,중상,승합,남,51세,상해없음
2018120700100482,2018년 12월 7일 17시,금요일,충청남도 청양군 장평면,경상사고,0,0,1,0,차량단독 - 전도전복 - 전도,기타,건조,맑음,기타 - 기타,이륜,남,67세,경상,미분류,미분류,미분류,미분류
2018120700100483,2018년 12월 7일 17시,금요일,충청남도 천안시 동남구 신부동,중상사고,0,1,2,0,차대차 - 기타,안전운전불이행,건조,맑음,교차로 - 교차로안,화물,남,56세,상해없음,승용,여,46세,경상
2018120700100528,2018년 12월 7일 18시,금요일,충청남도 천안시 서북구 직산읍,경상사고,0,0,1,0,차대차 - 추돌,안전운전불이행,건조,맑음,단일로 - 기타,승용,남,50세,상해없음,승용,남,37세,상해없음
2018120700100529,2018년 12월 7일 18시,금요일,충청남도 청양군 정산면,경상사고,0,0,1,0,차대차 - 측면충돌,중앙선침범,건조,맑음,단일로 - 기타,승용,여,63세,상해없음,승용,남,51세,경상
2018120700100530,2018년 12월 7일 18시,금요일,충청남도 천안시 동남구 사직동,경상사고,0,0,1,0,차량단독 - 기타,안전운전불이행,건조,맑음,단일로 - 기타,승합,남,43세,상해없음,,,,
2018120700100602,2018년 12월 7일 20시,금요일,충청남도 논산시 내동,중상사고,0,1,0,0,차대사람 - 횡단중,보행자보호의무위반,건조,맑음,교차로 - 교차로횡단보도내,이륜,남,27세,상해없음,보행자,남,27세,중상
2018120700100603,2018년 12월 7일 20시,금요일,충청남도 서천군 마서면,경상사고,0,0,1,0,차대차 - 측면충돌,안전운전불이행,건조,맑음,단일로 - 기타,승용,여,48세,상해없음,승용,남,57세,경상
2018120700100642,2018년 12월 7일 21시,금요일,충청남도 공주시 정안면,경상사고,0,0,1,0,차대차 - 측면충돌,안전운전불이행,적설,눈,단일로 - 기타,승용,남,57세,기타불명,화물,남,55세,경상
2018120700100677,2018년 12월 7일 22시,금요일,충청남도 천안시 서북구 백석동,경상사고,0,0,3,0,차대차 - 측면충돌,안전운전불이행,건조,맑음,단일로 - 기타,승용,남,59세,상해없음,승용,남,31세,경상
2018120700100678,2018년 12월 7일 22시,금요일,충청남도 천안시 서북구 두정동,경상사고,0,0,1,0,차대사람 - 기타,기타,건조,맑음,단일로 - 기타,승용,남,59세,상해없음,보행자,여,21세,경상
2018120700100679,2018년 12월 7일 22시,금요일,충청남도 아산시 배방읍,경상사고,0,0,1,0,차대차 - 추돌,안전운전불이행,건조,맑음,교차로 - 교차로부근,승용,남,46세,상해없음,승용,남,34세,경상
2018120700100680,2018년 12월 7일 22시,금요일,충청남도 보령시 내항동,중상사고,0,1,1,0,차대차 - 추돌,안전거리미확보,건조,맑음,미분류 - 미분류,승용,남,42세,상해없음,승용,남,52세,중상
2018120700100681,2018년 12월 7일 22시,금요일,충청남도 천안시 동남구 수신면,중상사고,0,1,2,0,차대차 - 기타,안전운전불이행,건조,맑음,교차로 - 교차로부근,승용,남,36세,상해없음,승용,남,46세,경상
2018120700100706,2018년 12월 7일 23시,금요일,충청남도 논산시 연산면,경상사고,0,0,2,0,차대차 - 측면충돌,안전거리미확보,건조,맑음,단일로 - 기타,화물,남,75세,상해없음,승용,남,46세,경상
2018120800100014,2018년 12월 8일 00시,토요일,충청남도 천안시 서북구 불당동,경상사고,0,0,2,0,차대차 - 측면충돌,안전운전불이행,건조,맑음,단일로 - 지하차도(도로)내,승용,남,27세,상해없음,승용,여,31세,경상
2018120800100053,2018년 12월 8일 02시,토요일,충청남도 당진시 송악읍,경상사고,0,0,1,0,차대차 - 정면충돌,중앙선침범,건조,맑음,단일로 - 기타,승용,남,36세,상해없음,승용,남,30세,경상
2018120800100061,2018년 12월 8일 03시,토요일,충청남도 계룡시 엄사면,경상사고,0,0,4,0,차대차 - 기타,안전운전불이행,건조,맑음,교차로 - 교차로안,승용,남,30세,경상,승용,남,24세,경상
2018120800100076,2018년 12월 8일 04시,토요일,충청남도 당진시 석문면,부상신고사고,0,0,0,1,차량단독 - 공작물충돌,안전운전불이행,건조,맑음,단일로 - 기타,승용,남,17세,부상신고,,,,
2018120800100096,2018년 12월 8일 06시,토요일,충청남도 당진시 송악읍,경상사고,0,0,2,0,차대차 - 추돌,안전운전불이행,건조,맑음,단일로 - 기타,승용,남,48세,상해없음,승용,남,63세,경상
2018120800100123,2018년 12월 8일 08시,토요일,충청남도 아산시 배방읍,경상사고,0,0,1,0,차대차 - 기타,안전운전불이행,건조,맑음,교차로 - 교차로부근,승용,여,57세,상해없음,승용,남,28세,경상
2018120800100172,2018년 12월 8일 10시,토요일,충청남도 공주시 금흥동,경상사고,0,0,7,0,차대차 - 측면충돌,안전운전불이행,건조,맑음,교차로 - 교차로안,승용,여,52세,기타불명,승합,남,52세,경상
2018120800100230,2018년 12월 8일 12시,토요일,충청남도 보령시 내항동,경상사고,0,0,1,0,차대차 - 추돌,안전운전불이행,건조,맑음,단일로 - 기타,승용,남,47세,상해없음,승용,여,53세,경상
2018120800100231,2018년 12월 8일 12시,토요일,충청남도 공주시 유구읍,중상사고,0,1,0,0,차대차 - 측면충돌,중앙선침범,건조,맑음,단일로 - 기타,건설기계,남,58세,기타불명,화물,남,52세,중상
2018120800100232,2018년 12월 8일 12시,토요일,충청남도 부여군 구룡면,중상사고,0,1,0,0,차대차 - 측면충돌,안전운전불이행,건조,맑음,교차로 - 교차로안,승용,남,75세,상해없음,승용,남,58세,중상
2018120800100233,2018년 12월 8일 12시,토요일,충청남도 부여군 세도면,경상사고,0,0,1,0,차대차 - 측면충돌,중앙선침범,건조,맑음,교차로 - 교차로안,원동기,남,81세,경상,승합,남,64세,상해없음
2018120800100293,2018년 12월 8일 14시,토요일,충청남도 서산시 지곡면,경상사고,0,0,2,0,차대차 - 측면충돌,안전거리미확보,건조,맑음,교차로 - 교차로부근,승용,여,72세,경상,승용,남,56세,경상
2018120800100326,2018년 12월 8일 15시,토요일,충청남도 서산시 석림동,중상사고,0,1,3,0,차대차 - 측면충돌,신호위반,건조,맑음,교차로 - 교차로안,승용,여,44세,상해없음,승용,남,43세,경상
2018120800100327,2018년 12월 8일 15시,토요일,충청남도 논산시 양촌면,경상사고,0,0,1,0,차대사람 - 길가장자리구역통행중,안전운전불이행,건조,맑음,단일로 - 기타,승용,남,66세,상해없음,보행자,남,54세,경상
2018120800100367,2018년 12월 8일 16시,토요일,충청남도 보령시 주포면,경상사고,0,0,2,0,차대차 - 측면충돌,신호위반,건조,맑음,교차로 - 교차로안,승용,여,49세,상해없음,화물,남,59세,경상
2018120800100401,2018년 12월 8일 17시,토요일,충청남도 천안시 서북구 불당동,경상사고,0,0,1,0,차대차 - 측면충돌,안전운전불이행,건조,맑음,교차로 - 교차로안,승용,여,42세,상해없음,승용,남,19세,경상
2018120800100402,2018년 12월 8일 17시,토요일,충청남도 천안시 서북구 쌍용동,경상사고,0,0,1,0,차대차 - 측면충돌,교차로운행방법위반,건조,맑음,교차로 - 교차로안,승용,남,72세,상해없음,승용,여,30세,경상
2018120800100403,2018년 12월 8일 17시,토요일,충청남도 공주시 옥룡동,경상사고,0,0,1,0,차대사람 - 횡단중,보행자보호의무위반,건조,맑음,교차로 - 교차로횡단보도내,승용,여,40세,기타불명,보행자,여,17세,경상
2018120800100404,2018년 12월 8일 17시,토요일,충청남도 천안시 동남구 신방동,경상사고,0,0,1,0,차량단독 - 기타,안전운전불이행,건조,맑음,단일로 - 기타,승합,남,47세,상해없음,,,,
2018120800100405,2018년 12월 8일 17시,토요일,충청남도 천안시 동남구 봉명동,경상사고,0,0,2,0,차대차 - 측면충돌,안전운전불이행,건조,맑음,교차로 - 교차로부근,승용,남,50세,경상,승용,여,58세,경상
2018120800100444,2018년 12월 8일 18시,토요일,충청남도 당진시 수청리,중상사고,0,1,0,0,차대차 - 측면충돌,신호위반,건조,맑음,교차로 - 교차로안,승용,남,69세,상해없음,승용,남,31세,중상
2018120800100493,2018년 12월 8일 19시,토요일,충청남도 서천군 시초면,경상사고,0,0,1,0,차량단독 - 기타,안전운전불이행,건조,맑음,교차로 - 교차로부근,승용,남,49세,상해없음,,,,
2018120800100494,2018년 12월 8일 19시,토요일,충청남도 청양군 화성면,중상사고,0,1,0,0,차대차 - 측면충돌,중앙선침범,건조,맑음,단일로 - 기타,화물,남,58세,상해없음,이륜,남,59세,중상
2018120800100495,2018년 12월 8일 19시,토요일,충청남도 태안군 태안읍,중상사고,0,1,0,0,차대차 - 추돌,안전운전불이행,적설,눈,단일로 - 기타,승용,남,33세,상해없음,건설기계,남,53세,상해없음
2018120800100526,2018년 12월 8일 20시,토요일,충청남도 서산시 예천동,부상신고사고,0,0,0,1,차대차 - 측면충돌,신호위반,젖음/습기,눈,교차로 - 교차로횡단보도내,원동기,여,18세,부상신고,승용,남,22세,상해없음
2018120800100527,2018년 12월 8일 20시,토요일,충청남도 천안시 서북구 불당동,경상사고,0,0,2,0,차대차 - 추돌,안전운전불이행,적설,눈,단일로 - 기타,승용,여,25세,상해없음,승용,남,58세,상해없음
2018120800100528,2018년 12월 8일 20시,토요일,충청남도 아산시 배방읍,경상사고,0,0,1,0,차대차 - 기타,안전운전불이행,서리/결빙,눈,단일로 - 기타,승용,여,31세,상해없음,승용,여,56세,상해없음
2018120800100567,2018년 12월 8일 21시,토요일,충청남도 천안시 서북구 두정동,경상사고,0,0,2,0,차대차 - 측면충돌,안전운전불이행,건조,맑음,교차로 - 교차로안,승용,남,22세,상해없음,승용,여,35세,경상
2018120800100568,2018년 12월 8일 21시,토요일,충청남도 아산시 장존동,경상사고,0,0,4,0,차대차 - 정면충돌,중앙선침범,적설,눈,단일로 - 기타,화물,남,54세,상해없음,승용,여,33세,경상
2018120800100570,2018년 12월 8일 21시,토요일,충청남도 예산군 예산읍,경상사고,0,0,1,0,차대사람 - 길가장자리구역통행중,안전운전불이행,적설,흐림,단일로 - 기타,승용,남,39세,기타불명,보행자,여,12세,경상
2018120900100034,2018년 12월 9일 02시,일요일,충청남도 보령시 남곡동,중상사고,0,2,0,0,차량단독 - 도로외이탈 - 추락,안전운전불이행,서리/결빙,눈,단일로 - 기타,승용,남,56세,중상,,,,
2018120900100055,2018년 12월 9일 05시,일요일,충청남도 천안시 서북구 성정동,경상사고,0,0,2,0,차대차 - 추돌,안전운전불이행,건조,맑음,교차로 - 교차로부근,승용,남,32세,상해없음,승용,남,44세,경상
2018120900100063,2018년 12월 9일 06시,일요일,충청남도 아산시 온천동,경상사고,0,0,1,0,차대사람 - 횡단중,보행자보호의무위반,젖음/습기,맑음,교차로 - 교차로안,화물,남,56세,상해없음,보행자,남,56세,경상
2018120900100071,2018년 12월 9일 07시,일요일,충청남도 천안시 서북구 성정동,중상사고,0,1,0,0,차대사람 - 차도통행중,안전운전불이행,건조,맑음,교차로 - 교차로안,승용,여,57세,상해없음,보행자,여,76세,중상
2018120900100120,2018년 12월 9일 11시,일요일,충청남도 천안시 서북구 두정동,경상사고,0,0,1,0,차대차 - 추돌,안전거리미확보,건조,맑음,교차로 - 교차로부근,승용,남,21세,상해없음,승용,남,30세,경상
2018120900100204,2018년 12월 9일 15시,일요일,충청남도 천안시 동남구 삼룡동,경상사고,0,0,3,0,차대차 - 측면충돌,차로위반,건조,맑음,단일로 - 기타,화물,남,68세,상해없음,승용,남,41세,경상
2018120900100247,2018년 12월 9일 17시,일요일,충청남도 천안시 동남구 청당동,중상사고,0,1,0,0,차대차 - 측면충돌,안전운전불이행,건조,맑음,교차로 - 교차로안,승합,남,25세,상해없음,승용,남,47세,중상
2018120900100285,2018년 12월 9일 18시,일요일,충청남도 예산군 예산읍,사망사고,1,0,0,0,차대차 - 정면충돌,직진우회전진행방해,건조,맑음,교차로 - 교차로안,화물,남,60세,상해없음,이륜,남,18세,사망
2018120900100286,2018년 12월 9일 18시,일요일,충청남도 천안시 동남구 신부동,경상사고,0,0,1,0,차대차 - 기타,안전운전불이행,건조,맑음,교차로 - 교차로부근,승용,남,56세,상해없음,이륜,남,40세,경상
2018120900100320,2018년 12월 9일 19시,일요일,충청남도 계룡시 엄사면,경상사고,0,0,1,0,차대차 - 추돌,안전운전불이행,건조,맑음,교차로 - 교차로부근,승용,남,53세,기타불명,승용,남,33세,경상
2018120900100321,2018년 12월 9일 19시,일요일,충청남도 아산시 염치읍,경상사고,0,0,2,0,차대차 - 추돌,안전운전불이행,건조,맑음,교차로 - 교차로부근,기타불명,기타불명,미분류,기타불명,화물,남,39세,경상
2018120900100373,2018년 12월 9일 21시,일요일,충청남도 천안시 서북구 불당동,경상사고,0,0,1,1,차대차 - 추돌,안전운전불이행,건조,맑음,교차로 - 교차로부근,이륜,남,29세,상해없음,승용,남,34세,경상
2018120900100388,2018년 12월 9일 22시,일요일,충청남도 천안시 동남구 원성동,경상사고,0,0,1,0,차대차 - 측면충돌,중앙선침범,건조,맑음,단일로 - 기타,승용,남,55세,상해없음,승용,여,57세,경상
2018121000100011,2018년 12월 10일 01시,월요일,충청남도 천안시 서북구 성정동,경상사고,0,0,2,0,차대차 - 기타,교차로운행방법위반,건조,맑음,교차로 - 교차로안,승용,남,23세,상해없음,승용,남,29세,경상
2018121000100019,2018년 12월 10일 04시,월요일,충청남도 공주시 우성면,중상사고,0,1,1,0,차대차 - 측면충돌,신호위반,건조,맑음,교차로 - 교차로안,승합,남,44세,상해없음,화물,남,29세,경상
2018121000100083,2018년 12월 10일 08시,월요일,충청남도 천안시 동남구 원성동,경상사고,0,0,1,0,차대차 - 추돌,안전운전불이행,건조,맑음,단일로 - 기타,승합,남,31세,상해없음,승용,여,43세,경상
2018121000100118,2018년 12월 10일 09시,월요일,충청남도 천안시 서북구 성정동,경상사고,0,0,1,0,차대차 - 측면충돌,안전거리미확보,건조,맑음,교차로 - 교차로부근,화물,남,66세,상해없음,승용,남,47세,경상
2018121000100159,2018년 12월 10일 10시,월요일,충청남도 천안시 서북구 쌍용동,경상사고,0,0,1,0,차대차 - 측면충돌,안전거리미확보,건조,맑음,단일로 - 기타,기타불명,기타불명,미분류,기타불명,승합,남,53세,상해없음
2018121000100160,2018년 12월 10일 10시,월요일,충청남도 예산군 예산읍,경상사고,0,0,1,0,차대차 - 정면충돌,중앙선침범,건조,맑음,교차로 - 교차로부근,승용,남,53세,상해없음,화물,여,60세,경상
2018121000100161,2018년 12월 10일 10시,월요일,충청남도 당진시 송악읍,경상사고,0,0,1,0,차대차 - 추돌,직진우회전진행방해,건조,맑음,교차로 - 교차로안,승용,여,44세,상해없음,승용,여,61세,경상
2018121000100197,2018년 12월 10일 11시,월요일,충청남도 서산시 성연면,중상사고,0,5,2,0,차대차 - 추돌,안전운전불이행,건조,맑음,단일로 - 기타,화물,남,45세,상해없음,승합,남,34세,중상
2018121000100198,2018년 12월 10일 11시,월요일,충청남도 아산시 배방읍,경상사고,0,0,1,0,차대차 - 측면충돌,중앙선침범,건조,맑음,단일로 - 기타,승용,남,52세,상해없음,이륜,남,20세,경상
2018121000100199,2018년 12월 10일 11시,월요일,충청남도 공주시 계룡면,경상사고,0,0,2,0,차대차 - 정면충돌,중앙선침범,건조,맑음,단일로 - 기타,화물,남,53세,경상,건설기계,남,62세,경상
2018121000100200,2018년 12월 10일 11시,월요일,충청남도 천안시 동남구 구성동,경상사고,0,0,1,0,차대차 - 측면충돌,안전운전불이행,건조,맑음,기타 - 기타,승용,남,61세,상해없음,승용,남,40세,경상
2018121000100229,2018년 12월 10일 12시,월요일,충청남도 홍성군 갈산면,경상사고,0,0,1,0,차대차 - 측면충돌,신호위반,건조,맑음,교차로 - 교차로안,승용,여,57세,상해없음,승용,여,58세,경상
2018121000100230,2018년 12월 10일 12시,월요일,충청남도 예산군 예산읍,중상사고,0,1,0,0,차대사람 - 횡단중,보행자보호의무위반,건조,맑음,교차로 - 교차로안,승용,남,78세,상해없음,보행자,여,41세,중상
2018121000100262,2018년 12월 10일 13시,월요일,충청남도 금산군 남일면,경상사고,0,0,1,0,차대차 - 추돌,안전운전불이행,건조,맑음,교차로 - 교차로안,승합,남,78세,상해없음,이륜,남,66세,경상
2018121000100362,2018년 12월 10일 16시,월요일,충청남도 천안시 서북구 불당동,경상사고,0,0,1,0,차대사람 - 횡단중,보행자보호의무위반,건조,맑음,단일로 - 기타,승용,여,50세,상해없음,보행자,여,16세,경상
2018121000100363,2018년 12월 10일 16시,월요일,충청남도 홍성군 홍북읍,중상사고,0,1,0,0,차대사람 - 기타,보행자보호의무위반,건조,맑음,단일로 - 기타,승용,여,34세,상해없음,보행자,남,6세,중상
2018121000100364,2018년 12월 10일 16시,월요일,충청남도 아산시 방축동,경상사고,0,0,1,0,차대차 - 기타,안전운전불이행,건조,맑음,교차로 - 교차로부근,승용,남,34세,상해없음,승용,여,46세,경상
2018121000100365,2018년 12월 10일 16시,월요일,충청남도 부여군 구룡면,중상사고,0,1,1,0,차대차 - 측면충돌,안전운전불이행,건조,맑음,교차로 - 교차로안,승용,여,66세,상해없음,화물,남,64세,경상
2018121000100399,2018년 12월 10일 17시,월요일,충청남도 천안시 서북구 쌍용동,경상사고,0,0,2,0,차량단독 - 기타,안전운전불이행,건조,맑음,단일로 - 지하차도(도로)내,승합,남,55세,상해없음,,,,
2018121000100401,2018년 12월 10일 17시,월요일,충청남도 아산시 배방읍,경상사고,0,0,1,0,차대차 - 측면충돌,신호위반,건조,맑음,단일로 - 기타,승용,여,38세,상해없음,자전거,남,10세,경상
2018121000100506,2018년 12월 10일 19시,월요일,충청남도 서산시 예천동,경상사고,0,0,1,0,차대차 - 측면충돌,안전거리미확보,건조,맑음,단일로 - 기타,승용,남,36세,상해없음,이륜,남,21세,경상
2018121000100507,2018년 12월 10일 19시,월요일,충청남도 천안시 서북구 불당동,경상사고,0,0,1,0,차대차 - 측면충돌,신호위반,건조,맑음,교차로 - 교차로횡단보도내,화물,남,65세,상해없음,자전거,남,14세,경상
2018121000100508,2018년 12월 10일 19시,월요일,충청남도 아산시 둔포면,경상사고,0,0,1,0,차대차 - 측면충돌,신호위반,건조,맑음,교차로 - 교차로안,승용,남,34세,상해없음,승용,남,35세,경상
2018121000100509,2018년 12월 10일 19시,월요일,충청남도 천안시 동남구 신부동,경상사고,0,0,1,0,차대차 - 측면충돌,안전운전불이행,건조,맑음,단일로 - 기타,이륜,남,56세,상해없음,승용,남,28세,경상
2018121000100539,2018년 12월 10일 20시,월요일,충청남도 천안시 서북구 성환읍,중상사고,0,1,1,0,차대차 - 정면충돌,안전거리미확보,기타,맑음,단일로 - 기타,승용,남,39세,상해없음,승용,남,38세,중상
2018121000100565,2018년 12월 10일 21시,월요일,충청남도 천안시 서북구 불당동,경상사고,0,0,1,0,차대차 - 측면충돌,신호위반,건조,맑음,교차로 - 교차로안,승용,여,43세,상해없음,승용,남,39세,경상
2018121000100588,2018년 12월 10일 22시,월요일,충청남도 천안시 서북구 성거읍,경상사고,0,0,1,0,차대차 - 정면충돌,교차로운행방법위반,건조,맑음,교차로 - 교차로안,화물,남,36세,상해없음,이륜,남,57세,경상
2018121000100589,2018년 12월 10일 22시,월요일,충청남도 당진시 송악읍,중상사고,0,1,0,0,차대차 - 추돌,중앙선침범,건조,맑음,단일로 - 기타,승용,남,23세,상해없음,승용,남,30세,중상